State,District,Name,Cluster,Cluster_Label,PC1,PC2,Anomaly_Flag,Anomaly_Score,Sex_Ratio,Child_Pop_Pct,SC_Pop_Pct,ST_Pop_Pct,Literacy_Rate,Female_Literacy_Rate,Gender_Literacy_Gap,Worker_Participation,Female_Worker_Part,Agri_Worker_Pct,Main_Worker_Pct
01,001,Kupwara,2,Cluster 2,-1.9169,-3.4899,-1,-0.0195,835.4541428541302,21.69209310234686,0.1204107753856476,8.0831477766518,64.50739190910213,50.94810363030943,24.727449106819684,26.31848650089504,9.63363657475187,10.6603394684455,54.0621834945692
01,002,Badgam,2,Cluster 2,-2.2221,-2.7226,1,0.033,893.636585175899,20.59078335511347,0.0488228777636999,3.1724256877325887,56.07767528815808,44.84506805225404,21.457860892821472,28.50645775428029,14.69986280727796,21.284428434466133,61.43503392812264
01,003,Leh(Ladakh),0,Cluster 0,-0.0981,1.6159,-1,-0.0182,690.329361411151,9.001625626465499,0.3655786705821541,71.80998898769168,77.19537996723498,63.55754612318692,22.75645033271099,56.24442829638841,40.01394086139849,15.6741565550953,76.08652219661957
01,004,Kargil,2,Cluster 2,-1.2117,-0.7888,-1,-0.0223,810.1433438323584,14.153208051022004,0.0127839093194698,86.88512947259271,71.34371328821749,56.3037222337164,26.85016141199232,36.84109600715899,19.09643429550756,4.54571742525013,55.79203053611705
01,005,Punch,2,Cluster 2,-1.9764,-1.5893,1,0.0384,892.9610677295266,17.75750521668921,0.1166021789507901,36.93122358887246,66.7389159044372,53.18576177734533,25.655843505374804,33.84671846655552,19.434861471707507,14.758384812228536,45.38424838747653
01,006,Rajouri,2,Cluster 2,-1.9197,-0.1862,1,0.0667,860.1799328798816,16.853747188343984,7.496244639368632,36.24059214059447,68.16682392763,56.57014146586508,21.560384117149184,45.28412319139497,35.73640696954192,16.928830711692882,44.816645583544165
01,007,Kathua,2,Cluster 2,0.5831,-2.0848,1,0.1269,890.2728842196934,13.616358577952258,22.909795842221808,8.647627081525222,73.09009031002876,63.71544228718238,17.810981666349143,32.51453924582478,13.39287559502077,28.2107059287236,71.26991333675929
01,008,Baramula,2,Cluster 2,-0.9898,-2.4665,1,0.0674,885.1258478530407,16.326848465188352,0.1464229062566031,3.740430677781316,64.63261952580923,52.3815880275837,23.14729560457673,30.17740385044626,11.539891740227253,16.52629848783695,61.7879684418146
01,009,Bandipore,2,Cluster 2,-2.262,-1.2648,1,0.0589,888.6363636363636,15.744253401048358,0.0999408513328846,19.21668808256338,56.27575814426377,44.33958015684609,22.535801900866765,38.068541067531456,25.974793012267543,13.528935084417714,50.34456893722751
01,010,Srinagar,1,Cluster 1,1.2317,-1.5977,1,0.0718,899.5291219491219,12.798859017697678,0.0863498511111883,0.7224119098112997,69.40786942214812,61.8459424323934,14.403688899210351,32.92193181110727,12.64066381540195,3.2208709490456497,81.17798166940086
01,011,Ganderbal,2,Cluster 2,-2.0788,-1.9514,1,0.0455,874.0297379032259,17.009473988555907,0.039334870867317,20.53145781082953,58.04125548911898,45.70608286856736,23.144868401185832,33.91876172481727,19.88452056571948,10.671027852116168,52.48191099216969
01,012,Pulwama,2,Cluster 2,-1.5306,-1.9458,1,0.0775,912.3467911445964,17.374562843480124,0.0717293555063878,4.033794875455,63.48079971321583,51.79809708111595,22.55707116305701,33.62001284704875,18.69726527437017,13.697059760110392,52.17386689311113
01,013,Shupiyan,2,Cluster 2,-1.3618,-1.2384,1,0.0987,950.5788393903867,15.60655860864339,0.0161523580564581,8.196382623067821,60.75631598625528,50.89793217235221,19.36763503267757,32.95118607140845,18.337380043935717,37.55543142463036,62.36021021192188
01,014,Anantnag,2,Cluster 2,-2.1041,-1.2868,1,0.0476,927.0374995310548,19.33248786493272,0.1692790898606831,10.754320973920263,62.69373007536597,52.19099996459467,20.468572835631093,36.12560397221821,28.068025244495832,14.456328717627615,45.37009474343314
01,015,Kulgam,2,Cluster 2,-2.1284,-0.9695,1,0.0783,950.5698005698006,16.84425524697102,0.0049471945872979,6.24877792514659,59.23389861239383,48.49242026417991,21.10038071082719,37.69055533437146,27.879804508297763,22.25201575098444,48.635539721232576
01,016,Doda,2,Cluster 2,-2.1436,-1.7969,1,0.0914,918.8077194920452,17.378322469848953,13.02837516100074,9.566371336013429,64.68425963105557,49.69397901393924,28.720312276315823,37.057491901174814,25.86311419037673,18.423166043498867,52.25196166201484
01,017,Ramban,2,Cluster 2,-3.1832,-2.7534,1,0.0186,902.4287208647372,19.41821488617018,4.906366645166066,14.01839182554201,54.26666841628722,38.040401798102,30.78381588219872,30.739514932343603,13.921727435522104,28.841214511764434,59.68330046323901
01,018,Kishtwar,2,Cluster 2,-2.7476,-1.6141,1,0.0757,919.8269046727416,17.077019107396747,6.201667995977391,16.53648090994209,56.19759539989545,42.35815486716004,26.558242620952623,35.96681346880744,23.699233699143228,27.470050859305324,53.89399088871213
01,019,Udhampur,2,Cluster 2,-0.9709,-1.0328,1,0.1132,869.9963609898108,15.195365640512806,24.96806219987928,10.146039983062604,68.49079895379398,57.10292260673828,21.261968043489222,43.90605151490581,30.916611477105043,25.257313109425784,62.56032699694671
01,020,Reasi,2,Cluster 2,-2.6997,-0.0831,1,0.1068,890.3346729864653,17.732714266192513,11.999033899328497,28.082067709674035,58.15396263732868,46.593846204500935,21.78265144439048,46.00641312879965,37.79334170006612,34.570723990964794,61.1064676341984
01,021,Jammu,1,Cluster 1,2.7667,-1.7685,1,0.1072,879.9686909037737,10.939058457813877,24.705972320808804,4.522542448877682,83.45363075602069,77.13499352041072,11.948368609210036,33.24418055920489,12.730245749067567,12.614279366602313,80.67759554246572
01,022,Samba,1,Cluster 1,2.3311,-2.575,1,0.0742,885.5869066483764,12.125820795364035,28.79760926691293,5.510539420128066,81.41163120162439,73.64161936736875,14.77323404575452,29.01429297142033,7.0599703553353725,16.61587013380023,80.1169401033223
02,023,Chamba,3,Cluster 3,-1.4701,1.6494,1,0.0188,986.3768559620388,13.55455806426755,21.516914541111195,26.103876088464204,72.17001210106056,61.66633098355153,20.920133045991832,56.64541111196733,52.46896337678461,18.572278810345708,40.68631285391195
02,024,Kangra,1,Cluster 1,1.623,0.5821,1,0.0619,1011.8479971116094,10.900584408059204,21.15027399301359,5.5999867556247205,85.66833250586413,80.01503036837588,11.475201207395417,44.71102428687317,35.73663171311048,11.929736214582991,46.49421627145756
02,025,Lahul & Spiti,0,Cluster 0,-0.5759,4.1353,1,0.0031,902.82131661442,9.90051957926752,7.080851603092131,81.44405018375365,76.81353071486339,66.83597251269794,18.852686048195025,61.129768090229376,56.97115384615385,47.36978491837264,78.72505830526043
02,026,Kullu,3,Cluster 3,-0.0216,2.5379,1,0.0378,942.3336231215512,11.51647739339534,28.01054114724037,3.841490010344757,79.40496345542387,70.91254854123275,16.47386914131249,61.44831161238905,56.60364036883799,51.907582762260105,72.0503634552779
02,027,Mandi,3,Cluster 3,0.2534,1.9524,1,0.0015,1007.3223374459157,11.209899807657107,29.38045184076049,1.2789852137026558,81.5303091236596,73.65773759048835,15.89817841095848,57.27987341177082,54.8535813375004,26.74327842688036,49.619065746301104
02,028,Hamirpur,3,Cluster 3,1.4675,2.3803,-1,-0.0065,1095.0292532362832,10.675333356788515,24.02455757661049,0.6693522851212047,88.15198660824184,82.62407386723258,11.73541773968256,53.1987738803082,51.8334188760528,23.746026759695944,52.14420640595873
02,029,Una,1,Cluster 1,2.1448,0.0186,1,0.1108,976.4460051878708,11.36494024057271,22.1598202516247,1.650315730093462,86.52926124924775,81.11433556241053,10.77712548256558,41.31948508460722,28.636676104256235,19.845736628495537,62.44926769013588
02,030,Bilaspur,3,Cluster 3,0.9634,1.5924,1,0.0432,981.469569006661,10.984511304967064,25.916335913037106,2.799537119458786,84.59411764705882,77.97129695251594,13.192869909447964,53.89914021510332,49.858344961732,20.268031922903177,50.22854117384187
02,031,Solan,3,Cluster 3,1.4217,0.7253,1,0.0903,879.5545968635224,11.741280672732286,28.352633030052388,4.419113592500689,83.67673273029366,76.97283473944165,12.5833641831222,51.4779776674938,40.04035851321594,28.730957330360816,73.38729384040143
02,032,Sirmaur,3,Cluster 3,0.3317,0.9735,1,0.096,917.7564072402448,13.139443810098989,30.33754517745421,2.125487161581942,78.79561528349647,71.35917256297346,14.24965740763217,52.86031083975805,43.65096266849656,43.53887954642017,69.23162062674278
02,033,Shimla,3,Cluster 3,1.3828,1.4233,1,0.0837,915.1419046252228,10.020024324025504,26.5079053082886,1.0755396125354726,83.6432993012454,77.13239351254921,12.462367412860344,52.93866168720286,44.29584724825244,40.37746620069339,72.34884875825549
02,034,Kinnaur,3,Cluster 3,-0.0209,3.8034,-1,-0.0108,818.8717593893922,9.802546332069282,17.53426611666528,57.94748041511632,79.99868204283361,70.95725181812807,16.314740381448615,66.89530557173595,59.17300380228136,49.13368755886482,83.13400742807386
03,035,Gurdaspur,1,Cluster 1,2.5406,-1.6855,1,0.1198,895.3412330521509,11.033218568495377,25.2608532395142,0.0,79.94736749441495,74.84743480463007,9.715375670179782,32.94306326830476,11.005373462060632,27.381798298328707,82.65045473876624
03,036,Kapurthala,1,Cluster 1,2.7047,-1.5492,1,0.0964,912.1439512468596,10.55303937347884,33.94478193452147,0.0,79.0746122502719,74.62995083212684,8.52082558253592,34.859685365470675,12.498939198728582,30.240529269966395,87.3464360494783
03,037,Jalandhar,1,Cluster 1,3.3471,-1.6719,1,0.0665,915.4461492249028,10.316513113207115,38.95185517804148,0.0,82.47582458694406,78.48352331364411,7.666401867254123,35.30614198642408,12.875877902933958,17.278093978865602,89.04027518102656
03,038,Hoshiarpur,1,Cluster 1,3.208,-1.636,1,0.0764,961.0793800684006,10.609375246198692,35.13772945718112,0.0,84.5874691707079,80.30855576061768,8.443171131033012,31.5022138186402,11.229371579077329,26.424207017698297,82.23147440488813
03,039,Shahid Bhagat Singh Nagar,1,Cluster 1,2.6688,-1.8986,1,0.0709,954.4449090462224,10.243014159494374,42.50853325929676,0.0,79.77914485499217,73.93184903812624,11.476685565624294,33.370188303310414,11.396265789130457,27.82032897924426,84.91550391770136
03,040,Fatehgarh Sahib,1,Cluster 1,2.7855,-1.6567,1,0.093,870.8614535762714,10.54230267444011,32.07345337849884,0.0,79.35171319371493,74.80404253365118,8.523530732655914,35.78744441093503,11.456573408550728,28.14701349734383,89.78597002556069
03,041,Ludhiana,1,Cluster 1,3.053,-1.3824,1,0.1067,873.1711260638093,10.9786411618586,26.39116550277114,0.0,82.20010434643015,77.88264177454103,8.094361970687146,36.722430567127184,14.177370728109176,16.589768855141024,88.62348247461516
03,042,Moga,1,Cluster 1,1.7355,-1.601,1,0.0937,893.3411925768178,10.779455804994448,36.496958059585474,0.0,70.6755889735595,66.48039906326753,7.959935305178476,36.07064452179572,14.21653974024426,42.00605837871549,84.88412237034068
03,043,Firozpur,2,Cluster 2,0.8075,-1.9087,1,0.0983,893.434063960091,12.227400282099126,42.17322778765092,0.0,68.92369387261219,61.68898824516715,13.746456289131771,37.29262708013606,16.741467062584796,42.89971520890187,81.71879026556275
03,044,Muktsar,2,Cluster 2,0.7677,-1.8668,1,0.0678,896.2453376841273,11.57772071280946,42.30576474449382,0.0,65.81355951331513,59.240382711976245,12.522532897600392,37.18011832849907,14.691724102337933,49.887273876764695,85.64948736453482
03,045,Faridkot,1,Cluster 1,1.4487,-1.9208,1,0.0856,890.3055367632878,11.224308025159187,38.91900995614632,0.0,69.55255136383454,63.91149895744845,10.6923452149204,35.878887399029644,12.552048054408482,41.16539911083027,85.94479925977748
03,046,Bathinda,1,Cluster 1,1.0002,-1.3904,1,0.1055,868.313515797292,10.88529194648998,32.44255594965881,0.0,68.27878258901873,61.94147808989155,11.851413770629804,39.609369654849566,18.1300052066546,40.467939183906495,82.30718600109822
03,047,Mansa,3,Cluster 3,0.0251,-0.8791,1,0.0859,883.2658074239355,11.011742758372511,33.63139508750233,0.0,61.83465987725333,55.67761364376476,11.632725477196203,42.67769707346921,27.08250812284118,45.4455240600039,75.24078268069356
03,048,Patiala,1,Cluster 1,2.1224,-1.6006,1,0.1233,890.9171070560049,11.230340889788708,24.548316546094657,0.0,75.27902999416447,69.79988419834989,10.399528166795804,34.829977116463375,12.383615998853514,26.36827222926483,86.38793094308818
03,049,Amritsar,1,Cluster 1,2.3608,-1.4806,1,0.1076,889.1390222146711,11.314087533565456,30.95023961558721,0.0,76.27324670950323,71.95502697156596,8.194055075103577,36.851977952796375,15.582112317530076,22.54057281316459,85.77097060976885
03,050,Tarn Taran,1,Cluster 1,0.9892,-1.9446,1,0.1068,899.7045993257195,12.256135302203324,33.713727875444235,0.0,67.80937374033493,61.85407446783528,11.382602724389422,34.00257407154347,12.64723964560648,44.91702171252056,83.08598326249927
03,051,Rupnagar,1,Cluster 1,2.6737,-1.4167,1,0.1214,915.1209141642308,10.651931635766628,26.423877527471163,0.0,82.18574107284441,76.42176379155191,11.075919452095462,34.13187034691884,14.29532129778506,23.86081583046612,83.11037504921343
03,052,Sahibzada Ajit Singh Nagar,1,Cluster 1,3.0346,-1.2473,1,0.1117,879.3053605742433,11.626859489175851,21.739886671197677,0.0,83.7984536692363,79.17578701650025,8.711102112979106,35.791773406741015,15.606338973945745,15.645725361311255,88.83158471326844
03,053,Sangrur,1,Cluster 1,1.4002,-1.8293,1,0.1034,885.0960503582455,10.955618429296344,27.88893460426096,0.0,67.99112519379713,62.1678022562011,11.010667548104834,34.36253337272508,10.76112412177986,39.11628495775005,87.87428044968159
03,054,Barnala,1,Cluster 1,1.5976,-1.7681,1,0.086,875.5456314838027,10.912519499535705,32.24051974133834,0.0,67.82353828175067,63.56913856712474,7.996744886194236,35.15054733034774,11.211309149116024,43.24490878083036,89.06182075277908
04,055,Chandigarh,1,Cluster 1,3.541,-1.3044,1,0.0569,817.6636017793454,11.315931593159316,18.86266521388981,0.0,86.04959744277876,81.18905008248008,8.797742330215442,38.29039746079872,16.002333678049315,0.8821287883286814,95.49483342241226
05,056,Uttarkashi,3,Cluster 3,-0.9483,0.8321,1,0.0917,957.8402937181564,14.028768260392749,24.407881582375506,1.0639651484764576,75.80758266115534,62.354410213352274,26.43270067620129,47.64697684845768,45.21112893138232,63.0897276126046,81.61893740939496
05,057,Chamoli,3,Cluster 3,0.1287,1.0381,1,0.1121,1018.6761241500894,13.3197992875474,20.254337917033745,3.130705685576027,82.65163031310024,72.3214801631785,21.07504109513069,46.20472159446381,44.07987288350016,39.06488338675804,63.62053719465016
05,058,Rudraprayag,3,Cluster 3,-0.1827,1.7409,1,0.057,1114.3827068915864,13.226572012299563,19.67889056276699,0.1593165074189487,81.30413481799286,70.35466289687304,23.546079692575237,46.65249602740575,47.52928830973563,51.66943874301083,69.84747682072333
05,059,Tehri Garhwal,3,Cluster 3,-0.7739,0.9107,1,0.0813,1077.047243830247,13.67793825159832,16.501031617417773,0.1413727863041276,76.36418766400762,64.28403613814511,25.474876363039,45.31070507051675,43.503092430167165,36.05201788605131,59.16089601414909
05,060,Dehradun,1,Cluster 1,2.7229,-1.0451,1,0.1217,901.6990604114104,11.88499517296578,13.49100073436931,6.581210283056343,84.24552621264152,78.53701227048333,10.865663637559535,34.347265918309375,15.40519207701726,13.864350822282622,83.76592400406336
05,061,Garhwal,3,Cluster 3,0.7053,0.5318,1,0.0795,1102.8458306943387,12.207848141417289,17.80389395158533,0.3222891697743685,82.02081641447205,72.59635179478222,20.109483960980327,39.88994152233981,35.173204010631395,28.96458898713123,59.980959467740526
05,062,Pithoragarh,3,Cluster 3,0.3114,0.8092,1,0.1102,1020.1708273089685,13.092241213472642,24.90034937189594,4.0408407265446105,82.24521951892913,72.29117310251144,20.455326092902663,44.78124437622947,42.17004665489713,41.29197653471292,67.199870663772
05,063,Bageshwar,3,Cluster 3,-0.4046,1.2984,1,0.052,1090.4557373357145,13.682290744830665,27.726646607515253,0.7626068688485482,80.00561652506487,69.03387788459108,23.298133436127927,47.57173968249082,47.8933703124539,45.93167149258319,63.15614940390495
05,064,Almora,3,Cluster 3,-0.0844,1.7071,1,0.046,1138.6005957104724,12.86445431851259,24.255991106913022,0.2057811490973581,80.47154993141896,69.92577171817143,22.9353519782469,47.90491979193775,46.99434261145056,45.65693418418502,67.4280962137547
05,065,Champawat,2,Cluster 2,-0.0177,-0.5552,1,0.1272,980.1563393708292,14.260845452304656,18.24893702243037,0.5156981759921124,79.83379750247059,68.04810310890609,23.5610169442553,38.34653068770027,30.452915042443763,34.09898961492879,62.97129542213206
05,066,Nainital,1,Cluster 1,1.8019,-0.3113,1,0.1365,933.7061900151116,13.01815934339334,20.02985528045632,0.7851414983160575,83.88200878442746,77.29301200983075,12.773035350959674,39.40697985030457,25.87023445618617,32.12256865710921,78.79823808219979
05,067,Udham Singh Nagar,2,Cluster 2,0.5019,-1.0862,1,0.1488,920.0449939041644,13.89785445102256,14.449858148028202,7.461753336462689,73.10063814501247,64.44918461836384,16.641215546384373,35.86980912146386,18.589604856989897,34.200230616544204,76.21200490990063
05,068,Hardwar,1,Cluster 1,1.034,-2.4497,1,0.113,880.4649381524827,15.112657385493822,21.755671484991183,0.3344755827005822,73.43009318084238,64.7869165667696,16.257881246438814,30.581584429296736,9.073387208841217,28.35098534735808,85.6485061085828
06,069,Panchkula,1,Cluster 1,2.5447,-1.1094,1,0.1245,872.9807560756676,11.81236894099873,18.142039897166008,0.0,81.88391304084317,75.98951904545356,11.047770425042016,37.67711337928675,17.81785378458339,13.347897427167709,86.45350129327262
06,070,Ambala,1,Cluster 1,2.6234,-1.8729,1,0.1067,884.6573342709156,11.316435503168345,26.2547968272256,0.0,81.74846426512076,75.50005396836819,11.838300551646498,32.98081269109762,9.821447114776443,24.46558947060104,85.84829861960182
06,071,Yamunanagar,1,Cluster 1,2.1537,-2.0891,1,0.1055,877.4875602658345,12.089309465864496,25.26286747295556,0.0,77.98805713985925,71.37705526541087,12.460493845082212,32.05661317487574,8.262744344804375,29.00550569967089,87.10052847523207
06,072,Kurukshetra,1,Cluster 1,1.5062,-1.4539,1,0.1384,887.8675319388778,12.12423094266862,22.301029901882018,0.0,76.31172894120311,68.83692979787654,14.186246874999227,34.9119633444081,15.0379453313907,37.45442128392422,84.8934022210345
06,073,Kaithal,2,Cluster 2,0.1505,-1.8132,1,0.146,881.4331973737442,12.975191379721196,23.0393817764804,0.0,69.15406921086607,59.23833281080319,18.73759418189001,34.803835785773856,16.134082785450456,43.2520546992637,77.73837319703985
06,074,Karnal,1,Cluster 1,1.1016,-1.703,1,0.1413,887.0519686302825,13.060975577350789,22.56019302156878,0.0,74.73084264400013,66.82250617728859,15.001486633419988,34.2824534784538,14.756109280227015,35.75209955392957,79.74487561572059
06,075,Panipat,1,Cluster 1,1.1257,-1.8548,1,0.1338,863.52934265224,14.07472974531228,17.10690811713926,0.0,75.94303782192078,66.99861624191249,16.708372506042792,34.20485682785579,14.97565254753124,23.686814546054254,82.22197430138874
06,076,Sonipat,1,Cluster 1,1.0823,-1.4434,1,0.1362,855.8848789003953,12.98357725270534,18.6161940577972,0.0,79.12222733861758,69.80207918541596,17.38026918276286,36.08128546118244,19.75379167401922,31.4045479654191,75.83695064213204
06,077,Jind,2,Cluster 2,-0.0839,-1.0945,1,0.1498,871.1651795356561,12.633792851189371,21.163330714941026,0.0,71.44470048850461,60.75836576018461,20.04836726240044,39.23256120741864,24.97721952648814,43.81244961044817,73.71700081387485
06,078,Fatehabad,2,Cluster 2,-0.0139,-1.2295,1,0.1357,901.6694928940568,12.847408363596603,30.18616555433005,0.0,67.91556991767227,58.86504683990525,17.276656699660563,39.18032804287848,23.639261974114017,46.04411473841928,77.55924819078636
06,079,Sirsa,2,Cluster 2,0.3185,-1.228,1,0.136,897.4848443117456,12.173281274007111,29.90922560336754,0.0,68.82477877350944,60.3992780158036,16.029811895853577,38.759053697954506,21.635567337624284,47.22939902749585,79.5152618609849
06,080,Hisar,2,Cluster 2,0.1889,-1.0702,1,0.1399,872.05038419343,12.338045484597728,23.440434283237124,0.0,72.88966773157924,62.25002838396425,19.94951462484319,39.65873649817567,25.02557335398076,42.25363313144049,76.8089748576171
06,081,Bhiwani,2,Cluster 2,0.0121,-1.1409,1,0.1492,885.8864714678679,12.971436787411015,20.87326278950959,0.0,75.21410483720159,63.54453640855494,22.10525664419664,38.11728140133195,25.05011246813837,42.28001014436458,71.53622918559371
06,082,Rohtak,1,Cluster 1,1.7838,-1.7638,1,0.1307,866.7426589196787,12.187100689405618,20.43801191853781,0.0,80.22350661140884,71.7152814223499,15.938858390048836,32.60136599560499,14.880714394439089,29.21434703309853,83.51923738391234
06,083,Jhajjar,1,Cluster 1,1.2253,-1.6196,1,0.1313,862.1846747508583,12.52612413332568,17.78454828595427,0.0,80.64504970454009,70.73238089636814,18.57940326011305,34.070565157736034,17.243057840437377,32.38437651209369,75.47667317951576
06,084,Mahendragarh,2,Cluster 2,0.1142,-1.3588,1,0.1143,894.7078585885569,12.057525962814829,16.95217810013795,0.0,77.72222955283404,64.57170181968569,25.14899992808037,36.71927191330979,24.26353224335876,28.597334782505968,62.73243862675141
06,085,Rewari,1,Cluster 1,0.9202,-1.1962,1,0.1341,898.0931198414622,12.650111292278847,20.28207372391518,0.0,80.99127840811558,69.57458753162857,21.86728176928328,37.51138468920354,24.03796270865757,25.0042193842956,74.08913116215167
06,086,Gurgaon,1,Cluster 1,2.5788,-1.3154,1,0.1044,854.3535490822711,13.378084984997676,13.0700487047289,0.0,84.69969432014818,77.98199209368732,12.482536189491498,35.96833664370536,16.089041508179243,11.043185806915895,89.48534649248415
06,087,Mewat,2,Cluster 2,-3.5231,-3.4526,-1,-0.0143,907.0999121089988,22.77943894174318,6.908432582397456,0.0,54.08133058308119,36.60259758435152,33.33826328903905,26.62020099828967,12.607966400373671,36.91285814790802,70.4149480625181
06,088,Faridabad,1,Cluster 1,2.1803,-1.9229,1,0.1004,873.2163004212771,13.922219465523366,12.366409851618997,0.0,81.70220660453543,73.83829410981303,14.769438178948777,32.006323584749794,12.125795527148975,7.429876611840913,85.51298363859544
06,089,Palwal,2,Cluster 2,-1.0635,-2.9399,1,0.1046,880.4574235748795,17.022407040130123,19.48033389980704,0.0,69.32342749886156,54.23199268693529,28.424718207451527,29.68836913114697,13.948682024780268,31.58290881016142,70.07685026957357
07,090,North West,1,Cluster 1,3.3087,-1.9531,1,0.0597,864.7039504885968,12.303820634758717,19.06822271005451,0.0,84.44511319463177,78.41208372901328,11.249164136232494,32.504644419217186,9.797377591755684,1.7399425347799198,95.50551304325876
07,091,North,1,Cluster 1,3.8096,-1.6995,1,0.0438,869.4194971810645,11.633621553687142,18.65620544653133,0.0,86.85352133497479,82.20389390039664,8.68993170750339,33.38438564919401,9.412411374995155,1.1671602922623343,95.66092981521086
07,092,North East,1,Cluster 1,3.0707,-2.2993,1,0.044,886.2141069061994,13.47001102771919,16.67353668590272,0.0,83.085379679194,76.67034057696841,12.106047233609488,29.50476975621246,6.364704106251525,0.5489986180536026,94.11191044261597
07,093,East,1,Cluster 1,4.0508,-1.3526,1,0.0505,883.5768595041322,11.370255056612296,16.463723552750583,0.0,89.30744711677775,84.99067320221931,8.138229557618317,33.91308722751275,11.565936601292517,0.6289546862816806,95.74498181793088
07,094,New Delhi,1,Cluster 1,3.9423,-0.827,1,0.0267,821.9188627440917,8.985662375707726,23.411312357398383,0.0,88.34375290148866,83.56478290833907,8.67441713660223,41.92910058871581,19.67000718054385,0.5088930316924473,94.8438890848323
07,095,Central,1,Cluster 1,4.0519,-1.4378,1,0.0341,891.7487760744068,10.773973073224344,24.587512020881988,0.0,85.13783221480385,82.48953769698555,5.00559677351751,35.611691166369006,10.83901944997978,0.4696827953359631,94.5046148504634
07,096,West,1,Cluster 1,3.8013,-1.3503,1,0.06,875.2160384592697,11.340678024081852,14.802832446604592,0.0,86.97710950132648,82.38536293425291,8.612530842906708,34.37815419132187,11.939481197604389,0.7043187848842529,96.03131576539482
07,097,South West,1,Cluster 1,3.5988,-1.5142,1,0.0616,840.1872804053783,11.687479666003476,13.886342444998991,0.0,88.28228975357155,82.49528244724131,10.645826294801694,34.68672343758586,12.166734166768553,1.6482010480893994,94.29724197587988
07,098,South,1,Cluster 1,3.4105,-1.637,1,0.0726,861.712465620119,12.117555031627836,15.480856200874912,0.0,86.5681252670889,80.55236463640053,11.180332083616562,33.836640703327205,11.767566810939652,0.7866783932807798,94.01693868300605
08,099,Ganganagar,3,Cluster 3,-0.2705,-0.6267,1,0.097,887.3694097801292,12.973753382139057,36.58458800874278,0.6844007215229986,69.63575156110225,59.69836200271988,18.805390321777782,46.34810234576227,34.16962978004553,39.5002804950738,74.56819098208338
08,100,Hanumangarh,3,Cluster 3,-0.9614,-0.0453,1,0.1245,905.8446021409302,13.198121138766613,27.846465752930648,0.8051537957008877,67.1313745321221,55.836882273283365,21.574692491982415,47.06506819211446,38.22820886108964,50.1915571199387,76.87534420419989
08,101,Bikaner,2,Cluster 2,-1.4365,-0.9312,1,0.1398,905.170128006022,16.944360192340152,20.882367000474208,0.3290696833291242,65.13252890546572,53.23151756397085,22.666989394856287,41.718878294979945,30.774189412502132,43.54030792692819,76.32953697394464
08,102,Churu,2,Cluster 2,-1.6188,-0.3416,1,0.1412,939.7543953755114,15.582528865478462,22.148104456528827,0.5513479218669636,66.7506711257372,54.04288655460178,24.740349269642135,44.266153219317815,36.57773851053688,46.91109833645131,69.60133092756215
08,103,Jhunjhunun,2,Cluster 2,-0.6986,-0.3197,1,0.1373,950.043617277552,13.498545889300413,16.878867782381747,1.9479702112028527,74.13061412168832,60.954271600378576,25.94437075812144,41.86383534272792,33.929533621028305,36.87200231599208,66.26207596498739
08,104,Alwar,2,Cluster 2,-1.7235,-0.0446,1,0.1281,894.8580369732019,16.002459324926736,17.77365773414959,7.872479811136039,70.71679919124367,56.25075215526672,27.49514316398076,46.50132723528168,41.1704904409006,41.222516039992,69.03318736091943
08,105,Bharatpur,2,Cluster 2,-1.9967,-1.0978,1,0.1088,879.7765920252323,17.114832396951574,21.86828761817912,2.1224566032375605,70.1070446059432,54.2440907814372,29.853154147523263,42.03138991281801,35.54483137928259,41.061322648284,64.87666572687027
08,106,Dhaulpur,2,Cluster 2,-1.9952,-1.2269,1,0.0995,845.821980365549,18.036478587934184,20.36400677653674,4.856462740651595,69.0763401466069,54.67450834780995,26.54868341878856,43.36552519817391,33.299389186226755,35.88354242639695,60.70522082826847
08,107,Karauli,2,Cluster 2,-2.6386,-0.7988,1,0.0741,860.8670574078116,16.551162765181232,24.30759377005832,22.28427537702777,66.2219541437976,48.61093859241304,32.80148516532598,43.1151628529578,38.195161938248674,47.0058499250866,69.71828745749342
08,108,Sawai Madhopur,2,Cluster 2,-2.5312,-0.5008,1,0.093,897.005955703655,15.064044727606806,20.87445556178686,21.403001457825276,65.38894516129317,47.512404975747785,33.997266862421185,43.28310936834311,37.09557892069926,48.9902572015749,72.40584152729437
08,109,Dausa,2,Cluster 2,-2.1128,-0.3888,1,0.1056,905.378607976106,15.7943329974321,21.6798243279375,26.51380407229769,68.15918445938827,51.92988652382938,31.048399155505948,41.88027598966966,36.87044662654419,48.92745746864477,73.95437512326606
08,110,Jaipur,2,Cluster 2,0.4177,-0.9849,1,0.1401,910.3833436115308,14.03412344189969,15.141488803953049,7.967881333703984,75.50517427950871,64.02416399131175,22.028021203953276,37.19931761567528,23.74997268556477,27.24361666003352,83.57401315188935
08,111,Sikar,2,Cluster 2,-0.7604,-1.0182,1,0.1397,947.1654339304288,14.188522682833998,15.642656330011992,2.8143305296726258,71.91061951486402,58.22767978242253,26.882132848146448,37.593530576883786,26.77098122384042,35.33309355948908,69.41959495441648
08,112,Nagaur,2,Cluster 2,-2.2008,-0.6746,1,0.1201,949.946501996964,15.332992919945715,21.159775714134984,0.3149579637837643,62.79528395499912,47.817018109071455,29.355895405478563,43.10739981915161,35.30126882038056,44.17265944867808,69.14506249465244
08,113,Jodhpur,2,Cluster 2,-1.6327,-1.1147,1,0.1301,916.4776436540244,16.448680761506466,16.49028454110407,3.225350642024428,65.94437907276814,51.83014569421677,27.12166122657962,40.40342648077859,29.75425311515128,33.649339046183194,70.91695804841244
08,114,Jaisalmer,2,Cluster 2,-3.6146,-1.5533,1,0.0355,852.0989306291262,19.47444392531037,14.797908403851809,6.333452253182847,57.21560238462451,39.71490713864116,32.32084798463938,43.1250643734541,34.501688778142245,31.65733827616882,60.70653471926563
08,115,Barmer,2,Cluster 2,-3.7285,-0.6558,1,0.0675,901.905886099712,19.261519246656075,16.76097291945351,6.769349296457302,56.52676278369293,40.62573063619661,30.233009706727927,46.18268029469792,41.00025187713256,42.41809856613239,61.65306424545233
08,116,Jalor,2,Cluster 2,-3.7003,0.1642,1,0.047,952.4488754412076,17.30463217642845,19.53246241927458,9.77284782335282,54.85655717379445,38.46533986857697,32.207511548003616,49.03096684584384,45.03304577085874,52.97944334652326,73.68799657389108
08,117,Sirohi,2,Cluster 2,-2.866,-0.9977,1,0.0579,939.8836832755868,16.728389939267387,19.478340245439263,28.22126973037962,55.250978583562585,39.72807833933557,30.248731540062263,40.51050517877234,29.40222857313564,37.57720405212599,74.62371584621359
08,118,Pali,2,Cluster 2,-1.8358,-0.6507,1,0.1194,987.0580112383,14.597464728871062,19.537753984765207,7.095598538064649,62.39116530346139,48.008832545451,28.80616625751763,41.33972132532185,31.54173636147176,37.507405081399504,71.85902861952663
08,119,Ajmer,2,Cluster 2,-0.8155,-0.8172,1,0.1388,950.8203778458331,14.756458638850477,18.506286362024458,2.4576353863569143,69.33481993837098,55.68013309703787,26.75929679365024,40.79368127316059,29.19639672842894,30.769690677427253,78.50087594261105
08,120,Tonk,2,Cluster 2,-2.4775,0.0338,1,0.1031,952.0062186185,14.355468062921526,20.255944097272547,12.538080637376648,61.58435801552303,45.44738869719608,31.669115781513128,45.67291388464012,40.00533764191636,50.58652630087144,76.3750440953785
08,121,Bundi,2,Cluster 2,-2.4663,0.1289,1,0.1119,924.7799570309792,14.392216803221874,18.97442267842644,20.57320781416249,61.51739917688551,46.55078737838021,28.887232303838616,47.35693208966375,39.585308367650526,44.86448162009994,68.6326129890076
08,122,Bhilwara,3,Cluster 3,-2.2355,0.3721,1,0.1205,973.008906102548,15.016796601070448,16.93764186599007,9.51923647812373,61.36903714994821,47.20667718238056,28.058805303180165,47.67091698937482,39.87044815274119,46.972429920786645,76.93397725936603
08,123,Rajsamand,2,Cluster 2,-2.4122,0.3418,1,0.1042,989.5396661844466,15.220599742174674,12.81068513924902,13.903632812466228,63.14162577150106,47.95279657708076,30.468764268397663,47.62514514562981,40.20752427606396,33.621564508896554,65.8249081841799
08,124,Dungarpur,0,Cluster 0,-3.6966,0.9986,1,0.012,993.5221928066478,17.445439565821086,3.764137029077773,70.82464322546078,59.45941466248748,46.157707076724286,26.7261680976768,46.20028634145498,42.61307476662524,20.452366663289247,33.73436318714293
08,125,Banswara,0,Cluster 0,-4.0266,2.0733,1,0.0269,980.1455019752048,18.09656269732432,4.455725638878767,76.38444827077834,56.33350586400508,43.060000846216525,26.42395448210732,50.99202496821948,48.81677720569476,46.73654282141976,59.24049776668332
08,126,Chittaurgarh,3,Cluster 3,-2.4514,1.1922,1,0.0707,971.903964779084,13.76039442142847,16.202670658884262,13.05064046860208,61.70640268923009,46.52672102822153,30.08219704496041,51.98052498870066,45.47267551010488,58.012469557959776,81.83119382626082
08,127,Kota,1,Cluster 1,0.6828,-1.06,1,0.1436,910.5841292411284,13.072996913399905,20.779348584889703,9.42156232605199,76.55525667498841,65.8662675588095,20.44166415224798,38.380606187346686,23.031705011437293,23.02263187907229,77.12867465889256
08,128,Baran,2,Cluster 2,-2.1249,0.0497,1,0.1298,928.8029718666446,14.938806220379387,18.08898757314425,22.64206648102032,66.6583661029334,51.96467119937331,28.385363997310208,45.19163691827063,37.84395645454391,45.68399679324192,65.10967583150405
08,129,Jhalawar,3,Cluster 3,-2.6352,0.3944,1,0.1104,946.0009956656824,14.754497994159289,17.261497708572357,12.91370243259121,61.49947960137132,46.52982676832501,29.220717245253823,48.610013684078496,41.27270818937996,52.05831328814053,69.34222610977476
08,130,Udaipur,0,Cluster 0,-2.6027,0.4681,1,0.1003,958.3980352322982,16.573676354605954,6.144041558847876,49.7092640512055,61.824584842199016,48.44837321753791,26.289357880060518,44.51095352005267,35.29150869827832,31.25225603188794,60.21124878549521
08,131,Pratapgarh,0,Cluster 0,-4.0291,2.5548,1,0.0184,982.5468767133302,17.343820576875213,6.963085701643605,63.42435541707765,55.973540769241495,42.35456381734659,27.145391724377504,55.45832910832311,53.38313524170898,57.51848142715264,68.03429920173532
09,132,Saharanpur,2,Cluster 2,0.6236,-2.4434,1,0.1101,889.9572870924582,14.989432786115325,22.05325321906241,0.0282715522986214,70.48711632416415,61.74032572032085,16.53588521820663,29.925841987409356,7.732025711338034,40.7640088533794,85.0924090754851
09,133,Muzaffarnagar,2,Cluster 2,-0.0192,-2.1079,1,0.1321,889.0525085322831,15.592135367292286,13.545272705859183,0.0076505148289663,69.1171853779182,58.68661714383328,19.755127245537835,31.17268635881832,10.772646017236234,43.29923725113112,84.03948766068669
09,134,Bijnor,2,Cluster 2,0.2176,-2.4137,1,0.1187,916.8666703101944,15.32104185148286,21.38217124169057,0.0830366091520029,68.47537729081736,59.71714051520215,16.843335965412763,29.54441467472485,9.454396201414932,38.8015653893805,77.18292409442334
09,135,Moradabad,2,Cluster 2,-0.9364,-2.5555,1,0.0937,906.3729183528512,16.433738767302472,15.32701341951372,0.0143545502667012,56.769531572273046,47.85894485845804,16.970334640037798,29.711006230922592,9.889369804568013,38.818079419612346,77.93478820519802
09,136,Rampur,2,Cluster 2,-1.4056,-2.2596,1,0.1054,908.52193295307,16.235290491258098,13.183213254109155,0.0153265300093885,53.34101335383156,44.44332120956624,16.95578937171156,31.5632760928822,11.472664646155785,45.912370246086525,76.53544674138466
09,137,Jyotiba Phule Nagar,2,Cluster 2,-1.0673,-2.1009,1,0.1378,910.0346774972002,16.314942607436826,17.280587494654178,0.0089119730727994,63.838726225494966,52.101383944500576,22.434058000015572,32.55527461103856,15.973594047255158,44.444982298122646,75.70945218490074
09,138,Meerut,2,Cluster 2,0.8591,-2.1731,1,0.1384,886.1849668874535,14.627308098960157,18.124429935455844,0.0984409451608435,72.84047116127034,63.98275649390699,16.7608061680844,31.667755131197968,11.85014827441707,26.42647351447312,81.68529506968572
09,139,Baghpat,2,Cluster 2,-0.0204,-2.1298,1,0.1307,861.3110117559672,14.963301428650364,11.439333009988887,0.0010744040127455,72.01446841306814,59.95295015011977,22.49446176547,31.97848429221333,12.28751297725622,38.85215805325238,80.27910102113056
09,140,Ghaziabad,1,Cluster 1,1.542,-2.0133,1,0.1177,881.0595644386085,14.55110329809287,16.521180055301073,0.0847565332271028,78.07351939074306,69.78973710221935,15.626442297518096,32.47871207663118,13.175918946046878,14.669544595399788,82.39919028659592
09,141,Gautam Buddha Nagar,1,Cluster 1,1.3252,-1.782,1,0.1139,851.369445998378,14.962426772403624,13.112252482381386,0.134395961446865,80.12368026930818,70.81926657552337,17.240423077415173,34.53090348671057,16.58857819161078,15.553610995433212,80.56312586868245
09,142,Bulandshahr,2,Cluster 2,-0.7114,-2.2278,1,0.1351,896.3024180874239,15.71217868460844,20.736340121703112,0.005658483109285,68.88428904428905,55.569144261365786,25.35759309675733,33.52965602424117,16.65416095545649,36.622828699520994,75.44926103336003
09,143,Aligarh,2,Cluster 2,-0.5126,-2.4786,1,0.1381,882.1191231949246,15.637625415465736,20.557344002499804,0.017120822104315,67.51566442320723,55.6753357465204,22.2953770884706,31.96506481279102,14.229920209908514,33.91640219659883,73.7251151903035
09,144,Mahamaya Nagar,2,Cluster 2,-0.381,-2.7656,1,0.1227,871.3759991006151,15.856377036482206,24.76845520058695,0.0171277963683958,71.59126296329491,59.23325922690259,23.142179918559464,30.939638577932755,11.802256715450993,39.00147692180577,69.6724951716018
09,145,Mathura,2,Cluster 2,-0.6983,-2.4069,1,0.131,863.1683276949803,15.87148788623044,19.887844772894304,0.0596737416692315,70.35981012717298,56.89475981520293,25.0711086652311,33.0144583194618,17.439551751226,33.37423998649129,70.73033834796578
09,146,Agra,2,Cluster 2,0.2739,-2.5378,1,0.1353,868.4502398144909,15.25200184575123,22.43427340065633,0.1641849580326953,71.5787208111851,61.1848876342256,19.435209343932605,31.45299501199082,13.153043756000942,27.673537461758297,75.58848331179614
09,147,Firozabad,2,Cluster 2,0.2517,-2.4358,1,0.1353,875.4277254689403,15.304048266001002,18.96959197103784,0.1026757336211189,71.92453861048843,61.74884757611064,19.073663668260536,30.48332450015131,11.978372537753728,33.335259303420386,75.32937371392254
09,148,Mainpuri,2,Cluster 2,0.3525,-2.1088,1,0.118,880.986775413564,15.21779967022187,19.705661512344737,0.0255816206224254,75.9942052039541,66.29964974533061,18.23041433090563,30.01505462318219,10.829318792621168,56.24741459239712,75.74031809428715
09,149,Budaun,2,Cluster 2,-2.2688,-2.7993,1,0.0414,871.111248887694,18.0588751013065,16.907756221251226,0.0015752753472667,51.29213350935884,40.0886132033673,20.895087196039988,30.075347049454955,9.784923842143304,61.30991029879631,79.08687732707932
09,150,Bareilly,2,Cluster 2,-1.0605,-2.3781,1,0.1191,886.7646591012718,15.767971964492974,12.52484343102704,0.0725436054059485,58.49459145762293,48.30064128783203,19.202981000730382,31.516588476784364,11.908246735294597,38.09008888200969,74.46031337310114
09,151,Pilibhit,2,Cluster 2,-1.0534,-2.458,1,0.0996,894.5925474019638,15.013242199559135,16.423281652894353,0.0843916342976661,61.474016083777926,50.00098329142053,21.702580461945253,30.45804371919939,8.724250655627447,54.01152593335004,74.912908883698
09,152,Shahjahanpur,2,Cluster 2,-1.1091,-2.6846,1,0.0816,871.5963553354917,16.717733153547368,17.717155080028924,0.0168965102054256,59.54400172849456,49.567843418134736,18.60946756445704,29.675793221306368,7.7778928460469885,55.64853275111128,78.40080967122238
09,153,Kheri,2,Cluster 2,-1.1673,-2.539,1,0.093,893.9655338884422,16.469932307000594,26.404323240351303,1.3273259039555678,60.55600162789112,50.417825006991166,19.14865146795992,31.45092201590404,10.865590899320146,58.30509251864843,75.76779962015247
09,154,Sitapur,2,Cluster 2,-1.1976,-2.8098,1,0.0934,887.7867891737508,16.671706818388614,32.25757316248557,0.0357270931794704,61.12065675454191,50.67125627721125,19.64109673587276,31.72623858383333,11.919507873941068,53.674674996942215,71.95561372752182
09,155,Hardoi,2,Cluster 2,-0.9872,-2.7163,1,0.0958,867.6492464778898,15.94235794416842,31.13983060682728,0.0085270759093002,64.57487307247027,53.18689074701543,21.202567129136256,32.22565232741528,11.938237185909562,56.89770468237517,73.53379137584102
09,156,Unnao,2,Cluster 2,-0.4869,-1.8678,1,0.1249,906.8718418096704,14.023923172521132,30.51724587218948,0.0941330286932012,66.36542022083091,56.76164741842474,18.29244816612116,36.18440164884005,18.51678978272046,46.65097124323402,67.73372429637323
09,157,Lucknow,1,Cluster 1,2.0141,-1.6048,1,0.1242,916.8444369457034,11.844448540449577,20.660729202207136,0.1635351835947151,77.28887150081917,71.54204248341533,11.017549352545783,33.613517514125775,14.41252057747196,15.488791202523194,74.68761464500398
09,158,Rae Bareli,2,Cluster 2,-0.8285,-2.0353,1,0.1025,943.2110614182142,14.168510955176522,30.25544411358017,0.0515627537211952,67.25332718448794,56.28975630559021,21.33562143043697,35.3748092457068,20.406142223582695,34.338720521951345,53.52898207867454
09,159,Farrukhabad,2,Cluster 2,-0.2011,-2.1173,1,0.1309,873.5132771505804,16.05194981551068,16.587700853594626,0.0122002711642877,69.04350584357813,59.44348354969304,17.95832021149181,31.416600007214075,11.117861482381532,53.2354495523134,80.14729843128183
09,160,Kannauj,2,Cluster 2,0.1133,-1.926,1,0.1286,878.7265700132459,15.554721190668204,18.7116386658103,0.000905460287719,72.7044306593449,63.32989235981351,17.57914736845042,31.671552127952403,12.098239636570131,57.66282429537467,79.86395413550457
09,161,Etawah,2,Cluster 2,0.8239,-2.0998,1,0.1232,870.0700828509817,14.38036173750324,24.546753402747484,0.0106839633078561,78.41479982869885,69.61489665422314,16.448664591827907,31.99322295345206,12.549561521508137,45.56347713368849,71.44991226544839
09,162,Auraiya,2,Cluster 2,0.8851,-2.1145,1,0.1068,864.1492351764769,14.535009731469431,28.38776553138897,0.0108731502053213,78.94943970796284,70.61115017247171,15.499071946049312,32.041216488044974,12.115620675366104,53.094748463315256,73.6886994568156
09,163,Kanpur Dehat,2,Cluster 2,0.4211,-1.7363,1,0.1244,864.7024931093013,14.027794479852842,25.6401348636888,0.0445945404257024,75.78219151558166,66.86424685802666,16.583567249601316,35.011112447277114,16.19261665760227,52.32737125992265,71.34308848972115
09,164,Kanpur Nagar,1,Cluster 1,2.4575,-1.5088,1,0.1162,862.4509412530907,11.130630209802176,17.828120948174174,0.0819205512534957,79.6548265142911,75.05247355619422,8.56568530550328,34.31870827028674,12.838363355082484,21.293295137104447,78.1796834055025
09,165,Jalaun,2,Cluster 2,-0.1427,-1.8195,1,0.1232,865.1240712863595,13.72784433369981,27.70326644078548,0.0492315266388713,73.74574496031144,62.46284582814372,21.01591495116002,36.73216274333215,19.109381258913967,47.15608508225348,67.701413097409
09,166,Jhansi,2,Cluster 2,-0.0336,-1.1522,1,0.1305,890.0463006744617,13.02774988329348,28.144909219089534,0.1937853590733127,75.04835378517227,63.48584085143835,21.896514300722565,40.77418076526454,26.51569806421177,38.85428401033729,68.72393896779292
09,167,Lalitpur,2,Cluster 2,-2.0857,-0.8695,1,0.1316,905.727046805749,17.37118448712827,19.68897962658564,5.862022672054172,63.52281136967288,50.84415001638417,24.13444563183767,41.20451018015835,30.41229389180838,55.26084183800172,70.93121897045998
09,168,Hamirpur,2,Cluster 2,-1.0595,-1.3477,1,0.1303,860.5158566357278,13.97782275408975,21.8420063661102,0.0429237017617734,68.77338330192751,55.94680382541468,23.81137621261518,40.17576984202448,26.456882846335176,44.97413530784055,65.45063168452965
09,169,Mahoba,2,Cluster 2,-1.2712,-1.3701,1,0.1273,878.2952152638102,14.627299482395276,25.217875742900915,0.0738619888168154,65.2697341237101,53.2152890538416,22.613658512622216,39.91926553556221,27.471435546875,46.64918381587527,68.26662396046626
09,170,Banda,2,Cluster 2,-1.5576,-1.5218,1,0.1295,862.9824118209791,16.39270649824109,21.55456510745189,0.0090585247386643,66.66522648324491,53.67480631218986,24.10382111073774,38.99550408189352,25.958749133208727,50.93866370999118,68.8669766805522
09,171,Chitrakoot,2,Cluster 2,-1.8242,-1.3644,1,0.1046,879.2695382598001,17.67729119820919,26.88786262389965,0.0369052060540671,65.04895158000977,52.73884245842934,23.06140627838233,39.74841942867514,30.00372837595823,55.88576270240514,71.693594826952
09,172,Fatehpur,2,Cluster 2,-1.0493,-1.1592,1,0.1425,901.27187984303,14.816884203601353,24.745388157477414,0.0129143365468507,67.42782180319303,56.580899100598224,20.61227809571414,40.41157990574813,28.06008921395725,44.10566870533654,62.9887896654758
09,173,Pratapgarh,2,Cluster 2,-0.7571,-1.6465,1,0.1065,998.114047513052,14.126739834740825,22.100992134655343,0.0225293933797237,70.09083407540622,58.44651551341919,23.429599313680853,33.23633956875064,22.583864818197245,31.41755914348477,51.84816065239016
09,174,Kaushambi,2,Cluster 2,-2.1144,-1.6703,1,0.0836,907.721664669016,17.015046299190544,34.72107957259208,0.012065546550504,61.27838580589171,48.559681878528224,24.223481888217407,39.9529631231886,31.065376797865223,46.80888018200993,64.98530714176182
09,175,Allahabad,2,Cluster 2,-0.3856,-1.7591,1,0.138,901.2637113334252,14.868942936397694,21.998068316306405,0.1335988852596344,72.31605772774152,60.97438462686748,21.57992144048028,35.468060461598846,24.29677912154253,27.09910995133782,60.92749349284793
09,176,Bara Banki,2,Cluster 2,-1.1753,-1.7212,1,0.1253,910.1110497324952,15.943421947257322,26.51452955332584,0.0187076452012283,61.74978984483543,52.34245415602648,17.930545150644164,36.58264684964788,20.70054182924333,51.27568428553464,69.941233181037
09,177,Faizabad,2,Cluster 2,-0.4326,-1.7246,1,0.1432,961.687101271169,14.572342488615927,22.462480716277973,0.0376771148152404,68.73330699403198,59.02926205954173,19.087433244542915,33.638621835081885,19.260951255109926,35.98385003049774,59.74177372959147
09,178,Ambedkar Nagar,2,Cluster 2,-0.1266,-1.6861,1,0.1192,977.7863923920124,14.146991018763178,24.65190200709958,0.031110710758801,72.22852351943668,62.66024402011742,18.99761076809851,32.8371466890864,20.244323386853235,34.237831439754736,56.00700027178124
09,179,Sultanpur,2,Cluster 2,-0.7186,-1.8084,1,0.1296,983.2574770733726,14.83686175590586,22.427199372576613,0.0183296959245659,69.2665220252438,58.28392365468078,21.901924022500765,32.72567055479196,19.802808028128087,35.39028449291504,55.60511881232738
09,180,Bahraich,2,Cluster 2,-2.727,-2.4344,1,0.0754,891.5132405292306,18.77421165795183,14.602817705837978,0.3199501337689174,49.361069448420494,39.1784534815047,19.16132857918752,33.03465777607275,15.608751909393028,50.62395847798917,64.52680183307874
09,181,Shrawasti,2,Cluster 2,-3.4988,-2.3574,1,0.044,881.4053615357545,18.94696521536012,16.944747489844374,0.4952741325319211,46.74108794187632,34.77735924246162,22.38273239547351,36.13469594875783,20.97068757354852,47.99247068147763,57.649317036321534
09,182,Balrampur,2,Cluster 2,-3.0292,-1.8744,1,0.0836,927.5361278741497,18.37001114645605,12.901592384108271,1.158254078695376,49.50851076566959,38.42582141439872,21.30724796980401,35.382574761537974,21.850409693368302,47.82368501012163,60.33872934404732
09,183,Gonda,2,Cluster 2,-1.9651,-1.9393,1,0.1262,921.454094964821,16.668593522444763,15.491716607176814,0.0253354840344224,58.70957979516574,47.08584718915983,22.32376429242904,34.0879327671969,19.11034489878083,47.346209309795725,63.18924746615272
09,184,Siddharthnagar,2,Cluster 2,-2.5197,-1.854,1,0.0903,976.146151440628,18.955908595211888,15.971690663490795,0.4696992963302031,59.24936323589465,47.41048043839894,23.51153118153649,34.341383590884526,23.35584028501774,38.76809368095046,50.96643751607126
09,185,Basti,2,Cluster 2,-1.0396,-1.9973,1,0.1326,963.2908246180908,15.864260950859904,20.854798447045685,0.1468879237026793,67.2190190957779,56.2308380987084,21.645617003900497,31.799531257100934,18.61127099749254,39.93540796847725,56.61998142117781
09,186,Sant Kabir Nagar,2,Cluster 2,-1.3771,-2.2776,1,0.1029,972.2545466253324,16.55286928566806,21.516013160111772,0.09287638695113,66.7203485573312,54.79646172734503,23.58958990175259,31.452562204732672,18.44849425269684,32.6952985250311,49.2063492063492
09,187,Mahrajganj,2,Cluster 2,-2.2311,-1.8034,1,0.0849,942.9674167760686,15.775934991691818,18.3624035880319,0.6121719981688849,62.761601757677234,48.91565015030457,26.93399502255805,37.03400338882923,25.694635783902516,30.80805388568101,44.18322097091988
09,188,Gorakhpur,2,Cluster 2,-0.3129,-2.3527,1,0.1149,949.6618852504,14.151246539267422,21.078206082332503,0.4091967947902394,70.82914858229073,59.36055469953775,22.439268243457583,30.435959418090277,15.475484925001782,25.03260880019591,55.22084832450325
09,189,Kushinagar,2,Cluster 2,-1.6469,-2.2295,1,0.0951,960.6359543578164,15.951016455400746,15.267899624748637,2.251872890333237,65.24846935693131,52.358195902048976,25.353267983504523,31.33564910406492,17.87105444122465,31.62162379932192,46.84607416651969
09,190,Deoria,2,Cluster 2,-0.5779,-2.0708,1,0.0755,1016.959405139466,14.979815836844626,15.11354922014121,3.5438862850239894,71.12796470985386,59.38395057399315,23.889111413549315,28.25737694239113,15.16926658607876,27.0055441051942,51.9696523578995
09,191,Azamgarh,2,Cluster 2,-0.3449,-1.9548,1,0.0929,1019.2144083774032,15.303387818539274,25.38795161503912,0.2021494553538395,70.93242077184564,60.90809857191584,20.433435260882227,29.736841591941594,18.46967829142315,33.87129454706596,57.16134900643717
09,192,Mau,2,Cluster 2,-0.04,-1.8228,1,0.1106,978.9631195226737,15.4663168278053,21.511508779819103,1.0387730012402718,73.09385634598287,63.629578658774655,18.823354562499997,31.584637673801254,20.282444405956788,24.20362053944976,56.89841506314344
09,193,Ballia,2,Cluster 2,-0.5207,-1.8783,1,0.1319,936.6191205462126,14.564349241644631,15.269521886403188,3.39881732491217,70.94094414510236,59.75003591865783,21.74320187501047,31.467719661927035,18.91813753771846,30.90998084323132,55.86380547787457
09,194,Jaunpur,2,Cluster 2,-0.6446,-1.4636,1,0.113,1023.9922718889962,15.046401987982744,22.036049097904765,0.1053801741086964,71.54755331865894,59.806808322103045,23.998033896769023,31.98286059110801,22.13173983469519,41.06144882163667,62.37391077484998
09,195,Ghazipur,2,Cluster 2,-0.6314,-1.5755,1,0.1437,951.5480506178995,15.42866439722142,20.071469846983703,0.7930904562866616,71.77524056009243,60.29019453010789,22.50774261516694,33.273834975753175,22.42825572047929,41.04791458091552,63.66260391398985
09,196,Chandauli,2,Cluster 2,-0.6574,-2.1458,1,0.1202,918.4069240253266,15.854361732853464,22.879765828398423,2.136723686932725,71.4846219994535,60.35415923066078,21.36864030105256,33.41651491532993,20.278311730960336,26.6512704909868,52.39915223977577
09,197,Varanasi,1,Cluster 1,1.0137,-1.5629,1,0.145,913.1709591296334,13.52114491760726,13.243923248244894,0.7783039843169721,75.60180394944162,66.6923195725538,17.085509803929455,33.19991264240145,17.064201155110243,20.495319109893604,75.42843988898245
09,198,Sant Ravidas Nagar (Bhadohi),2,Cluster 2,-0.8051,-2.6243,1,0.1016,955.4143915430448,16.384543784647573,22.37359595948076,0.1186785307179702,68.96978698574601,56.03059320596444,25.442466753506302,29.81904216984653,16.528425109646562,21.960527657838373,60.98026382891919
09,199,Mirzapur,2,Cluster 2,-0.9953,-2.0731,1,0.1265,902.7403753099516,16.44477106252778,26.47725042751815,0.8062571837066524,68.47766121583685,56.85956391026056,22.10694743852431,35.32265105307633,22.70129690343624,33.27951600687531,60.89494736937583
09,200,Sonbhadra,2,Cluster 2,-2.0266,-1.1942,1,0.113,917.507082969576,17.346671971196617,22.63879962997145,20.671452555328447,64.02917373350647,52.136365427388576,22.78678081007524,39.21481145026815,29.935313027720586,34.078222998662376,54.380687815837646
09,201,Etah,2,Cluster 2,-0.5539,-2.2127,1,0.1339,873.1203930166498,16.01748117758442,15.836244984446148,0.0078896352734322,70.80690325736637,58.79531262379268,22.486469379302605,30.76867589378297,12.783793815081104,53.86384949009495,76.09673543547063
09,202,Kanshiram Nagar,2,Cluster 2,-1.6107,-2.3023,1,0.1206,880.1162052698043,17.314380891461724,17.699981694402315,0.010440454953265,61.01636418734637,49.00061420304003,22.55835913478151,32.90587790653566,14.50470891556663,53.775554450942856,74.93300053938003
10,203,Pashchim Champaran,2,Cluster 2,-2.878,-1.6464,1,0.0961,909.1858270543544,19.72103474372065,14.07720679982577,6.354341325962976,55.69721029777991,44.68979528782822,20.900830861723502,37.58402070422628,25.59671322118412,41.91401044121257,53.92647606709369
10,204,Purba Champaran,2,Cluster 2,-2.5296,-2.0228,1,0.1043,901.8923925736487,19.96907069518966,12.74129691681582,0.2443634714948177,55.79308289925642,45.12139928374941,20.21558491676545,34.07359456685932,19.716007446978328,51.24748279031435,65.19502583826895
10,205,Sheohar,2,Cluster 2,-2.2715,-2.2548,1,0.0917,892.9827243540743,19.611243344721338,14.728470725916806,0.0484574382167662,53.77671794794028,45.255105955905215,16.058723546318433,32.97117239571746,16.047588129455733,52.04185384430517,63.68846246279556
10,206,Sitamarhi,2,Cluster 2,-2.4333,-2.2798,1,0.097,898.5554986213796,19.37235765898444,11.850598234476603,0.0873064230538028,52.051209503732686,42.4100257563526,18.23187458323843,32.55612409721537,15.345962098891455,50.84349931768204,67.61676788538853
10,207,Madhubani,2,Cluster 2,-2.4551,-1.4783,1,0.121,926.481756638116,18.061300371553195,13.084653647485537,0.088916046538525,58.618346977073074,46.15851065817463,23.97741356214916,36.47871062372936,24.604947207360663,52.184994178154575,65.61586327643441
10,208,Supaul,2,Cluster 2,-3.1227,-1.4089,1,0.0919,929.4631704958872,19.620551295693826,15.892190306656213,0.4561531325087166,57.66992480405688,44.76618577669322,24.85126179567358,39.37425193219074,30.35631634775045,44.920369792248216,53.85196460677102
10,209,Araria,2,Cluster 2,-2.8796,-1.3153,1,0.088,921.3459957507964,20.553861562707517,13.609980761631672,1.3817196021154026,53.53346916281316,43.92796985919591,18.3692721353624,38.05323646689802,26.812961528990478,54.72556601454538,65.09155588456042
10,210,Kishanganj,2,Cluster 2,-2.1456,-1.8185,1,0.0591,949.7791157710186,20.52200662565073,6.691788925698059,3.799337434926645,55.45651047714322,46.76484471745074,16.898817642464053,31.29815428300994,13.100324253427736,58.71652578894047,72.65964042157471
10,211,Purnia,2,Cluster 2,-2.7163,-1.6044,1,0.0897,921.0760458287482,20.10985049097613,11.976619630039524,4.272780376515605,51.08398460340423,42.344945826042384,16.717115248538725,35.02148336452125,21.724530729615545,55.56608047804723,67.90630428279796
10,212,Katihar,2,Cluster 2,-2.4217,-1.7969,1,0.0739,918.8774266915768,20.199483625846582,8.567161039508257,5.8602833122057785,52.23779194245556,44.39467264613965,14.969256331095458,33.004116861156305,17.206866045740547,53.17680348393691,65.86665298559738
10,213,Madhepura,2,Cluster 2,-3.2141,-1.5304,1,0.0811,910.8823464835872,20.2109941141854,17.29851001267883,0.626048451314392,52.25296239761681,41.74286549753819,20.032004787000496,38.84307924718323,29.50106004697114,48.18017197696342,57.03932629066318
10,214,Saharsa,2,Cluster 2,-3.0276,-2.3712,1,0.0835,906.0474902073258,20.386539209254043,16.69150890137694,0.3161531698709028,53.1988881707554,41.67758773490764,21.883177794911845,34.19326223876851,21.38093851931461,42.25463072666788,55.90508048955375
10,215,Darbhanga,2,Cluster 2,-2.1534,-2.6518,1,0.1063,911.3992627972827,18.425477823479287,15.636977333941182,0.0704020561870378,56.559429098574896,45.23773988044272,21.59050053512085,31.07747908827813,14.685613783905282,39.30338988591416,59.76815076329639
10,216,Muzaffarpur,2,Cluster 2,-1.1027,-2.2651,1,0.1254,899.5322249640652,17.607250229220117,15.66268046528039,0.1245349466430552,63.43289109688307,54.67115682812456,16.61380816493925,32.23424317369782,15.494520719662733,36.52301067598182,58.82089912935372
10,217,Gopalganj,2,Cluster 2,-1.3679,-2.1223,1,0.0733,1021.0465532719186,17.54597558481381,12.492681533107572,2.3734080870815597,65.46791877989966,54.80801615139138,21.70173856406236,28.42301285083754,14.572224119362213,33.99404834654168,49.8641171874249
10,218,Siwan,2,Cluster 2,-0.8246,-2.2888,1,0.079,988.2298861553708,16.55679208662817,11.610544356582146,2.612248623615208,69.45458981247522,58.65882790258071,21.57011705543933,27.996579455595377,12.203888668059305,29.728254341409844,49.5598531127737
10,219,Saran,2,Cluster 2,-1.1945,-2.8217,1,0.071,953.6390021657872,17.23597635747402,11.996016055216502,0.9308523425160088,65.96266265531749,54.42475417338636,22.60958144683144,26.32255377338581,9.46434005290712,32.30301731057813,52.442197934881776
10,220,Vaishali,2,Cluster 2,-0.7808,-2.5246,1,0.1233,894.7978758874187,17.22144158790462,21.116639928629898,0.0650639867399938,66.5971225607716,56.72686451892767,18.683464935418883,30.338701827542668,12.220400536569228,46.42144436145251,67.5258218087715
10,221,Samastipur,2,Cluster 2,-1.5715,-2.3495,1,0.1211,911.0135726274808,18.710985586049823,18.84584211531629,0.0442091005982307,61.85812824661501,51.51149221721916,19.743486666420253,31.52362300619068,15.053631120472266,49.55739169271997,67.54749143963079
10,222,Begusarai,2,Cluster 2,-1.047,-2.2755,1,0.1183,894.888560019392,18.379312051239157,14.55189475587107,0.0537612508967221,63.87397219142647,55.20832146959129,16.37426909124253,31.58286655528404,15.884241072478703,36.28475072000955,63.08061762003534
10,223,Khagaria,2,Cluster 2,-2.1423,-2.2128,1,0.0864,886.0742306395439,20.45010876568644,14.82770867353856,0.0404946709013093,57.92040156681041,49.55775507204951,15.689373096727444,33.64387246638342,20.762227046354237,39.43474113105268,54.61488396144828
10,224,Bhagalpur,2,Cluster 2,-1.1553,-2.2059,1,0.0959,880.1977887715445,17.98630967625551,10.486949949403607,2.211493577846352,63.14024654569509,54.88641723203226,15.418053101454532,32.376687341948,17.12056018445921,28.3939043931642,54.30745235519476
10,225,Banka,2,Cluster 2,-2.5143,-1.5226,1,0.0981,906.7441947635735,18.44352388951441,12.181172942499938,4.444350521412075,58.170054372421255,47.65760260719014,19.961089760089397,37.895322452786885,26.1737267510177,37.64810395808477,48.51597758987394
10,226,Munger,2,Cluster 2,-0.2827,-2.3114,1,0.1087,876.1153350771767,16.805518491846186,13.44134409054187,1.564888705296597,70.46431819879516,62.079757793651545,15.65533893607951,31.193808877987085,15.531747671920892,24.63589104153678,54.70470493931908
10,227,Lakhisarai,2,Cluster 2,-1.5967,-2.1434,1,0.1231,901.6272596870872,18.804250523522548,15.30694007065556,0.832540722860751,62.41801997790078,52.57191020881731,18.683182659416023,32.627843406812985,18.139061502380063,42.87149086277008,61.81287051099898
10,228,Sheikhpura,2,Cluster 2,-1.7052,-1.6835,1,0.1261,929.8120051070076,19.1166071074988,20.604486266818785,0.0969604395120862,63.85840157763335,53.397372225048656,20.163198940312935,35.304128911811574,23.837651133891494,47.866728984442815,65.87968217934166
10,229,Nalanda,2,Cluster 2,-1.5935,-1.5274,1,0.1378,922.2028509211387,18.02444561592381,21.11693105457816,0.0501102808434512,64.43200682331117,53.103650187692594,21.754539327123425,36.32891109525714,24.77305042108717,50.3761167760326,70.87572458916034
10,230,Patna,2,Cluster 2,0.0809,-1.9386,1,0.1473,896.5217611625357,16.16096011537279,15.773289725981057,0.1553319237162507,70.67907029195412,61.95854029357374,16.51762563865352,32.23254742470838,16.140673410018213,33.01916269104505,72.86663485460862
10,231,Bhojpur,2,Cluster 2,-0.9063,-2.4083,1,0.1285,907.470042925656,16.82985712908668,15.591588791554924,0.5122769440189825,70.47139545746997,58.02844359694455,23.707318139253797,30.14553913693961,14.037458388770032,40.3602219107032,62.250864141093
10,232,Buxar,2,Cluster 2,-0.9698,-2.0665,1,0.1339,921.6173391878392,17.295786566898272,14.75293491612516,1.5720085890836122,70.13814239401938,58.62971500605142,22.08602482431529,31.54812137237803,16.635649915992058,40.75887665746524,61.0316873544087
10,233,Kaimur (Bhabua),2,Cluster 2,-1.2106,-2.3477,1,0.1163,920.156409753886,18.40161978966837,22.69377957481136,3.565025233893103,69.34473058986379,58.39669379787512,20.968612356972397,31.42941642318173,17.347679816469032,41.25885480756627,55.68595536061882
10,234,Rohtas,2,Cluster 2,-0.4552,-2.2057,1,0.1313,917.609193376809,17.12243379715249,18.56625757875725,1.069286378879415,73.36945621635901,62.97152988474757,19.910852994590982,31.246777782357483,15.31659761701022,36.927316978761546,58.6497260722754
10,235,Aurangabad,2,Cluster 2,-0.9929,-2.1417,1,0.1264,926.218108356513,17.9283823732625,24.09631534211812,0.0406681225303367,70.32267317894025,59.711912310010185,20.3978782892735,32.98212295473398,19.536200178649064,40.04046456664717,57.329099872279976
10,236,Gaya,2,Cluster 2,-1.6083,-1.6535,1,0.1101,937.4763408610206,17.83157513131294,30.385424480202065,0.0705466890193554,63.67473413814978,53.34251464060523,19.96762814461709,37.89350045930495,27.66743283767528,41.02275035425363,60.51799752653447
10,237,Nawada,2,Cluster 2,-2.0184,-1.6969,1,0.1132,938.68091009795,17.73416440378416,25.465291603166264,0.0921525667982187,59.76186446202041,48.85846558300622,21.12279419300248,36.81781189700903,25.83598733524558,45.85082021587656,62.23788035116965
10,238,Jamui,2,Cluster 2,-2.5545,-1.0402,1,0.1161,921.7052520347924,18.433996722345142,17.192009793200995,4.47584504702043,59.79474779440237,47.27555619716728,23.96447371808616,41.32975082438416,32.60329653540454,39.951702308090894,61.21079592232236
10,239,Jehanabad,2,Cluster 2,-1.2808,-2.0462,1,0.1337,921.7001205638152,17.66486302033301,19.81439830518265,0.1141904519009377,66.79571475443808,55.01127367809936,22.646619421272177,32.46901084409404,18.33413311445887,49.037435204090016,68.88482612527301
10,240,Arwal,2,Cluster 2,-1.5878,-1.8557,1,0.1225,928.0571779134352,18.24103258504401,20.16343175290329,0.0841843322969623,67.42576814740612,54.85249532523646,24.20976209864294,33.72424351816313,20.26495052557315,54.89054553762577,68.23535882616753
11,241,North  District,0,Cluster 0,0.5837,1.9552,1,0.0361,767.4484431864132,10.700313436592008,2.246676885767233,65.69585211283717,78.012912482066,70.96909188736772,12.326133398442636,53.44208286622892,39.11691869961537,24.585812748833423,73.70178517916005
11,242,West District,0,Cluster 0,0.1975,2.6773,1,0.0987,942.4670406332756,11.5117088723568,4.350056803606113,42.376956059662106,77.38985662102726,70.8601911535897,12.665402496999944,51.56154945578481,44.67876187742647,49.343264911582416,72.8165690566896
11,243,South District,3,Cluster 3,1.0136,2.1589,1,0.0922,915.351506456241,10.721144024514812,4.121893088185223,28.186584950629896,81.41580095495247,75.81561304980879,10.701797710026211,50.9043241402792,41.96779709318894,35.292229074418415,68.08823726138081
11,244,East District,1,Cluster 1,2.0325,1.5519,1,0.0706,872.6755243277511,9.868010423756008,5.397008988550089,27.65892172661972,83.85361445076076,78.50460977339502,9.96828585563783,49.25471555065008,35.81282018297251,19.65377511132748,79.51001589369837
12,245,Tawang,0,Cluster 0,-1.7035,1.6062,-1,-0.0367,714.418030256252,11.58132741060888,0.0,69.65404085879504,59.00337187987961,46.52963458110517,21.00857481783526,57.14828821257778,43.24882358590224,22.59724799551836,85.53622072056301
12,246,West Kameng,0,Cluster 0,-0.6048,1.4619,1,0.058,818.8061965117539,13.869465257841258,0.0,55.24914529405458,67.06682894445673,59.053324596711285,14.393452201202017,50.61884284131655,37.52116850127011,28.588238062739745,81.78288188642836
12,247,East Kameng,0,Cluster 0,-2.3381,2.2205,1,0.013,1029.4003868471953,18.58685982971153,0.0,92.0066082094294,60.01654595404595,51.68711656441718,16.959590783663174,40.29736942432329,38.29637980709006,62.15389467045096,85.53453169347209
12,248,Papum Pare,0,Cluster 0,1.0823,1.1429,1,0.0715,979.9174721356328,14.25472750647041,0.0,66.38387522441144,79.95085962629538,73.72114743162108,12.336953623929404,37.24918305743234,28.045222048036983,18.1825092744633,77.77929818159703
12,249,Upper Subansiri,0,Cluster 0,-1.2781,2.2938,1,0.0655,998.371569519613,14.949429584891188,0.0,93.85845077173808,63.796091471404615,57.58854474357893,12.436295769038914,39.98897517016585,37.11201727032861,54.12046748576566,77.06622715013485
12,250,West Siang,0,Cluster 0,-0.6772,2.2961,1,0.0775,930.1677898500894,13.231024101751071,0.0,82.63979193758128,66.46136790564469,59.62776617063915,13.179234007532813,43.800879990024406,37.00328983846524,53.88697968562539,87.43925005592045
12,251,East Siang,0,Cluster 0,0.1375,2.0501,1,0.0944,979.6871258679862,13.0576329953434,0.0,70.53339246477312,72.54431421648756,66.49320206282232,11.971900347783432,40.54064950511017,33.873070186158294,48.92098851374869,83.48167669434638
12,252,Upper Siang,0,Cluster 0,-1.7295,2.6233,1,0.0469,888.8710626236697,14.122310305775764,0.0,80.60022650056625,59.98615323750494,52.63454494223725,13.81934697645388,49.95469988674972,46.182540160038506,49.88097936975742,82.3169349353888
12,253,Changlang,0,Cluster 0,-2.0746,0.6708,1,0.0947,926.3138743047252,17.452403761823163,0.0,36.348548837585845,59.80368920454081,49.837562410231854,19.09140601147997,42.4797269035122,33.16170487387413,53.81793348791412,80.62287583775371
12,254,Tirap,0,Cluster 0,-3.3157,2.0832,1,0.006,943.8754253176864,17.90131725831659,0.0,87.85175262335343,52.185358424888506,41.88870681721251,19.977864171158352,44.80375083724046,41.61041731805558,66.7523769658554,88.22579680679304
12,255,Lower Subansiri,0,Cluster 0,0.3699,1.7174,1,0.064,984.3223478240088,12.429242442490668,0.0,87.81283873298807,74.34603218264337,68.07974525820296,12.45038180833619,36.374804287606885,31.23072814237502,34.3619627839216,75.05794318257068
12,256,Kurung Kumey,0,Cluster 0,-3.3661,2.162,-1,-0.003,1031.7754534622004,18.449976106694468,0.0,98.57509014292542,48.750799062433416,42.64176535030519,12.482044173504336,41.318041617794,41.95004063475769,51.15129849647776,64.06266428346126
12,257,Dibang Valley,0,Cluster 0,-0.5386,1.1949,1,0.0429,813.3212505663797,13.543228385807096,0.0,71.22688655672164,64.10404624277457,59.15584415584415,8.917072510822521,44.41529235382309,36.96378830083565,24.13502109704641,71.0267229254571
12,258,Lower Dibang Valley,0,Cluster 0,-0.2661,1.2758,1,0.1009,927.7795601183474,14.809541420118345,0.0,48.02884615384615,69.13025547524472,62.18707636692273,13.361146347249608,41.28328402366864,31.597955968801628,50.913732867508735,88.81573053838574
12,259,Lohit,0,Cluster 0,-0.7744,0.7638,1,0.1124,911.887799950145,16.401328520648338,0.0,32.53365905878155,68.18140775702852,60.04189533092118,15.478694098069496,41.82163786832823,31.70275519746781,49.3969972926409,83.27836573960128
12,260,Anjaw,0,Cluster 0,-2.9612,1.8045,1,0.0045,839.489006691579,16.4028912930505,0.0,77.72003590494639,56.4566261655835,43.70902672718104,23.104452736098693,49.61024235838806,44.27536231884058,52.63308256356537,88.22016950766593
13,261,Mon,0,Cluster 0,-2.6615,4.0992,-1,-0.032,899.4633898279357,16.120035163430032,0.0,95.21497642451853,56.98701397688622,52.580996131528046,8.358508992552416,59.00023975065931,57.57381420506805,59.8351551600363,71.0993268045566
13,262,Mokokchung,0,Cluster 0,2.3125,4.3238,-1,-0.0271,925.1968503937009,10.551736186042689,0.0,91.68079662114252,91.61793596268512,91.00541135906522,1.1774990408994483,51.41607834674394,45.95637763284508,47.06746479858494,80.99173553719008
13,263,Zunheboto,0,Cluster 0,0.3588,4.6916,-1,-0.0164,976.4522515691478,14.274956130068132,0.0,97.01897596567134,85.26238148909368,82.62135434968124,5.232703875963665,56.45616203812244,55.05895887259131,40.89925251050764,62.14229985150882
13,264,Wokha,0,Cluster 0,1.3362,3.9463,1,0.0264,968.4397372936512,12.106310454903422,0.0,94.1554498836741,87.69057145788449,84.47873552043113,6.328061681989126,47.13874343976001,44.37547349641975,56.416109779115445,80.99780645819517
13,265,Dimapur,1,Cluster 1,2.1607,1.3504,1,0.0548,919.0603564444716,13.436251851187004,0.0,59.12948673612962,84.78986804426783,81.77011406066185,5.773689326994486,39.95396121020773,28.50063665477877,16.582094482986456,80.84440039643212
13,266,Phek,0,Cluster 0,-0.6873,3.5654,1,0.0481,951.42280548822,16.982217381194236,0.0,96.16198949932075,78.05419191249096,72.20900824953333,11.45314259248984,49.123719541299,48.59868214621901,56.52926741158738,79.28173698568706
13,267,Tuensang,0,Cluster 0,-1.0532,3.4847,1,0.0278,928.678641852982,18.204846487212357,0.0,97.1108262629962,73.07625337363034,69.593869929835,6.713117854429612,49.92675334187878,47.77262499603857,59.52279071662897,74.90066629989607
13,268,Longleng,0,Cluster 0,-1.4563,4.6168,-1,-0.0368,904.9128367670364,18.045321289913637,0.0,96.29783693843596,72.16851162565862,69.63053187170118,4.8457025537718295,60.549877188812296,59.60720540405304,55.98992410363779,68.51609526302015
13,269,Kiphire,0,Cluster 0,-1.5122,2.5857,1,0.0428,956.2252180808882,19.878655207826604,0.0,96.5204583536025,69.53940600070835,63.96098300761728,10.923429145619174,43.18550348629804,41.96107701664179,59.106980819174574,80.82230357645733
13,270,Kohima,0,Cluster 0,1.6148,2.5374,1,0.0464,928.4429284861044,13.540158514560355,0.0,83.86121766646268,85.23405063400402,81.47637706616223,7.214202698021154,42.84706777915429,36.183751608252855,33.90202482037884,86.57348138471586
13,271,Peren,0,Cluster 0,-1.2974,4.8422,-1,-0.0342,915.3357203202316,16.188995893676683,0.0,88.47183860364002,77.94596762067064,72.5753475050582,10.266533348655829,64.47242672155767,64.03911658059553,43.867079328880926,59.54552858771787
14,272,Senapati,0,Cluster 0,-1.4564,3.289,1,0.0424,937.3370046457468,13.218254067636725,0.2087037825473549,87.49071268167664,63.60479350092469,57.6693587121756,11.540404684439004,48.75779508627814,47.224846328049175,66.2762924724555,79.49807809196052
14,273,Tamenglong,0,Cluster 0,-1.0953,3.6542,1,0.0512,943.471832640146,13.726884273840923,0.0156415524951831,95.71634755529644,70.05373154008439,63.68532475230756,12.40417909205592,50.24848739077575,48.971880492091394,61.44039617969579,79.20622568093385
14,274,Churachandpur,0,Cluster 0,0.6839,3.0587,1,0.0671,974.8091053162368,13.658929828593106,0.1615944963030243,92.93945130825882,82.77847721569258,78.49536740532001,8.477114261667197,44.741248180694015,38.471656702851696,46.07639313521666,73.19636378459909
14,275,Bishnupur,3,Cluster 3,0.1196,0.946,1,0.1418,998.6109006415114,13.18581796890467,9.314698040008592,1.3845888146116874,75.85445617576275,66.68212470774641,18.4265603492767,46.30895665103897,39.73292192518779,28.459026533378207,69.51526783521471
14,276,Thoubal,3,Cluster 3,-0.5067,0.8886,1,0.1411,1002.2670682254736,14.34405260465028,9.615366394421178,0.4282655246252677,74.47319226131877,64.09225479372299,20.90699333076532,46.265704648386425,40.66855003951297,36.47417813935152,68.3128625479344
14,277,Imphal West,1,Cluster 1,2.2109,1.0599,1,0.1006,1030.911101178574,11.94516517629616,3.1911689755826345,4.664357750698852,86.08010663930527,80.16880718182209,12.074158779836068,41.19503776120095,32.268823829191675,16.470075496632877,77.79714790498016
14,278,Imphal East,1,Cluster 1,1.4181,0.9849,1,0.1136,1017.3600360911836,13.14060331540649,3.47260437654704,6.063628969137034,81.94922976346432,75.32324046701902,13.445114864542164,42.71923843433535,33.59983305726918,19.139534406306456,74.5930160945968
14,279,Ukhrul,0,Cluster 0,0.3541,3.6218,1,0.0537,942.5874701746236,13.268079000858704,0.1347840737399319,94.3521125229622,81.35413729360529,76.94816915936049,8.572099051550822,47.78801943499386,46.36648745519713,54.16984157672668,77.02123304029386
14,280,Chandel,0,Cluster 0,-0.8518,3.4646,1,0.0464,933.2788050255434,11.92035066790584,0.3745266399411854,88.97088402158383,71.10673648568842,63.964081419794326,13.820298627132573,52.87622588117795,48.30682585520739,45.91673443689498,70.50683386237834
15,281,Mamit,0,Cluster 0,0.271,3.1636,-1,-0.0161,926.5637547961096,17.941503404196194,0.0590523829373349,95.03959983326384,84.93276326743711,80.3507632348165,8.776263792210528,45.55022926219258,36.89088983050847,73.46399247566029,91.9825109941788
15,282,Kolasib,0,Cluster 0,1.9752,3.0657,1,0.0022,956.1722354256956,16.058602822940863,0.1000536001429337,87.67673158239533,93.50389510876504,92.38469372908482,2.184376836994716,43.68054314811506,33.96690791237177,51.32253490401396,80.9800392670157
15,283,Aizawl,1,Cluster 1,3.4062,3.469,-1,-0.0468,1008.8774025191952,13.079146359437336,0.1566290040943371,93.31341538661384,97.88562790269924,97.6680446748738,0.4380773017492601,43.62529945617011,34.815632787668065,25.438626629102817,86.7003367003367
15,284,Champhai,0,Cluster 0,1.7811,4.2786,-1,-0.0479,983.7350918154856,16.418147838880273,0.0135194242315797,98.1876018927194,95.91056137012367,94.58858697735025,2.6257608323031576,47.9875939401169,42.03698061163943,65.56958668920487,88.016638493918
15,285,Serchhip,0,Cluster 0,2.3856,4.7297,-1,-0.0681,976.713037654866,14.320033263008764,0.0492785314997613,96.84617398401528,97.91149933498689,97.53247695768924,0.7509988257865388,49.88989328118022,44.05659789316213,67.15436614501343,92.10112047411798
15,286,Lunglei,0,Cluster 0,0.9908,3.575,1,0.0298,947.4731876802064,15.559258616844662,0.1102658770473523,95.10927472309636,88.8570988401523,85.485819565677,6.556181775398429,48.499640706692766,40.8240701834804,52.862361416236645,79.20732641904664
15,287,Lawngtlai,0,Cluster 0,-1.8273,1.4272,1,0.0437,945.477648146009,19.07052097647039,0.1238400597146589,95.30086348753966,65.88443680498057,57.12401340685479,17.000381500194784,38.6499737051928,29.756523256828693,58.96282315761752,83.57547294035027
15,288,Saiha,0,Cluster 0,1.6513,1.8098,1,0.0007,978.526963698678,17.062608265280872,0.1467105030579418,96.58500371195248,90.00873809168603,87.34350883210426,5.299623769497629,34.3991939760314,25.91136526090064,37.28482606238117,75.50485586557731
16,289,West Tripura,1,Cluster 1,2.7689,0.4494,1,0.0889,962.342568123826,11.059030363224103,19.59125916491428,25.0295090972621,88.69397070407045,84.74712179786736,7.750329077918323,40.45675504812721,23.36871433787343,26.17369782490998,75.08085330674984
16,290,South Tripura,1,Cluster 1,1.4724,0.8165,1,0.1089,957.3516793879484,12.779551621516411,16.000894976147286,39.364681090546696,84.65523288990802,79.09492096605953,10.888726852026297,41.8772352999597,26.51748016720464,37.873488803173,70.45400646049421
16,291,Dhalai,1,Cluster 1,1.1236,0.8506,1,0.0868,944.1874331770704,14.808714274383313,16.30965285672739,55.68252121724876,85.72337447512406,79.78608255676177,11.518919731237077,41.20006345345425,27.315092059275063,37.00098183288306,69.47205626608313
16,292,North Tripura,1,Cluster 1,2.385,-0.1552,1,0.0823,966.6354928300176,14.295616235822044,16.567259459295883,25.855865073269285,87.5003152622225,83.74540651880847,7.382961874578228,35.83371640773719,18.36276375235644,27.842455975260087,74.84105249188674
17,293,West Garo Hills,0,Cluster 0,-0.8488,1.5732,1,0.0734,984.4921782211816,17.490373718892382,1.369520170498266,73.68500414275965,67.58054700938435,62.70260426151884,9.68941846226666,39.74764142510932,32.519145682664224,46.48504260969209,73.67076924280289
17,294,East Garo Hills,0,Cluster 0,-0.6782,2.1144,1,0.0428,971.9084745972968,18.266088318649206,0.1601046814105568,95.99360839464389,73.94649138335784,70.0533798094583,7.66980909080327,39.65594793609653,34.341455320561096,50.13761868124024,66.5773004529122
17,295,South Garo Hills,0,Cluster 0,-0.8553,1.3977,1,0.0467,945.2507858411916,19.60810488007082,0.2241207301136762,94.311267862914,71.71684509504041,66.9043707461501,9.327969938878866,37.28483707336265,29.26811636111272,46.823946183270834,72.3529744295163
17,296,West Khasi Hills,0,Cluster 0,-0.4991,2.7734,-1,-0.0114,979.5111374958057,22.74390355212133,0.0438114958235648,97.81881338649823,77.86678008553673,77.18929150155915,1.343642830616005,42.597552293453575,38.8155745048644,55.715204016039664,73.34353668615508
17,297,Ribhoi,0,Cluster 0,-0.0847,2.3988,-1,-0.0019,953.0524933789076,20.422654921959516,0.2279400401792613,88.88927522794005,75.66778976395537,74.49388684951404,2.292860355507912,41.13467779323134,33.72839623463095,61.208944990748826,85.35027659594451
17,298,East Khasi Hills,0,Cluster 0,1.9679,2.2988,1,0.0039,1010.770567913738,16.836335634599877,0.6831153547187264,80.05090069037996,84.15457432079282,83.81110505789468,0.6939898989217426,39.56620600976848,29.501677613910346,30.76937200492065,88.61334328888019
17,299,Jaintia Hills,0,Cluster 0,-0.8005,2.0647,-1,-0.0317,1013.011692182286,23.0082202042903,0.3333130865247365,95.18505583057473,61.643322277483215,65.06213500152657,-6.921006130264743,39.02066186817303,32.86125961204794,40.38461538461539,71.74536256323776
18,300,Kokrajhar,0,Cluster 0,-0.6584,0.2175,1,0.1223,958.7816429494044,15.434282223139023,3.333175523196963,31.411544036918556,65.22170888994933,58.27059483176284,13.622200737956618,38.452806878718405,24.136358716553403,46.21919438573451,74.19730250255768
18,301,Dhubri,2,Cluster 2,-0.8862,-1.2179,1,0.0809,953.461849900987,18.89241957709036,3.611374174172942,0.3248415550942974,58.339236784912806,53.332727461570414,9.76282779796513,34.36276778138143,15.232234262830955,42.891736424317614,75.39320323848682
18,302,Goalpara,2,Cluster 2,-0.0082,-0.2565,1,0.1142,964.1510095618088,17.026373188200953,4.472799085086735,22.96904431040793,67.37112773542006,63.13140536315625,8.328667200160538,35.963014651109965,19.288085659266383,40.38276429849989,73.46823949935599
18,303,Barpeta,2,Cluster 2,-0.1916,-1.2004,1,0.1147,953.4189000281428,16.99487843214129,5.628174409638042,1.6145279170912992,63.81152843982009,58.057138189466805,11.231849865688028,33.17292760722286,14.096837959008877,43.02094606140001,78.21897960927265
18,304,Morigaon,2,Cluster 2,0.022,-0.3945,1,0.1273,967.3708674183348,17.110409923304537,12.30814384028794,14.285953021809586,68.03166314685913,64.04009224492512,7.862217232495112,36.676369796840056,19.78962215254943,49.79268000956861,74.31852096551881
18,305,Nagaon,1,Cluster 1,0.7563,-0.8134,1,0.1256,962.159998665844,16.288165316697405,9.432432126152008,4.077990826441832,72.3705785700144,68.06912303620875,8.438729424018533,34.705329899623486,15.40238153014178,40.31651085002214,74.99943877436485
18,306,Sonitpur,2,Cluster 2,-0.0345,-0.0838,1,0.1399,955.5871304517514,14.441066259205554,5.671713155692762,12.06828091949005,67.33930732186158,60.72524844562067,12.92311230642877,40.04999714153556,24.825516961176596,32.09201589398473,72.4527190289201
18,307,Lakhimpur,3,Cluster 3,0.3006,0.5533,1,0.1283,967.5064284824252,15.040153070085797,7.853094170919945,23.93408928000829,77.19534040058821,70.6692064074907,12.850268393357936,41.26088988300003,28.830374095300535,38.3734694589472,65.9386737055082
18,308,Dhemaji,0,Cluster 0,-0.8506,1.6187,1,0.1218,953.4091200259644,15.193410024004091,6.445543356754449,47.44852674335734,72.69946346878942,65.21327447957366,14.628024144969643,46.17180634075318,38.88600231722029,47.56313131313132,63.561868686868685
18,309,Tinsukia,1,Cluster 1,0.1402,0.1291,1,0.1364,952.173599850639,13.692448918579233,2.83810354318642,6.179999081276183,69.65534511296106,61.73339610381474,15.455456129721853,41.95977345174328,29.423126210054683,21.953316247783544,73.61646530125844
18,310,Dibrugarh,1,Cluster 1,0.9264,0.3784,1,0.1344,960.7751827968436,12.3053376409429,4.438999197035439,7.756034486008437,76.04780225685116,68.99425998360998,13.828790722144277,42.26360610253066,29.626666215315872,19.24407330565848,69.85855140512027
18,311,Sivasagar,1,Cluster 1,1.482,0.4032,1,0.1273,953.5280779883778,12.108944007645194,3.67898874940272,4.260370965640068,80.41209089920626,74.71046851826337,11.132994503388232,42.19773250510404,28.593143170402648,17.348167760238987,65.66580951459389
18,312,Jorhat,1,Cluster 1,1.5107,1.063,1,0.1221,961.6490512836632,11.407032783523276,8.117602466820966,12.814852928251252,82.14944887781064,76.45065730520678,11.177059430676737,45.65028711217883,33.2190994133917,23.834478498570046,67.91471627578628
18,313,Golaghat,3,Cluster 3,0.7636,0.9458,1,0.1353,964.220553390247,12.634222148904104,5.839225860633919,10.475795022532823,77.43459625896502,71.08650425265955,12.470046972948936,44.98391583746373,32.616993204474845,33.07683652547882,69.01243519861312
18,314,Karbi Anglong,0,Cluster 0,-0.8761,0.887,1,0.1137,950.9942529790868,15.861020398133247,4.701494176069969,56.33490290312899,69.2507879378399,61.996769526375815,14.141661782514303,40.09576362550754,29.44313584156037,48.08953659102704,67.93274584616668
18,315,Dima Hasao,0,Cluster 0,0.3718,1.3508,1,0.0909,932.2936409090088,15.13951294242931,2.025670007753314,70.92086949211124,77.53566553652416,71.32522949431129,11.9628687224356,39.71378128181895,27.787996127783156,43.759702686173966,80.3229524391965
18,316,Cachar,1,Cluster 1,1.6733,-1.0417,1,0.1368,959.4362529392384,14.78587391462827,15.253622416456825,1.01167960465664,79.34138959335552,73.68271501401425,11.093278637847604,35.01416835145573,16.265392499173853,23.27048886462236,77.50180080320757
18,317,Karimganj,1,Cluster 1,1.0764,-1.4353,1,0.1084,963.1836948602252,17.250949388208216,12.85031326148422,0.157892252373674,78.22136937582003,72.08726178535608,12.034723603258158,32.48763313002671,13.16690499019611,29.237093877060204,73.50032943274938
18,318,Hailakandi,2,Cluster 2,0.6981,-1.4142,1,0.1208,951.2148924206105,16.87830655729748,10.717340921225064,0.104808765713731,74.33441967234653,67.59802893688405,13.139743082734824,32.49526767946416,13.518104826916735,34.476288274831965,77.10651605675878
18,319,Bongaigaon,2,Cluster 2,0.5316,-1.0044,1,0.1367,965.8558131861698,15.754110697830548,11.205136951072276,2.549390636758869,69.741264628574,64.43196278619399,10.4337699295572,34.624338796216584,16.0513077639358,35.84005066339336,74.9282659515414
18,320,Chirang,0,Cluster 0,-0.8556,0.4149,1,0.1251,969.1333823409296,15.184730443294992,7.286969939563881,37.0597434057433,63.55395686971661,56.65166328842256,13.592824068253528,40.21345522874055,27.446882032178404,42.63669840221977,71.7025797600751
18,321,Kamrup,1,Cluster 1,0.7208,0.2621,1,0.145,949.4130084872588,13.183226559792086,7.105371712941058,11.995582329846554,75.5471236397337,69.46698796384159,11.83675273612664,41.44557448821845,27.12314347141924,30.504456605729512,66.97532728943611
18,322,Kamrup Metropolitan,1,Cluster 1,3.6357,0.0192,1,0.0823,936.3295937984974,9.999377959675837,8.11754648156448,5.990806563003912,88.71465382188858,85.06685783748402,7.059574706274702,39.151218002803965,19.018459544192904,5.8940953125891165,84.15707266994207
18,323,Nalbari,1,Cluster 1,1.6921,-0.7948,1,0.1332,948.5538097907609,12.354611418033562,7.803649115713436,3.027840738998418,78.62875680535141,72.57222637928203,11.78561771707301,34.68240977970268,15.286463116925296,26.51042698123853,73.52619169503369
18,324,Baksa,0,Cluster 0,-0.3943,0.8203,1,0.1477,973.8536970477636,12.93287372049575,7.692340078414863,34.84009157171803,69.24986974176835,61.27344987768475,15.753615867052993,42.81304107570455,29.89791891113505,41.52292775029748,68.41865885198989
18,325,Darrang,2,Cluster 2,-0.3739,-0.8399,1,0.1106,953.6140281480328,16.84523424878837,4.336025848142165,0.9067312870220788,63.0804360102164,58.03841001871066,9.83464852068444,34.985783521809374,17.205285651560917,47.3739621909661,74.33006098330578
18,326,Udalguri,0,Cluster 0,-0.5153,0.6417,1,0.1371,972.5675198106338,13.620098404651856,4.550373466335124,32.148886334450765,65.41340824116014,58.04843204296035,14.527328444894088,41.486506634859104,27.88433633865056,40.93267252123004,73.3785467930325
19,327,Darjiling,1,Cluster 1,2.1104,-0.2518,1,0.1207,970.451070621888,10.45952968963458,17.17950231289084,21.517438325167056,79.5562433253873,73.3339220534558,12.273944098852496,37.02173949533875,22.443720287962144,12.29600746497866,77.93399695199538
19,328,Jalpaiguri,1,Cluster 1,1.1161,-0.9765,1,0.0901,952.9606709617036,11.921465506245278,37.65391136130897,18.89318604457807,73.25338757121507,66.22753649052787,13.718907219556073,39.06455356086971,22.306752842391344,26.02672994427957,76.26131098346895
19,329,Koch Bihar,3,Cluster 3,1.1566,-1.2892,1,0.0834,942.1318845751622,12.225416322879118,50.170019644664976,0.6429388816091457,74.7847291570096,68.49010575585558,12.220029643272936,40.01215287508079,20.669828539337672,51.81391109925114,78.57935046547935
19,330,Uttar Dinajpur,2,Cluster 2,-0.8004,-1.5441,1,0.1022,938.7530898104916,16.133534455065853,26.86777509748485,5.414324735778319,59.067430036039184,52.17462620344408,13.344571379355486,35.76914098274304,18.955090009532523,48.39423740221973,76.63834827347051
19,331,Dakshin Dinajpur,3,Cluster 3,0.8372,-0.0192,1,0.1265,955.5272462987008,11.223390420193333,28.799195359236784,16.427247064325922,72.82139259653488,67.00880914886154,11.365712568331418,41.93742557908125,24.836126518019675,49.12921576074664,74.89043182875359
19,332,Maldah,2,Cluster 2,-0.3075,-0.8922,1,0.1186,944.3164918468603,15.268580253181058,20.94415802068017,7.871551790054515,61.73231887638488,56.95542617231215,9.282978704409976,38.55369160747033,23.299698963095107,35.224115272845744,68.34197420159482
19,333,Murshidabad,1,Cluster 1,0.7649,-0.7263,1,0.13,958.2857807608632,14.26547765163102,12.634549333899416,1.281495964065465,66.59372144591133,63.08996761623883,6.855590692207109,36.458014695500594,17.381983940708405,37.575673566657024,78.07550618612946
19,334,Birbhum,2,Cluster 2,0.5665,-1.1275,1,0.1266,955.6451432783152,12.805061894630088,29.498024785261777,6.923358927182586,70.67793874035297,64.14376757816166,12.775088947176512,38.01968590716548,17.635747690308527,40.72760424841338,68.55226370021695
19,335,Barddhaman,1,Cluster 1,1.5959,-1.0314,1,0.1313,945.4950718308478,10.781032820852904,27.41434051137645,6.341989044987388,76.20630510650597,69.63078911793211,12.787985158272631,37.72241315036884,16.481517721881453,30.96534788652713,74.42649225367376
19,336,Nadia,1,Cluster 1,2.2853,-1.1215,1,0.0972,947.268939862113,10.16293830791857,29.93492143354749,2.7227339577366667,74.9728589830304,70.97778699515999,7.773783747571841,35.6569200402508,11.477179063676491,40.96418823981457,86.60989565327822
19,337,North Twenty Four Parganas,1,Cluster 1,3.3941,-0.7979,1,0.0935,955.2686853841346,9.570369221864096,21.66964492030345,2.643384505615058,84.05716294468463,80.33586123602886,7.275955424931723,35.68134008126651,12.809504841329694,19.48631770869498,85.55295854210857
19,338,Hugli,1,Cluster 1,2.541,-0.5524,1,0.1283,960.8616053204428,9.661097869325774,24.351978431441825,4.153596254492317,81.79785737278966,76.36280998429879,10.66236415245389,39.00731000906843,16.241941185257712,27.935778751155432,79.64461393395793
19,339,Bankura,2,Cluster 2,-0.1352,-0.9962,1,0.0967,956.7399943963724,11.639920660032018,32.65369616484563,10.250859544123266,70.26353482541353,60.05081121062533,19.99464084263328,40.76599658462235,23.621230550347757,36.92822359536768,62.50037511423934
19,340,Puruliya,2,Cluster 2,-1.9281,-0.7653,1,0.0936,957.3298793049548,14.00037199905123,19.37695278171676,18.45156248133605,64.4832230638822,50.51906285612319,27.341345087043564,42.648223704530366,31.287562302921117,23.629887599808587,49.08589820124484
19,341,Haora,1,Cluster 1,3.1344,-0.7541,1,0.1135,939.3762603371136,10.779358226517822,14.823643322545085,0.3112146339743535,83.31446443646243,79.43035434425289,7.522298936549063,37.52235295912664,13.69290101778896,10.133939978404754,82.2194747354857
19,342,Kolkata,1,Cluster 1,4.1614,0.0427,1,0.0332,907.9934113102446,7.546054946144879,5.380219334471057,0.2375967766541374,86.30783733277593,84.0627496939786,4.279137027196228,39.934672005700186,17.910602599713634,0.9085947854366444,87.78659494136122
19,343,South Twenty Four Parganas,1,Cluster 1,1.6033,-1.5184,1,0.1145,955.5330925602656,12.566575606033892,30.18921555738872,1.1881458389717865,77.5145516951264,71.4014351562787,11.948020615563422,36.32085475537068,15.243106948703206,21.99599661864723,67.5894435947585
19,344,Paschim Medinipur,3,Cluster 3,0.7042,0.0903,1,0.1354,965.9850692430064,11.583951654675092,19.079685537579792,14.881565892844067,78.00430147013118,70.49756167421197,14.76146345465935,42.4313392318571,25.87445776597517,36.88817647666011,60.20136627451668
19,345,Purba Medinipur,1,Cluster 1,2.1737,-0.7184,1,0.1046,937.7173616281484,11.531954767336329,14.628184561042016,0.5485220889444894,87.02310734101101,81.3676631920366,10.95261586434387,37.48757573527608,15.986108908975966,27.17120691821265,59.01168390636124
20,346,Garhwa,2,Cluster 2,-3.057,-1.2236,1,0.0376,935.097099806166,18.11815080920241,24.18732007644483,15.56368991460435,60.33274244774356,47.583596819009294,24.60287315088042,43.19911640902824,36.91750272602545,18.2781473178739,30.64691975059106
20,347,Chatra,2,Cluster 2,-2.2268,-1.816,1,0.0492,953.2077874647664,18.72889270735248,32.65486352295457,4.368933900733159,60.179573248069474,49.92444459512474,19.99868418545061,38.133602330456064,28.7801772665738,35.07505846262164,49.15939550906485
20,348,Kodarma,2,Cluster 2,-1.805,-1.8512,1,0.1083,950.4795464324033,18.48144316511206,15.218377709739077,0.9637575234656738,66.83673469387756,53.22582912241987,26.55205705426887,35.93923427140183,23.901477493790058,24.553061557466844,55.67753614743336
20,349,Giridih,2,Cluster 2,-2.9709,-1.0761,1,0.0595,943.7865730650552,18.82052313784567,13.310016790201,9.739952254654924,63.14026182449025,48.718964592747625,28.03948412924421,42.375302293134176,34.72623667650348,20.582045148160194,39.84571692703785
20,350,Deoghar,2,Cluster 2,-1.9552,-1.6334,1,0.1058,925.2008330086112,17.991948115139138,12.736374158637007,12.128226970128138,64.85166963599809,51.80347834393167,25.05009355532841,36.95978682008186,23.39805676304753,25.76491431037578,53.882825264249725
20,351,Godda,2,Cluster 2,-3.2503,-0.7368,1,0.0739,937.5994760497812,18.406898552092763,8.798059610932503,21.25596950556164,56.40395720338469,44.142201976767566,23.69764914818037,42.03803278289156,32.75080865417291,29.739528532699737,42.69084429119634
20,352,Sahibganj,2,Cluster 2,-2.8444,0.0194,1,0.0841,952.1285530318582,19.290923518578232,6.287421766833222,26.799221601175766,52.04143388196577,43.311724622657984,17.02437312373985,42.60525462663191,34.66149657148559,39.355816581735695,65.80389308897149
20,353,Pakur,0,Cluster 0,-3.2623,0.6348,1,0.0408,989.1751222217068,19.726639286912132,3.161739717599081,42.09737212107212,48.82145658751603,40.51733953948227,16.54749727949403,44.93270932962544,38.0944298409196,31.228620014632316,62.290401993158405
20,354,Dhanbad,2,Cluster 2,0.6688,-2.1819,1,0.0872,909.3677184776764,13.909324202352256,16.290226028287712,8.683931045298413,74.51902627890786,64.29488298352024,19.51068842110556,31.458673482121537,14.520805518208006,6.91873573126948,64.73788164413668
20,355,Bokaro,2,Cluster 2,-0.1766,-1.9116,1,0.0977,922.3681426388904,14.245343858645318,14.509171665058457,12.39500952805807,72.00951743354986,60.62554505385721,21.88366142785374,33.232702816717016,17.95723798234099,10.91399073198632,55.48902195608783
20,356,Lohardaga,0,Cluster 0,-2.2513,1.6468,1,0.081,985.0921424242034,16.814785941661796,3.3196907685311507,56.89469239264601,67.60720672877927,57.68735203536486,19.72198565231272,47.92914528248771,43.51831245281701,33.522942909294635,46.53687672817306
20,357,Purbi Singhbhum,1,Cluster 1,0.6659,-0.5412,1,0.0961,949.116409012815,12.930970971512073,4.856928252479708,28.506804294310307,75.48712181938254,66.8130143030104,16.940639113086434,36.49505496924695,19.77749667193964,10.69726828697261,63.258346303664624
20,358,Palamu,2,Cluster 2,-1.9372,-2.071,1,0.0661,927.720505375126,16.99743642483075,27.650423817278387,9.341249331784775,63.631880686225614,52.090299489773486,22.208990986934865,36.7640804611033,25.7220960038219,23.083955550881623,39.78013811476846
20,359,Latehar,2,Cluster 2,-3.0819,-0.3202,1,0.0353,966.5806430669847,18.94128845714726,21.30876037514203,45.54415676953085,59.510350784602885,48.68224763799105,21.290891720356605,43.10708164483657,37.29877530001791,25.711039986725336,37.43422501188656
20,360,Hazaribagh,2,Cluster 2,-1.0759,-1.2454,1,0.1203,946.9435311786872,16.250436005869144,17.498753239415507,7.020371923816442,69.7526283325715,58.95315247070263,21.05557165889768,37.74216702844343,27.40163155187088,23.841493593386247,49.99969448670712
20,361,Ramgarh,2,Cluster 2,0.2328,-1.3096,1,0.126,921.0549744046294,14.137341578167408,11.201936293173995,21.187791157552372,73.17033378842689,63.09158116770085,19.352261882545392,32.8745380186067,17.117920621774864,25.855666800160197,70.84084901882258
20,362,Dumka,0,Cluster 0,-3.0205,0.6292,1,0.0662,976.6856041907872,16.606782590533676,6.02478201843138,43.216198667818944,61.01753822392701,48.82117698855298,24.135313988743462,47.280092505005896,39.4639225151931,24.869753944994947,38.01008036441686
20,363,Jamtara,2,Cluster 2,-2.3337,-0.6449,1,0.0761,954.01032532174,16.55955056747935,9.213796486153706,30.40154631486065,64.58793210807076,52.14633692245633,24.31193905088719,41.291233588102784,28.971393949437097,21.313347477734816,37.48388854701483
20,364,Ranchi,0,Cluster 0,0.1869,0.323,1,0.1203,949.415259639704,13.767301603532706,5.248103030176172,35.755852357362244,76.06061823951002,67.43678839242497,16.82730500555067,39.21646473384431,28.10508723920536,27.28060220480598,66.16482932834704
20,365,Khunti,0,Cluster 0,-2.5616,2.2469,1,0.0936,997.0525841515386,16.223807777997123,4.519209979600854,73.25380486383335,63.86433359590479,53.68786541520127,20.39032225679541,48.879739041334126,44.76030879307098,47.5583112806942,58.88323896855191
20,366,Gumla,0,Cluster 0,-2.4234,2.0628,1,0.0888,993.0655728144015,16.937651005205748,3.1660737817409648,68.93728425215053,65.72831700655028,55.89712626395519,19.656149249171747,47.55187458606163,43.60297010902015,47.11266276655973,57.21567646069398
20,367,Simdega,0,Cluster 0,-1.8094,2.1515,1,0.0785,996.5369003259976,15.746741875118833,7.450907138020407,70.78428494707944,67.99435430869974,59.92160337319089,16.160537488400493,48.14135942279403,43.03085184232246,43.51123352214658,53.87586828110656
20,368,Pashchimi Singhbhum,0,Cluster 0,-3.3053,1.1924,1,0.0505,1004.7612375481228,17.40573692471335,3.793154403336666,67.3148119797276,58.63431774315083,46.252181948865385,24.87950152888294,46.25210838040441,40.13172136906288,30.20365165507445,49.3633996917378
20,369,Saraikela-Kharsawan,2,Cluster 2,-1.3983,-0.2185,1,0.1048,956.3454816306064,14.98475197548298,5.276248385061442,35.175802962473334,67.69962229143198,55.884098391358606,23.14231570712049,40.37825241114083,28.190033516119428,20.83659844995129,53.15602103006387
21,370,Bargarh,3,Cluster 3,-0.2201,1.3563,1,0.1164,977.218515112239,10.998916459353724,20.17073360089924,18.97951399320171,74.6232552776878,65.38021178991445,18.299322790664448,51.44907527738303,39.44671039511319,42.76832718359464,62.248389958167785
21,371,Jharsuguda,1,Cluster 1,1.0799,0.2559,1,0.1213,953.2340153021672,11.180921648648416,18.053338625206,30.5015487355588,78.85570737753808,70.72946586994057,15.882596450402389,42.74458373957084,26.76272474939448,21.704675281683603,69.46473050822141
21,372,Sambalpur,3,Cluster 3,0.3297,1.2829,1,0.1218,975.9811113409772,11.31957671652744,18.425433124035276,34.123652025407765,76.2188180678927,67.92534969088945,16.42654129301428,48.58711803584481,37.47000322817771,28.80495808951447,66.59299383204174
21,373,Debagarh,3,Cluster 3,-1.1114,1.7901,1,0.0832,975.0995386462744,12.772622552156662,16.67477281453987,35.32573915269423,72.56669955943258,63.04639095128469,18.873005174144367,52.93581210802508,47.346555188281805,34.18019161604256,50.41738447124248
21,374,Sundargarh,0,Cluster 0,0.1073,0.6586,1,0.1038,972.805841226522,12.570715048984038,9.15527909366272,50.746642960834265,73.33982779655757,65.48189054044191,15.532491554352262,41.7125999015017,27.95144775208517,21.969316111389134,61.27982758206056
21,375,Kendujhar,0,Cluster 0,-1.1336,0.4538,1,0.1259,987.5993809067312,14.397416265340093,11.6197572004287,45.44946448780146,68.242075301654,58.2757174415939,19.84427192068506,42.54315151024042,29.984719283861644,31.76406432237376,57.728495500408336
21,376,Mayurbhanj,0,Cluster 0,-2.2093,1.515,1,0.0618,1005.8206689470654,13.96311838770539,7.329412819904292,58.71943829080642,63.16686532244971,52.71368835265257,21.047616105416097,48.55798499685285,41.60994044439168,25.881176984047848,44.8201684628298
21,377,Baleshwar,1,Cluster 1,0.936,-0.2734,1,0.1432,956.9526398923248,12.439922103968534,20.62400426799234,11.879963577270528,79.7906545588592,72.27505567368935,14.722616955699536,40.19372306917949,21.91573062423,42.10732845363013,66.26561181592933
21,378,Bhadrak,1,Cluster 1,1.8296,-1.4802,1,0.0849,981.3445400257806,12.2522383769369,22.232475203092005,2.0199995087420675,82.77795724997485,75.82965890658198,13.806276704922324,31.108510247042997,7.913392317414958,43.94311554228669,70.01658134140277
21,379,Kendrapara,1,Cluster 1,2.2289,-1.0112,1,0.1007,1006.5936301047346,11.188792254164062,21.507108287436274,0.6584460423463284,85.15191502202154,78.9553238393779,12.499514056421276,32.414790458780814,11.142250953917184,41.36113431429245,69.02375291824627
21,380,Jagatsinghapur,1,Cluster 1,2.619,-0.7459,1,0.1127,967.5374006039472,9.696729292127944,21.82571059420161,0.6914864143412629,86.58887215818888,80.62615115847055,11.757133203266308,35.50213681791356,13.961574370512924,36.693513423791465,71.88671345649314
21,381,Cuttack,1,Cluster 1,2.6221,-0.8916,1,0.1194,940.0854549217896,10.356986362960903,18.999378922220487,3.571959290828244,85.49786751473017,79.55261745236795,11.552697305838509,35.67825122786696,13.720816852898851,26.893145301244708,74.3592509331297
21,382,Jajapur,1,Cluster 1,1.8559,-1.6221,1,0.0903,973.1370554428888,11.865419726005806,23.71874439029943,8.287689525786014,80.13317287510836,73.2902754632883,13.54645973234132,30.22309642336437,7.339778374047615,38.47752945309416,73.8027720133132
21,383,Dhenkanal,1,Cluster 1,1.1975,-0.9535,1,0.1316,947.1508815804294,11.661193600662637,19.62414833531884,13.586058478669294,78.76038587284037,71.0027852449948,15.179758858997772,36.51316092826106,16.36988166516723,29.047397097349688,63.67783841867322
21,384,Anugul,1,Cluster 1,0.5657,-0.3126,1,0.1323,942.6354011938058,11.964239873577212,18.80578197407642,14.099547738654016,77.53183915364298,68.64098424865384,17.338196764541493,41.33390798236173,26.78728302564459,26.19501633366254,60.31052951454835
21,385,Nayagarh,1,Cluster 1,1.3414,-1.0954,1,0.127,915.4795915931212,11.100147592047689,14.167070874303716,6.095935869645374,80.42382564684935,72.0473811152134,16.110008045687835,35.69141317568024,12.830949705858703,37.31975683359864,66.66298056356636
21,386,Khordha,1,Cluster 1,3.0567,-0.7793,1,0.1179,929.2276742147666,10.543005134404506,13.211154550416513,5.109578522280989,86.87654490763195,81.6069889322682,10.17423872186913,35.18241769564231,13.49083847839076,18.160347289107577,79.85743373142657
21,387,Puri,1,Cluster 1,2.3014,-0.6643,1,0.1244,962.987358154799,10.17748553331018,19.13976912163793,0.3607989498036769,84.67056222072796,78.2819837910923,12.56368386025764,36.59651622094152,14.785504289914202,36.49923754495912,72.47119078104993
21,388,Ganjam,3,Cluster 3,-0.1565,-0.3149,1,0.1344,983.4730763740024,11.90576109985999,19.502095617748893,3.369990232446244,71.08846196033096,61.129787187365714,19.85829600897258,42.55479762008324,29.24569654014458,27.905767320205733,59.978745109111095
21,389,Gajapati,0,Cluster 0,-3.156,2.0622,1,0.0429,1042.6078718334852,15.053901148633564,6.779828215507679,54.292968188890256,53.48804990699484,43.17604089418353,21.206998448842413,50.86956596984859,46.79878617322461,41.40093150479871,57.96252887562812
21,390,Kandhamal,0,Cluster 0,-2.4954,1.2769,1,0.0499,1036.7278334189946,14.964875666680308,15.760799879963445,53.58268199860867,64.1298297564489,51.94147245679789,24.991724925039428,48.471443575998144,43.36794715474388,28.955477572752415,47.02757007899277
21,391,Baudh,3,Cluster 3,-1.3585,0.7347,1,0.1117,990.5786802030458,14.01911316024499,23.785820174901737,12.549584959720011,71.60592120005799,59.78512834083091,23.553720712303857,49.74521830982723,42.73994816363529,40.267569501086776,56.37733132230915
21,392,Subarnapur,3,Cluster 3,-0.3856,0.2496,1,0.1199,960.0368761885182,12.262059087191874,25.60199153368744,9.37292582716988,74.42085915698163,64.0387217257084,20.361429202758103,46.97951270356598,35.15429733898572,40.66301310607302,59.37954587474403
21,393,Balangir,2,Cluster 2,-1.3807,-0.0921,1,0.1331,986.5112149543968,13.118277352839334,17.876139253133875,21.05304012075219,64.72219488412252,53.50079496605621,22.34608016859732,43.699351787783726,30.607522285993404,33.45332576557624,55.8182683621033
21,394,Nuapada,0,Cluster 0,-3.0269,1.107,1,0.0688,1021.386797014194,14.473559180971916,13.46025931302037,33.80292996844599,57.348890310667045,44.76416448790219,25.52709840250121,50.0404664619861,44.51170481810518,35.503440960194865,49.66441634636162
21,395,Kalahandi,2,Cluster 2,-2.5809,0.4205,1,0.0863,1003.3883834476134,14.114679152168,18.173989088503863,28.50306525145716,59.221486540269176,46.68053997215548,25.222485830703256,47.68500110028163,38.57335318726512,34.14812549040469,50.10532895349301
21,396,Rayagada,0,Cluster 0,-3.4408,1.1619,1,0.0198,1050.8326976862445,15.344592633000348,14.413928553348397,55.98706905903539,49.76085839570705,39.18804237081794,21.856911484496138,48.26084216420725,42.15940687688905,30.554758713997625,48.76991449771152
21,397,Nabarangapur,0,Cluster 0,-4.1204,1.0598,1,0.0172,1018.719866669312,17.028681039128678,14.528406661719684,55.79059188530861,46.4326504020098,35.798360335740774,21.514190214949718,50.03546430390861,43.54004161432415,33.94351995233309,45.68869842496227
21,398,Koraput,0,Cluster 0,-3.5403,1.31,1,0.0325,1032.4524277079415,16.31765226902244,14.245672987365609,50.56242647575792,49.205687900003554,38.55211772250252,21.76692409023827,50.259667871564254,44.14044329788054,36.04410691571749,57.17573831204229
21,399,Malkangiri,0,Cluster 0,-3.8954,1.25,1,0.0091,1019.5768450451874,17.790838758496523,22.553294889691973,57.83082623387128,48.54314620115056,38.2787585309858,20.792423768675853,50.663739905282526,45.27955085796982,46.30213798742057,57.62780606825336
22,400,Koriya,0,Cluster 0,-1.2252,1.141,1,0.1272,968.461807329336,14.536580479787286,8.313034873891551,46.17880552482331,70.64459017674332,60.60015447805907,19.772550200150175,46.60237935885704,37.5063236473564,31.737936828941844,56.35732452755226
22,401,Surguja,0,Cluster 0,-2.6917,1.6658,1,0.0839,977.8967739448124,16.12132958964967,4.90074520548874,55.11401821952416,60.01396353819083,50.31858764577706,19.207232103876905,48.97723873102345,43.361128324064055,41.94999684203332,53.86617315866749
22,402,Jashpur,0,Cluster 0,-2.0518,3.3064,1,0.0546,1005.1206953786608,14.356046774040149,5.735091919513332,62.27513271000823,67.92061452996492,58.61326419213974,18.701799319732075,57.224109366432266,52.40184389654316,49.4997537754432,59.7810653315824
22,403,Raigarh,3,Cluster 3,-0.6324,1.1726,1,0.1418,991.240580158288,13.05696714288774,15.056520016278622,33.842999657292175,73.26414738454787,63.01744186942564,20.473976030690334,46.19641174202669,35.08859683799781,50.01659018759228,70.2547354480872
22,404,Korba,0,Cluster 0,-0.6921,0.6552,1,0.1399,968.6906014700244,14.25578465822449,10.332742160047736,40.90358350460784,72.37015572807127,61.934500663791546,20.548922374188912,43.193164489822976,31.64040591182787,35.3488006201241,67.21477553119232
22,405,Janjgir - Champa,3,Cluster 3,-1.3255,1.012,1,0.0832,985.6236905691558,13.843121008923218,24.56666545245529,11.557398961664054,73.06643047705857,61.31239663235593,23.40690812248168,52.26043969680936,45.79509695394221,39.48191658022886,54.566515370965874
22,406,Bilaspur,3,Cluster 3,-1.1009,0.3663,1,0.1492,970.7607574576012,15.311253932135443,20.760849202347625,18.713904977006933,70.77596624514473,59.70841968504291,21.83155262994363,45.17134330644395,37.172984364222536,43.53401812005848,68.69764469160079
22,407,Kabeerdham,3,Cluster 3,-2.7353,1.3307,1,0.0757,996.1413199112746,17.252220598497797,14.564645980795742,20.30853735930536,60.85125076768016,48.705366986637664,24.27921098550224,49.135954364968406,45.5779744096982,67.01199536812517,78.42912142835935
22,408,Rajnandgaon,3,Cluster 3,-0.602,2.4574,1,0.104,1014.974012099285,13.634148769169617,10.189293964803309,26.360373500536387,75.95743462809158,66.69899479417676,18.69806338057721,52.05092857937472,46.94450830321926,55.3380111287202,74.48630907445644
22,409,Durg,3,Cluster 3,0.5493,1.0212,1,0.1467,987.9139243125117,12.87537322002756,13.697892742305925,11.884904685346807,79.06324570869958,70.23182515083664,17.589280156937704,44.76262847381718,34.6062122879747,46.93891321848872,80.62459705840106
22,410,Raipur,3,Cluster 3,-0.0779,0.2585,1,0.1571,984.1323004844288,14.355324183438848,17.821673517276135,11.723942092664336,75.55686124654862,65.7465965194404,19.491722984825344,43.25096853444203,32.62909004676324,37.43309301436452,71.63701367269285
22,411,Mahasamund,3,Cluster 3,-1.0926,1.5401,1,0.1286,1017.2276728773536,13.018395474624162,13.515416062295571,27.10190422888704,71.01845028308838,60.25220769735077,21.79416872233554,48.3425869084022,39.82472680769681,53.64839963145456,68.2614269118295
22,412,Dhamtari,3,Cluster 3,-0.1406,2.5446,1,0.0947,1010.0201811021444,12.742113153475763,7.324630117494664,25.96123188722913,78.3572059059541,69.08144141377083,18.69571060286478,50.37566533838639,43.92138029879269,63.91094453889971,83.23955372987999
22,413,Uttar Bastar Kanker,0,Cluster 0,-1.3558,2.8909,1,0.0802,1006.0668884496088,13.365405285596596,4.21168022581218,55.38086444726621,70.28552405670409,60.63869586816395,19.39414790701112,51.987940305044056,45.7520307345788,58.84492203852999,73.33489144979313
22,414,Bastar,0,Cluster 0,-3.1945,2.1999,1,0.0465,1023.2287787746944,15.334924522307192,2.686316647549284,65.93409703799678,54.39787845407301,44.26327059098904,20.558498577832225,51.41038169429783,45.07647835771611,38.38060592046313,54.343723805315946
22,415,Narayanpur,0,Cluster 0,-3.6982,2.2909,1,0.0271,994.4653657423256,16.705764554427123,3.561007009011586,77.35731654984981,48.61757483127544,39.88158755292417,17.43335418799427,50.84322700615077,47.19576567789317,44.86488767601176,59.1596449521023
22,416,Dakshin Bastar Dantewada,0,Cluster 0,-4.1541,2.7328,-1,-0.0202,1020.2694005497044,14.923412500609029,2.435358801284766,76.87889543098505,42.12259444362457,32.5415873541339,19.3820037056458,53.70588301432806,49.463071808115885,48.84453671557424,64.30154050140442
22,417,Bijapur,0,Cluster 0,-4.689,2.1615,-1,-0.0269,983.7093803191284,16.649688516240253,3.965834737295773,80.0019590173569,40.85787482078642,31.11311102690413,19.3426855674509,52.70736198722721,49.72386167010358,39.989593012451216,51.54283590410704
23,418,Sheopur,2,Cluster 2,-2.685,-0.7893,1,0.1045,901.3029874179068,16.95676888208519,15.757689416902544,23.471021034773013,57.42513418600824,44.2272485678852,25.105139025606505,40.33591088897321,28.72542374960516,54.53965507920204,70.7102052585104
23,419,Morena,2,Cluster 2,-0.8571,-2.1751,1,0.1096,840.0774229537717,15.52190521727188,21.440764609836364,0.8662390575644594,71.03053081199941,56.90222652468538,26.02656682106348,34.38470576865364,16.78608394156111,53.32954631187009,77.06736608219316
23,420,Bhind,2,Cluster 2,0.1164,-2.457,1,0.0796,837.4255402479168,14.575999483266344,22.00809745126996,0.3600106869915238,75.2636662026774,63.142263411188935,22.261163769428578,30.579358252030968,8.37363849299502,61.0749892466511,81.05547959936095
23,421,Gwalior,1,Cluster 1,1.2573,-1.8436,1,0.1331,863.6941027783408,12.864831134881468,19.343554937018837,3.5497894722337597,76.65176791380185,67.37638757327737,17.319819777478628,33.725337543232506,14.49396788179788,25.797484645657224,81.6921076708239
23,422,Datia,2,Cluster 2,-0.7195,-1.0404,1,0.1122,872.5238422780056,13.995988580928728,25.455224886050782,1.914321376186203,72.6302021754552,59.41079989107651,24.78999717783836,40.82089191793115,26.04985856403626,57.70799601444763,76.98000996388093
23,423,Shivpuri,2,Cluster 2,-2.3284,-0.4074,1,0.1026,876.5594507471774,16.556299064337647,18.62721242142464,13.197879551577302,62.54658816341268,48.79161795259407,25.767233311314783,43.989513629385016,34.51513478986177,59.87230024193941,76.08816762173689
23,424,Tikamgarh,2,Cluster 2,-2.0192,-0.3304,1,0.112,900.6464085854634,15.74656475449879,25.02162381345811,4.695446751445854,61.42729726133827,49.96744870573976,21.80062638815885,45.34551740076919,36.87762024850653,57.568691841212974,71.78682715872294
23,425,Chhatarpur,2,Cluster 2,-1.4175,-0.6671,1,0.1286,882.6358985643949,16.046187672884603,22.998113341371727,4.1760124831548335,63.736490263121794,53.59118096952137,19.06715299892617,42.658174338605576,32.71136962725748,51.8240961323336,73.67174915568964
23,426,Panna,2,Cluster 2,-1.6271,-0.446,1,0.1451,905.451000974732,16.096092551056547,20.46098453547397,16.810195569196868,64.78590690585064,54.43600369461169,19.70470605971098,42.49773737850706,32.42443689963564,47.92151815517664,64.03571312830152
23,427,Sagar,3,Cluster 3,0.1442,-0.3801,1,0.1443,893.2893508255079,15.005646515515512,21.090555309364305,9.331087620634882,76.46188206603333,67.01518252904708,17.83340136217275,42.29778284922416,28.868090475770387,42.72406029611296,77.44193790474486
23,428,Damoh,2,Cluster 2,-1.0061,-0.0417,1,0.153,910.062806610936,15.18471087683384,19.48531069379593,13.153970949653502,69.7332061243123,59.22042979122297,20.04580047611164,45.45059044358612,34.346372350775134,42.18867202116273,67.87267553668237
23,429,Satna,2,Cluster 2,-0.4975,-0.3454,1,0.1605,925.6541064972204,14.8349323780191,17.88158918945595,14.355510591381083,72.2646467264473,62.45185321357914,18.92252432730355,40.88719500568657,29.946800567460613,40.324069044899375,67.20915916953878
23,430,Rewa,2,Cluster 2,-0.8738,-0.1373,1,0.1581,930.5411803118112,14.882335083501545,16.21525631409332,13.191163525017483,71.61792895913463,61.164744747209454,20.26529734627448,41.94086861223133,32.873686629719494,43.480088633857086,63.53682559332867
23,431,Umaria,0,Cluster 0,-2.0584,0.5603,1,0.1054,949.829741679116,16.039196101483036,9.01842241585215,46.6356369366491,65.88638647514334,55.23347239747335,20.786308669940155,44.93019086230803,36.293794016887205,30.868753257781567,47.84408214269688
23,432,Neemuch,3,Cluster 3,-1.2513,1.3543,1,0.1018,954.4803893501288,12.999429828331117,13.45677771899858,8.64832997807684,70.80089552695695,57.1265714107018,26.783122290259413,50.68378230821471,42.87754019444045,62.10751835521947,85.62584491332323
23,433,Mandsaur,3,Cluster 3,-1.3211,1.0672,1,0.1062,962.9626375300028,13.254069087764872,18.578182363469114,2.468795018841236,71.77721474570674,57.97926546394005,27.16200798640304,50.71004341205795,42.8871890017641,61.265544935216255,78.71824257822672
23,434,Ratlam,3,Cluster 3,-1.6213,0.9599,1,0.1465,970.994566814902,15.006436120898734,13.649661974792949,28.16808000170439,66.7801393207004,55.76564650284482,21.77381935734788,47.48778236633452,38.99596555938105,47.39659613881733,68.18417320327652
23,435,Ujjain,3,Cluster 3,-0.5069,-0.089,1,0.1389,955.0187003893576,13.654985947704525,26.366625999565148,2.4526087341660023,72.3373969285795,60.74457115777994,22.71136997220641,45.16876847131962,33.79615176570589,46.02392132304929,76.00658315523454
23,436,Shajapur,3,Cluster 3,-1.5444,0.1931,1,0.1281,938.0425869932866,14.395566547077673,23.39647288489774,2.5012543953417805,69.08616889665942,55.92539733611975,25.546040914499336,47.45686631880746,39.06435879540156,55.72003883706126,70.88084070814952
23,437,Dewas,3,Cluster 3,-1.3288,0.5918,1,0.1472,941.6372077545542,14.666291491736024,18.67392715424486,17.439303197833365,69.34844451638818,57.764850450906046,22.538681372836685,47.49433240712022,38.39555564932565,50.68401294777265,71.165084101277
23,438,Dhar,0,Cluster 0,-2.5256,1.6043,1,0.0929,964.3604664225212,16.4676618508706,6.653695020525731,55.94372385674215,59.00493141801819,48.772786932250725,20.174376314301,47.02979650863554,40.15542351463281,58.86345374493908,76.17108993029007
23,439,Indore,1,Cluster 1,2.0245,-0.5268,1,0.1289,927.8918256770456,12.859901296946283,16.639896822928698,6.643244706483388,80.87123076001718,74.02145644165186,13.232800111901383,38.70345656006644,20.87034817731616,21.30539861772046,89.67477398980441
23,440,Khargone (West Nimar),0,Cluster 0,-1.9145,1.6253,1,0.0807,965.1712636695656,16.016157638413578,11.163153494361593,38.98297212134673,62.69541580210749,53.02823182860824,19.047753656691057,47.736094041470416,40.85822213767427,68.45106747535843,84.63470746064003
23,441,Barwani,0,Cluster 0,-3.2705,1.9988,1,0.0106,981.6984585466296,19.14298558101309,6.349102123486793,69.42479188328579,49.07503422328754,42.38627761214378,13.310118233916086,47.18276677434787,41.94490933534924,67.10735788663965,80.40884114776486
23,442,Rajgarh,3,Cluster 3,-2.3197,0.3071,1,0.1218,956.201626905185,15.007432977059334,19.13024464780368,3.477197127209354,61.21391933641187,48.94992473969244,24.0705698248186,48.23368141315837,41.79912175986829,49.534135458145954,63.274021161395545
23,443,Vidisha,2,Cluster 2,-0.5229,-1.2393,1,0.1543,895.7064223044617,16.135104104189875,20.02529346242824,4.633913117984748,70.52956965518143,60.8512868936117,18.29133368695453,37.72783823151401,21.58965453709305,48.583217357495066,72.18051533242975
23,444,Bhopal,1,Cluster 1,2.1836,-0.8817,1,0.1374,918.1323970779772,12.851335330470198,15.078313042135989,2.9281827839941696,80.36836002454571,74.86568939034662,10.553496823987956,36.585182751519255,19.60445172437796,13.1797887388078,81.39146954834648
23,445,Sehore,2,Cluster 2,-1.282,-0.1678,1,0.1457,917.872650981436,15.055607580688948,20.68743842139138,11.09650340264708,70.05654890955496,58.334083239595046,22.49375055282292,44.694021041200855,35.29826048576377,44.38931421444256,63.49739885034133
23,446,Raisen,2,Cluster 2,-0.2379,-0.6685,1,0.1513,901.3090448028008,15.597737153207763,16.963916259949517,15.39549878829706,72.97993234261472,64.23765486150734,16.572959466688744,38.88849253940945,23.362308095665828,47.5254809419162,71.49745673357305
23,447,Betul,0,Cluster 0,-1.0494,1.9549,1,0.1232,971.0848860661932,13.421232707149214,10.1117076583033,42.3406175850376,68.90160704846073,60.94388957184712,15.702734714540938,49.955502290902025,42.91738712528636,47.68609113319271,64.96823299194389
23,448,Harda,2,Cluster 2,-0.455,-0.0162,1,0.1483,934.8421845216697,14.758311202264816,16.27882516894113,27.99084957008756,72.5002776212588,63.26716375375899,17.875563710797024,40.48960058899319,26.89395451098768,49.53913559241316,70.90731192013126
23,449,Hoshangabad,2,Cluster 2,0.4283,-0.5057,1,0.1556,913.522679101314,13.259918636967818,16.51484271156402,15.893986385789663,75.28632511971232,66.45432888805848,16.893037812714596,38.51307044749668,22.38295718202911,43.66719516735623,75.64560054551312
23,450,Katni,2,Cluster 2,-0.8384,-0.0096,1,0.1457,951.6867493538648,14.968166669504551,12.05200759727625,24.58890655257337,71.97698623852794,61.55724792363836,20.36029083122601,42.09414245047762,31.024603629356744,30.74057594222191,58.12816939217539
23,451,Jabalpur,1,Cluster 1,1.577,-0.0156,1,0.1461,928.5457042241392,12.039391236675842,14.12863046114362,15.232926384196087,81.06560872543065,74.369428240723,12.918874871822284,40.82444244260417,25.26570158286896,23.26127856932611,74.01245395893496
23,452,Narsimhapur,3,Cluster 3,0.1135,0.3506,1,0.1445,919.5407956962782,13.02829865531472,16.866266002597417,13.360669100447495,75.69313103146153,67.06235625682334,16.57847592183009,43.762078080036346,29.510710380006277,56.0523044339058,74.96640980456995
23,453,Dindori,0,Cluster 0,-2.919,3.0142,1,0.0533,1001.9834447718612,15.87170912559402,5.646649368935622,64.69460231305109,63.89597505668935,52.41163067368378,23.06254143096951,55.34587891966775,52.90305747693635,55.94486119125472,64.15002885170225
23,454,Mandla,0,Cluster 0,-2.1455,2.6714,1,0.0717,1008.3023652507652,14.244221043601083,4.590460752390026,57.87516411430413,66.87308349601278,56.38636872391135,21.12931112214107,53.05207577933558,48.97995404364909,45.58214166379284,58.10052372111806
23,455,Chhindwara,3,Cluster 3,-0.5133,1.3512,1,0.1449,964.2882641845504,13.022436991910746,11.107253163915248,36.815242271112936,71.163230844266,63.00799767177645,16.029622512217472,45.81634322083751,36.603783511,49.13234459030631,70.3399012927147
23,456,Seoni,0,Cluster 0,-0.885,1.8439,1,0.1226,981.8546040331724,13.108544438490616,9.484015659136078,37.69446122232043,72.11550577587293,63.66902787231004,16.77707629932918,49.62791787002105,42.41099916282718,43.25238079931739,58.088142903479365
23,457,Balaghat,3,Cluster 3,-0.3655,2.4459,1,0.0843,1020.5918463792688,12.512854807374753,7.370638033305557,22.508459197813007,77.08546736997798,69.03931421031785,16.322179181152364,52.47781921351498,47.04998138495905,43.98553662092644,59.40623551254516
23,458,Guna,2,Cluster 2,-1.9258,-0.5748,1,0.1448,911.9058398859188,16.68738053948429,15.55473577126085,15.369801026001213,63.22666970885839,51.361122538519375,22.69048509262121,41.47314700781865,30.30328105553088,48.44386352998755,68.6877181261495
23,459,Ashoknagar,2,Cluster 2,-1.419,-1.4082,1,0.128,904.0120584809288,16.423117110869974,20.79872578753738,9.711846696904756,66.41931574267575,53.42470255702359,24.69843050612529,37.30692450693492,20.796094049856197,55.94601452723062,76.53376470961398
23,460,Shahdol,0,Cluster 0,-1.7061,0.9636,1,0.1085,974.1139696419214,14.990296070682502,8.417232377448611,44.6510196864538,66.66916779677288,56.99352267732313,19.142200933066363,46.25026851133563,38.14429266104227,29.67324264740182,48.84039776334176
23,461,Anuppur,0,Cluster 0,-1.4296,1.2647,1,0.1372,976.2841783737872,14.157202594105735,9.92810018725717,47.85441722712573,67.88216416912586,57.30278859439769,20.95395709273547,46.24317805981285,37.573995671709135,42.72969454875011,65.52929393802079
23,462,Sidhi,2,Cluster 2,-1.9615,-0.0555,1,0.1354,956.9534928947478,17.260186702607644,11.552634217454148,27.79900854722089,64.42700039141882,54.06829817600922,20.366791718335666,40.97129365333579,32.20182137860832,44.62556306306306,59.65913028413028
23,463,Singrauli,2,Cluster 2,-2.5135,-0.0318,1,0.1262,920.1466013294504,17.805041785732172,12.786849906600592,32.5895611628205,60.40944530661933,48.52609615940061,22.810340972816064,42.38737542148552,34.57183034733882,50.02973336083085,69.75686720500401
23,464,Jhabua,0,Cluster 0,-4.8246,2.4356,-1,-0.0426,990.2955790323928,20.669178418961845,1.7001155067860236,87.00255988012269,43.29686329824061,33.76727669230542,19.08764580444937,50.2533539892766,48.94505171315132,61.396060343103855,71.95222093449888
23,465,Alirajpur,0,Cluster 0,-4.7941,2.6386,-1,-0.0732,1010.7987488346178,20.29646131201826,3.686836333108825,88.97652808851589,36.099876428047736,30.29142829868332,11.7297447699519,50.31515818265868,48.60024504921451,64.1526511939847,72.25495301215659
23,466,Khandwa (East Nimar),0,Cluster 0,-1.6383,1.1818,1,0.1163,942.7623608060752,15.88780980427629,11.953718185641735,35.04584901008426,66.3945055952287,55.92073555729076,20.36937437936639,46.78988230319046,38.27084368885002,62.19786745321188,80.32826733836235
23,467,Burhanpur,0,Cluster 0,-1.036,0.7528,1,0.125,950.6800444783064,16.21290313216256,8.478492360595212,30.36166930792099,64.36112747213289,56.58357714565584,15.212929646692372,43.325235832562505,31.51921113978064,54.47905975226824,83.72444333448053
24,468,Kachchh,2,Cluster 2,0.3813,-1.3588,1,0.1418,907.8147267758816,15.21776013909579,12.371563169246754,1.1579208467332036,70.59458533145354,60.86639832685024,18.536457533205315,37.09800986536326,15.2188454793629,30.87378965973915,88.49680763899266
24,469,Banas Kantha,2,Cluster 2,-1.68,-0.5181,1,0.1212,937.7463317641376,16.353437551474023,10.493810939636072,9.106055235913663,65.31781521387666,51.74855656492009,26.40169229439706,40.01274152332987,27.30445849918583,54.03988467083133,81.05718404613167
24,470,Patan,3,Cluster 3,-0.3385,-0.1468,1,0.148,935.109166658266,13.751159083568623,9.18396051599498,0.9900024856109916,72.2990107467503,61.04744629392517,21.856003889185097,41.29016605965169,26.450979999599596,51.30382279256709,80.42823928050034
24,471,Mahesana,1,Cluster 1,1.6322,0.1154,1,0.129,926.1954340665582,11.691622474772291,7.974589496939653,0.461508827240814,83.6135019575635,75.32309857308908,16.066138080562013,39.90360991103965,22.82626023970307,45.73321807148205,86.04839027465816
24,472,Sabar Kantha,3,Cluster 3,-0.5242,0.8201,1,0.1418,951.8795143345568,14.22595589455441,7.728149966914945,22.32390906818733,75.78775660686314,64.69138972380358,21.750999581947227,44.6711238501039,34.06427786193026,46.88978852921711,73.28897811551161
24,473,Gandhinagar,1,Cluster 1,1.8082,-0.2981,1,0.1276,922.6719383751644,12.026343754962268,7.803683555918327,1.307990713869487,84.16483171836103,75.7563659247931,16.25734092547377,38.43900462222823,19.00031292624972,36.532479961717904,84.48061221437972
24,474,Ahmadabad,1,Cluster 1,2.9946,-0.929,1,0.1153,904.4688152297844,11.678565611690791,10.527575727122455,1.2355866361251555,85.31089078640936,79.35275227938209,11.385885157819146,35.96993440043803,13.642185131286386,12.308358690257084,89.88254888722412
24,475,Surendranagar,3,Cluster 3,-0.1666,-0.2225,1,0.1548,930.1408809814524,13.66596669756552,10.218315200185849,1.2215106122755754,72.1266909237682,61.45417185146375,20.65792435135877,41.19530732211712,25.930376404116025,47.99447131997236,81.04547339322737
24,476,Rajkot,1,Cluster 1,2.1239,-0.2477,1,0.1327,926.8999642937636,11.527751712551105,7.626878076244337,0.6312691250862781,80.95881791265421,74.4272362478005,12.643062347124712,38.875737996371726,17.46176329002635,32.18396943984314,89.56985903113484
24,477,Jamnagar,1,Cluster 1,0.8977,-0.3637,1,0.1445,938.7313856139696,12.220252680523618,8.0502509352494,1.119706830966257,73.65114624551788,65.32893457590626,16.175067129738764,39.23117198635816,19.180879736348714,39.30862361937129,85.10962428018503
24,478,Porbandar,1,Cluster 1,1.2099,-0.1536,1,0.1485,950.1380704775672,11.260758836380283,8.853034166938539,2.22717948104788,75.77681835067938,67.74911207188477,15.704783643224005,39.485762209859445,20.00105174589819,39.401909425571766,84.54291016529034
24,479,Junagadh,3,Cluster 3,0.7829,0.173,1,0.1445,953.2668354747656,11.371515689286722,9.68957544834606,2.025859963355088,75.8001967791401,66.8584620580326,17.519623096876927,40.96519899879041,24.04151409623777,49.7876229522056,83.89262700574615
24,480,Amreli,3,Cluster 3,0.568,0.5466,1,0.1525,963.805153758062,11.461903724103315,8.77796049372932,0.4835588664566533,74.25279811432642,66.09086910719387,16.1150743215442,43.39871482442758,27.383363318670344,50.91266840044496,80.52375524812862
24,481,Bhavnagar,1,Cluster 1,0.6785,-0.2004,1,0.1397,932.8701295999668,13.243807642434206,5.4518784945657925,0.316279360428279,75.52358142298897,66.08350531305818,18.308193128750432,39.947437217158246,22.432677007892597,39.78848146062338,86.22565685640588
24,482,Anand,1,Cluster 1,1.526,0.2011,1,0.1221,924.85173248567,12.137551397805275,4.991769183536456,1.186193253358627,84.36513759172738,76.35580025723763,15.463157593322592,40.3677466676542,21.604024182488484,48.300414065440805,81.68038598758987
24,483,Kheda,1,Cluster 1,0.9755,0.1989,1,0.1257,939.641249629974,12.658589451211691,5.027686166917041,1.7538268217758712,82.65047153655604,73.49490485513242,17.81864297189813,40.60998702109018,23.281886411083526,49.42263403081213,77.31768137107422
24,484,Panch Mahals,0,Cluster 0,-1.5616,0.9006,1,0.1339,948.5346315001048,15.112708175086247,4.201397370560855,30.18283603315409,70.99432609086631,58.89336251973215,23.61476517327232,45.9058899704531,36.42692352306853,45.32909585086929,62.42702780027827
24,485,Dohad,0,Cluster 0,-3.5667,1.6792,1,0.0503,990.4402840590614,19.50076301569377,1.948393247851756,74.31998518160525,58.82018679100712,47.64576438381752,22.360885274993045,46.971490574429055,43.2943921922461,44.04818621112094,55.38801990543716
24,486,Vadodara,1,Cluster 1,1.2452,0.5201,1,0.1267,934.1395602803686,11.998460735553312,5.320424829305368,27.60451850454169,78.9205129009511,72.03220347096872,13.35883359859423,40.65350561956354,22.87207551108659,36.79255588958312,80.34730993644422
24,487,Narmada,0,Cluster 0,-1.2786,2.8078,1,0.0816,960.5594414884785,13.234524315725812,1.4794247641441511,81.55081255706872,72.30667702772887,63.08994262705997,18.097853536046344,49.94011489131742,41.66957688331357,54.14813684085551,65.77994877796435
24,488,Bharuch,1,Cluster 1,1.5958,0.7051,1,0.1101,925.0409888458212,11.547440747018571,4.012523379790963,31.475694366090934,81.51198761440205,75.09454504650677,12.35776686098886,40.43303144577855,21.22668090678803,42.39257307964613,83.96122616898731
24,489,The Dangs,0,Cluster 0,-1.6409,3.8372,1,0.0154,1005.7019354952076,17.846958487193977,0.4345331178189241,94.64805883718589,75.16369142832768,67.3801206732296,15.683546358722095,51.80099084063761,49.73180746046999,65.0329367394742,74.44633298663081
24,490,Navsari,1,Cluster 1,1.929,2.02,1,0.0932,960.6909822830728,10.16566491585895,2.66712392229061,48.10652551907538,83.876711801236,78.82891406070213,9.9192825020328,44.50977383896179,28.234999777439075,43.999499859757975,86.17348783611621
24,491,Valsad,0,Cluster 0,0.9618,1.2333,1,0.1003,922.4929048197632,12.630695828872742,2.24174785627768,52.92874739546386,78.55498346238421,72.0554870150761,12.492442713182598,43.57475443782472,27.742114420323144,28.200391526347303,77.676540037269
24,492,Surat,1,Cluster 1,2.8674,-0.3845,1,0.0548,787.4549118458984,12.10733455653228,2.60001032670199,14.091541280004575,85.52627147880763,80.36859777648566,9.186533685348069,41.98991600839423,15.330644866294552,14.743560121587976,94.194182042042
24,493,Tapi,0,Cluster 0,-1.0822,4.149,1,0.0353,1006.579012799984,11.037493401666868,1.012116150489082,84.17614389694457,68.25517761060357,61.16282673544045,14.280355369565877,55.8723306180005,49.366653986572274,59.05252139045734,74.86748783549419
25,494,Diu,1,Cluster 1,2.8735,-0.9813,1,0.0382,1030.808829264488,12.436148557821562,3.575680761992549,0.2362023274570803,83.46418702574674,76.05627761334878,15.157543342451078,30.245419979260284,10.661319612590798,3.752380952380952,93.44761904761904
25,495,Daman,1,Cluster 1,3.0038,-0.6773,-1,-0.0248,533.5675723373362,10.701301962097158,2.2293943182353155,7.971837027195263,88.06958966698885,80.98094752212234,10.627173877343736,55.19660203062148,16.56643714105301,1.4679542460742412,96.3950303731011
26,496,Dadra & Nagar Haveli,0,Cluster 0,-0.0264,0.0574,1,0.0443,773.8903798513626,14.80758432278468,1.7997783008300627,51.95208737623979,76.23610892921786,64.31764752759294,20.856470527257088,45.72501738389161,25.25391966601978,18.383059410413523,82.90797335216752
27,497,Nandurbar,0,Cluster 0,-1.5906,2.7395,1,0.0681,978.3417549839768,14.573968858729778,2.9111900478979797,69.27964957729047,64.37940362467003,56.46649534349342,15.702002432680928,48.05359477520711,42.83600674743138,68.56293359762141,83.85587041467556
27,498,Dhule,3,Cluster 3,-0.0168,1.7472,1,0.1133,945.7321463979712,13.33619716977544,6.22036002422396,31.56306957757275,72.800087770873,65.77108635129605,13.72996320305549,45.65738699142117,36.70852932944501,62.63218599485246,88.19964330339502
27,499,Jalgaon,3,Cluster 3,0.6292,1.1517,1,0.1157,924.9951646631306,12.5771971412205,9.202851970854274,14.28791628771912,78.20310488729857,70.56428672820773,14.800688975708042,44.05691648323123,33.31275165407822,62.657017092453145,88.21531350294676
27,500,Buldana,3,Cluster 3,0.8761,1.5014,1,0.0811,933.5641017973026,12.841912910467556,18.20758021821489,4.826935286425407,83.39676496462276,75.8440918363156,14.695646167012882,47.15852014764188,38.88986768618193,73.952335154361,90.80885276897054
27,501,Akola,1,Cluster 1,2.3782,0.8712,1,0.0884,945.553846582877,11.636766183032638,20.070444664718018,5.528401140963204,88.04954499115937,83.53618555856077,8.801051442663123,42.34805993254336,28.10797076132182,59.977426401476784,89.95917485295917
27,502,Washim,3,Cluster 3,0.7608,1.52,1,0.0827,929.9631469832436,12.712586454609244,19.167195696481677,6.721824985799726,83.24803582877978,75.48355498327257,15.063885122479943,47.59530889772461,39.77391316407157,73.64845417275076,88.23482955183646
27,503,Amravati,1,Cluster 1,2.3092,1.1514,1,0.0919,950.639803129187,10.78057570769047,17.53102447856892,13.991195954916918,87.38175451503926,83.10168466934984,8.357089691668293,42.802338282363,28.32645557183928,59.39035299865245,85.86306803567355
27,504,Wardha,3,Cluster 3,2.1142,1.7156,1,0.0832,946.1448117477204,9.90956153797662,14.516741570787852,11.493695292187574,86.99389780291892,81.80505541683094,10.11424571191533,46.75946782454139,34.14338326567983,58.88710777906566,87.07539026856395
27,505,Nagpur,1,Cluster 1,3.1873,0.335,1,0.1009,951.2028427970944,10.681842112614616,18.64617916997058,9.40291002391712,88.38741792039086,84.50633974487246,7.582305481979048,40.153258680969664,23.55418221410168,28.21402577385794,88.5589973027358
27,506,Bhandara,3,Cluster 3,1.1206,1.8306,1,0.117,982.3193288413264,10.499161066836397,16.693020442643462,7.405105578947194,83.7617482493398,77.07900977662796,13.273073995793254,49.76156636402868,42.408383124808765,47.458668519433125,69.28420153857743
27,507,Gondiya,3,Cluster 3,1.0351,2.0986,1,0.105,999.0915329663188,10.61355440840767,13.305109160102743,16.200519165494022,84.95113108239111,77.89388741829183,14.145143423194128,50.3149699774746,42.70621360369043,42.76237979378406,65.21635240352319
27,508,Gadchiroli,3,Cluster 3,-0.5075,2.8251,1,0.096,982.0552419235656,11.209552799685351,11.253637195673203,38.70721809752997,74.35575802743867,66.27463176646314,16.038579680012745,54.451871582993306,49.07677374937455,52.76642869246556,67.2477094056008
27,509,Chandrapur,3,Cluster 3,0.9768,1.5427,1,0.1354,961.4168996488804,10.49381959953854,15.803833132136312,17.667275928443722,80.01126208887926,72.9670906588069,13.82394899552692,48.00474707016763,37.909970910888106,46.83784866732441,76.02100603682577
27,510,Yavatmal,3,Cluster 3,0.9025,2.1754,1,0.0866,952.4058691587468,11.909760246549135,11.849811062680445,18.542296998789475,82.8187905172781,75.93009962436714,13.478264373540211,48.911572428858136,39.968263428333536,69.61384189811349,88.13428328486967
27,511,Nanded,3,Cluster 3,0.0392,0.7166,1,0.1235,942.8591246044248,13.672480700873354,19.05466707444637,8.380557238109631,75.45266255875825,66.14927085214177,18.12464141778247,44.44579643779832,34.86482791682529,64.01901532377524,88.20833051642187
27,512,Hingoli,3,Cluster 3,-0.1117,1.6203,1,0.0901,941.871435310262,14.075398460094537,15.50649979402809,9.509022419087014,78.16531554552112,68.95033715926849,17.988004387730797,48.34453792218933,41.726395715969325,74.8052468279039,90.37021550224708
27,513,Parbhani,3,Cluster 3,-0.2599,0.8961,1,0.1075,947.3373847932376,14.014594087640775,13.469303725424624,2.2065415236541206,73.33664393583344,63.62749044985056,19.01171626258269,44.81255235321221,35.97953910364347,69.30129789000203,91.93239644772648
27,514,Jalna,3,Cluster 3,-0.8131,1.1207,1,0.101,936.8248089667248,14.667241095921176,13.897887032770033,2.1573255553978825,71.51506124275292,60.95454227112942,20.57993246806746,47.51731199777851,40.72045108925645,70.9387615669373,90.71916432302127
27,515,Aurangabad,3,Cluster 3,0.602,0.404,1,0.1233,923.2744201127688,14.391202831883655,14.572464351540898,3.8734146709167256,79.0197192913136,70.08416755123704,17.28800448011333,42.55495798482796,31.47292371228711,55.70107912047586,91.84529791839012
27,516,Nashik,3,Cluster 3,1.1373,1.5795,1,0.0973,934.3766886081468,13.556732420343442,9.082528502893394,25.615213681847305,82.31025910488835,76.08358371261302,12.089203525686202,45.24714897382379,34.4759883132243,55.905849757972994,91.30378297473192
27,517,Thane,1,Cluster 1,2.6951,0.0235,1,0.1021,885.7631560910188,11.999351184089036,6.6010780325905225,13.946024953734796,84.52850415524419,79.77386727938828,8.941680639202943,40.6212195352178,21.744538572146286,12.154848003468686,87.48530693890869
27,518,Mumbai Suburban,1,Cluster 1,4.0733,-0.2576,1,0.0432,859.741861136723,9.948570914363016,6.23388232206137,1.1174567129801318,89.90523230380731,86.37120499524534,6.552350667298583,39.91702648787074,18.279357107701312,0.7501162644065456,94.13392856425706
27,519,Mumbai,1,Cluster 1,4.238,-0.1735,1,0.0294,831.53054004255,8.844397067359907,7.1281913495479206,0.8132790088581391,89.2088781433054,86.45074353611972,5.030552044675105,41.628035940754735,18.80257252447346,0.70017346675013,94.15585224494626
27,520,Raigarh,1,Cluster 1,1.993,0.514,1,0.1329,959.4672498502988,11.419596082302029,5.123073418874801,11.583213119732749,83.14075902605013,76.9174041942302,12.214134999719208,40.73225267633437,24.74123060343992,26.212313682874345,80.0419210620251
27,521,Pune,1,Cluster 1,2.6234,0.5213,1,0.1138,914.9486048733728,11.718222395297776,12.521496577515787,3.6998717204728018,86.15252492987824,81.05105857548854,9.790774395111626,42.94005519752672,27.504853724599656,29.594296655983356,92.64577636958128
27,522,Ahmadnagar,3,Cluster 3,0.5473,1.7737,1,0.0987,939.1798363087298,12.238488681553958,12.62773325784988,8.325264425039935,79.0513011189711,70.89194562466123,15.927122547220804,48.52548634111199,41.09744247918725,66.7174848838106,92.50949156078909
27,523,Bid,3,Cluster 3,-0.0586,1.4848,1,0.0825,916.1200083610923,13.65119191164268,13.587904910119692,1.265817398432293,76.98855681875708,67.82188226260273,17.7330502639321,48.5696015820203,42.69849014072656,72.3938073255662,91.96844724375332
27,524,Latur,3,Cluster 3,0.7213,0.5329,1,0.1089,927.6717407355044,12.949699209028129,19.595541676377927,2.3424371973550606,77.26472522508817,69.63185009529977,14.758544355615824,42.65580255203741,31.906954454318846,66.40333875591413,92.102073158034
27,525,Osmanabad,3,Cluster 3,0.5333,1.2519,1,0.0993,923.9798731334188,12.49390676505934,15.998301133703674,2.174198950757009,78.44368760686118,70.51455711395357,15.322142343558667,46.6896238845157,37.70170129428007,70.98987487014095,90.6938220685449
27,526,Solapur,3,Cluster 3,0.7082,0.7368,1,0.1227,938.080267450441,12.470667633835724,15.04821022772014,1.7970445759324982,77.01621171946256,68.54566136731017,16.484666036829836,43.967167204446014,33.08582595181406,58.77586066124279,92.87714095327895
27,527,Satara,3,Cluster 3,1.5898,1.4911,1,0.1247,988.1238408781328,10.58296970344647,10.761114223896136,0.9866030393432724,82.86721253857243,76.31095451624026,13.110709930459308,45.10864951405597,34.17123328503804,56.49468207981568,87.41352982810398
27,528,Ratnagiri,3,Cluster 3,1.3675,2.0476,1,0.0618,1121.9608971503874,9.631786629549572,4.145209895057115,1.261494090964535,82.17777348409636,74.52990223712985,16.39590726597538,44.21334320700849,35.95862979947257,46.15181017146634,77.71903830964771
27,529,Sindhudurg,1,Cluster 1,2.2149,0.9847,1,0.0721,1035.9114565861234,8.379087413538029,6.542215568509895,0.8210429929465157,85.56235532295898,79.81163351416515,11.771545992432308,40.861247735835065,27.179467013941093,34.4229761102374,65.25125439976036
27,530,Kolhapur,3,Cluster 3,1.6348,0.8535,1,0.1413,956.9259306755634,10.550616473009166,13.01498632224295,0.7793083644715262,81.50553538315904,74.21705095543642,14.348460983725616,43.96423014338748,30.54064620493494,47.0551989549627,88.5278870270543
27,531,Sangli,3,Cluster 3,1.5395,0.9283,1,0.1342,965.652964907002,10.870356321419573,12.511520500555784,0.6496127233807784,81.47788433174338,74.59181844270827,13.623835027988363,43.05607476304355,29.925383092364115,55.78814652902139,88.46551406299379
28,532,Adilabad,3,Cluster 3,-1.131,1.3094,1,0.1174,1001.4931399528476,11.308463070896044,17.823911012502013,18.08649300553509,61.01177708394088,51.3115608691418,19.5017816595482,48.28717962935738,41.90072919901841,51.072059664553095,80.56860222397326
28,533,Nizamabad,3,Cluster 3,-0.9667,1.6063,1,0.0986,1040.0218767815863,11.069381323895138,14.544307196036584,7.562354610429442,61.25430711907615,51.54471852235195,19.924914205131262,49.428083728714576,44.34217425466712,47.44218429341293,83.73523879607573
28,534,Karimnagar,3,Cluster 3,-0.3312,1.4939,1,0.1073,1007.7993407060826,8.899074721636621,18.795191762027542,2.826731888009037,64.14797791766563,54.79264169854184,18.852661329364857,49.699001845472345,43.64645372728332,49.51341881362001,84.73631263960169
28,535,Medak,3,Cluster 3,-1.1075,0.9227,1,0.1292,991.6140850803988,12.118961338323295,17.7347815308009,5.57101732509409,61.41524598742912,51.37099567457345,20.060272952956865,47.54586442171004,40.01495108782738,52.60431437183254,82.89360097018242
28,536,Hyderabad,1,Cluster 1,2.8634,-0.5014,1,0.0919,953.5181997200996,11.89671756536302,6.287260769660512,1.2410091691702658,83.24671859425358,79.34545309154967,7.642606327164614,35.84025452644888,19.10442302057205,2.224868516667056,77.5548946895097
28,537,Rangareddy,1,Cluster 1,1.4487,0.1344,1,0.1479,961.0238103700544,11.953992086832262,12.310248887004292,4.130030144951395,75.86524397945007,69.39554364741822,12.71227852667893,41.46092852189677,27.243248824127907,23.179185803054352,83.54789766119418
28,538,Mahbubnagar,3,Cluster 3,-2.0621,1.4675,1,0.0637,976.7146283675366,13.008298980416615,17.4919590982347,8.987576695744515,55.04132681452539,44.717794167582255,20.48931295259752,51.38136228025072,47.05953435511689,62.993295081250864,87.18569642943748
28,539,Nalgonda,3,Cluster 3,-0.8357,1.5451,1,0.1116,982.5346692639728,10.655068821480338,18.26941514998385,11.301249222872332,64.19542814832116,54.190593382554006,19.907877992595523,49.92228006749581,44.259608093985264,57.72481143347306,85.74524901920142
28,540,Warangal,3,Cluster 3,-0.5222,1.5915,1,0.1158,996.59747362701,9.71275781648568,17.53989095182567,15.107317250929231,65.11376019736345,55.690057254441605,18.89348074599713,48.5585222924714,42.47596667987988,56.34070195907144,84.5538517461034
28,541,Khammam,3,Cluster 3,-0.436,2.2428,1,0.0837,1011.0669538486314,10.078109081029682,16.54754287062491,27.367312868873263,64.80889288905992,57.44124955850447,14.861626390148018,50.40670343930192,43.17148541434688,62.43746728867241,86.22819422124701
28,542,Srikakulam,3,Cluster 3,-0.9625,1.1875,1,0.1179,1014.6362404582712,10.39678681698219,9.45812866198022,6.14543078834263,61.73961438880762,52.08058658327983,19.529886050981865,47.73339193241573,38.47614472416144,45.56122354079089,72.5608546309041
28,543,Vizianagaram,3,Cluster 3,-1.0391,1.603,1,0.0956,1018.5281327137774,10.307514606687898,10.56646394884311,10.047285659811113,58.89185792201603,49.86521265404268,18.283378578473545,49.391121419985886,40.46273997313602,53.2277397703897,82.31833168964093
28,544,Visakhapatnam,3,Cluster 3,0.2405,0.8666,1,0.1336,1005.9698631545974,10.539648519119403,7.679272006710501,14.415270257766474,66.90978163681723,59.34269590735383,15.22068053635465,44.04707605412683,30.2468444410156,34.99340433964291,78.37216033407431
28,545,East Godavari,3,Cluster 3,1.529,0.3395,1,0.1164,1005.80615234223,10.128521916475112,18.339439566528583,4.13625837553761,70.99320372294883,67.51633947619166,6.98896418924781,40.620115724824494,21.196637942775077,49.22120418535584,83.49490681722764
28,546,West Godavari,3,Cluster 3,1.6471,1.1644,1,0.0999,1003.628650152322,9.725433239707938,20.617348486118495,2.7704582665941238,74.62943282915208,71.3609671092936,6.563085325848931,45.03752381910334,29.09533642183152,58.55439475904512,86.52391952679808
28,547,Krishna,3,Cluster 3,1.46,1.0469,1,0.1311,992.347097414411,9.649005910039362,19.282405490948552,2.932307492056268,73.74023462862066,69.17658931066086,9.12104235784618,45.35531294785184,32.069938840625184,46.53064113076413,85.16740853539496
28,548,Guntur,3,Cluster 3,0.1959,1.429,1,0.1202,1002.7744075957552,10.142143326678005,19.58763561535599,5.055205671739079,67.40401595233607,60.0850889867458,14.707196096944088,48.72575935290487,38.379318855289846,55.6510179608536,88.44074463475343
28,549,Prakasam,3,Cluster 3,-0.8759,1.1566,1,0.1119,981.2918862304084,11.13368033888966,23.18978833524457,4.448780378684236,63.07774245185873,53.11036838344301,19.811157530457542,50.054246599212114,42.1187222318629,58.0000670364649,86.06000234039588
28,550,Sri Potti Sriramulu Nellore,3,Cluster 3,0.5444,0.5662,1,0.1423,985.0024179925438,10.26837007015556,22.49283546764918,9.650463952608302,68.89876386106147,61.99204795111175,13.746818438073824,44.35754061757544,30.918418069568325,46.382328397084656,81.89380333054153
28,551,Y.S.R.,3,Cluster 3,-0.425,0.5847,1,0.144,985.4764195878568,11.503540888037303,16.159549330799393,2.6326735864288566,67.30085229310791,56.76591656656248,21.013303451031103,45.80809021710208,34.704744277594344,46.65132792690722,81.78580192123017
28,552,Kurnool,3,Cluster 3,-1.3516,1.1803,1,0.1047,987.7448660693487,12.489049486821516,18.20529754434665,2.0434625898891885,59.96692061172342,49.7843675213965,20.314732033724116,50.06644935453957,42.95936523823425,57.307907412198034,86.60186998780442
28,553,Anantapur,3,Cluster 3,-0.7484,1.2702,1,0.1328,976.8262940816036,10.927219498043195,14.288504116978851,3.776559928725937,63.5718828606577,53.96506010323706,19.05087006195616,49.891991175032125,41.03938555616658,50.60785810194257,82.49106408809497
28,554,Chittoor,3,Cluster 3,0.4198,1.0249,1,0.1436,996.9648895514504,10.65081896204754,18.82481916904005,3.8131902146205703,71.53462187343477,63.281041479569375,16.549983601603422,46.3183362785046,35.08556236983291,52.22434346062316,86.37059787716392
29,555,Belgaum,3,Cluster 3,0.1048,0.6573,1,0.1561,972.5698423854436,13.102791181215572,12.080731248513231,6.217972362475079,73.4828785725017,64.57769620610587,17.618576650300696,44.05475618459133,31.114598247134214,52.29941282291415,82.37295718033421
29,556,Bagalkot,3,Cluster 3,-0.6292,0.2712,1,0.152,988.98023494097,14.38855468865756,16.888406521067314,5.143690812339397,68.8207268438737,58.39828575104789,20.82845470055544,43.29038942676076,32.61947914150191,50.09907331914566,82.68215494553718
29,557,Bijapur,3,Cluster 3,-0.8375,-0.0608,1,0.1479,959.755072356803,14.623683766960555,20.335585172856124,1.805605119295137,67.14999260325189,56.71836706074659,20.49493377652722,42.60822079876693,32.59946225718811,54.7385962605177,81.93003938679905
29,558,Bidar,3,Cluster 3,-0.0643,-0.112,1,0.1528,956.320743339861,13.176891915693068,23.471202958962014,13.845006751599836,70.50528177823699,61.55154523083471,17.535481248575707,41.24980919391769,29.251472734151218,46.80604262974518,78.53070275317104
29,559,Raichur,3,Cluster 3,-1.8647,0.7375,1,0.1156,999.7822730896796,14.710246514434791,20.78652559191876,19.03093717791055,59.55756532057123,48.73346924347123,21.74060843010634,46.83779445586195,38.68501640048076,55.65394786216271,80.3602560512191
29,560,Koppal,3,Cluster 3,-1.0592,0.7875,1,0.1539,985.8099284781534,14.508317025440313,18.60596293311845,11.818737769080236,68.08955233929103,57.54570850722745,20.98958157000361,47.10817888799355,38.66584347110265,50.84564561996194,77.59856192899449
29,561,Gadag,3,Cluster 3,0.1345,1.0115,1,0.1459,981.8969481352405,12.440891627605511,16.36303859774369,5.791446311656349,75.11597119708881,65.44170053951784,19.222416683720454,46.56546774754126,35.13498652883928,56.14215225469113,85.42106261170575
29,562,Dharwad,1,Cluster 1,1.5929,0.6618,1,0.1485,970.7759019895306,11.907918851037588,9.62927911563635,4.739951803523833,79.99995083219582,73.46034007387279,12.9119616107958,42.4917827227923,26.4951083569553,41.091926562720985,88.0375825175547
29,563,Uttara Kannada,1,Cluster 1,2.3254,0.663,1,0.1324,978.8738406291995,10.445187726704376,8.101413264549958,2.382392049925931,84.06065324376443,78.38978531725618,11.238091294462436,42.34199318243018,25.032739589795096,29.362426584895307,81.88705166254195
29,564,Haveri,3,Cluster 3,0.7446,0.9847,1,0.1425,950.4497465597562,12.22513062789015,13.768567687404392,8.849147632674622,77.40166334961789,70.45869465997262,13.54623606089487,45.69572652140495,30.741516171294982,57.57493158152825,82.45158656888555
29,565,Bellary,3,Cluster 3,-0.546,0.6526,1,0.136,982.7697715517312,14.03215777574365,21.09638974229337,18.40524016398957,67.42515685745359,58.08619029790876,18.551417565586164,45.53870492274509,34.02501231860393,50.99061671800015,86.79428407707185
29,566,Chitradurga,3,Cluster 3,0.1232,1.6709,1,0.1211,973.5622464598029,11.10484399706892,23.44846744957384,18.23211944155193,73.71269597661568,65.87503875373476,15.494112722919382,51.61854246210807,41.93385641322578,52.515973275335725,77.92308311940293
29,567,Davanagere,3,Cluster 3,0.8906,0.7612,1,0.1481,972.3205596107056,11.191536147318654,20.179676452854977,11.982131044149645,75.73595035438827,68.90896069783007,13.48656094789196,44.986293990687216,30.191732431651857,49.318047044870525,80.56368379137734
29,568,Shimoga,3,Cluster 3,1.7636,0.9306,1,0.1398,997.6328191334774,10.426511893004893,17.58137056390718,3.731957668878615,80.44677650092166,74.83736485248305,11.230368386995965,44.53553923456414,28.11611057671437,47.255821818656976,83.62678356849493
29,569,Udupi,1,Cluster 1,3.15,1.6766,1,0.0545,1094.4601881056194,8.761968504137643,6.406616152564931,4.492844590571625,86.243542875123,81.5790452210589,9.8354828312022,43.592492022412834,28.90658778017977,19.9224146161355,89.51856924914416
29,570,Chikmagalur,3,Cluster 3,1.6804,1.5068,1,0.1185,1008.324773835114,9.25585323222852,22.28995545541543,3.9518050267100544,79.24838737479821,73.16363300378823,12.24510437024442,49.71822408676572,36.38557843942038,40.291353084447145,84.88000509037177
29,571,Tumkur,3,Cluster 3,0.5946,1.5746,1,0.1381,983.5568646092016,9.919521608970578,18.92141785306348,7.822342831973363,75.14347942473971,67.37518932834857,15.430387650604004,50.56573770614189,38.92949790196524,50.17266503573627,79.60980211804413
29,572,Bangalore,1,Cluster 1,3.4823,0.2962,1,0.0718,915.6281899176552,10.942487339099486,12.45521641988906,1.977217602442683,87.67098540107652,84.01368590572372,6.993599290342786,44.13973381214733,24.605198210872626,3.713367335958447,90.85020769134954
29,573,Mandya,3,Cluster 3,0.3499,1.2408,1,0.1335,995.1374732759908,9.562961818482874,14.691469396140924,1.240579498263621,70.39741985103032,62.53882814278475,15.72719899864036,48.25689221600327,32.88667279534221,57.15841488717111,82.03975634834659
29,574,Hassan,3,Cluster 3,0.8547,1.7514,1,0.1153,1010.2832854457616,9.32419736087335,19.422817001150065,1.8198951712460052,76.06581639748097,68.60168070542284,15.034601081656264,50.86519468076543,38.43477598532182,55.22045640673764,83.26733659443548
29,575,Dakshina Kannada,1,Cluster 1,3.2864,1.7577,1,0.0514,1019.542598244539,9.968037694368768,7.0910473481431575,3.936929120632221,88.57050674196005,84.1321989926837,9.000493851886205,47.74586545395901,35.7195467019295,5.641958022332896,91.65648512961036
29,576,Kodagu,1,Cluster 1,2.6547,1.9151,1,0.0705,1019.311163549496,9.870356110430842,13.269878940126487,10.469253533242323,82.610757404169,78.13797685620952,9.052828709695262,50.30269476789795,38.16856072108635,11.469573883802136,92.76362489155296
29,577,Mysore,3,Cluster 3,1.2272,0.5901,1,0.1397,985.3975919555438,10.181541800796834,17.88138256061806,11.1473789679677,72.79287541095265,67.05718058208369,11.403616899537766,43.79248195761126,26.34829714399269,40.25442299439688,82.33541408601594
29,578,Chamarajanagar,3,Cluster 3,-0.1722,0.7072,1,0.0926,992.833311533273,9.859804798435723,25.41607439720765,11.777043488823862,61.43382061266564,54.91934764202585,13.01111499976863,47.18820992739944,30.94364480100677,53.71014318248345,79.180722991615
29,579,Gulbarga,3,Cluster 3,-0.7894,-0.3275,1,0.1436,971.435485171941,14.237162387007729,25.28057620115293,2.54289595320314,64.85224134625258,55.09268584304798,19.287723592705056,42.357362236909886,32.18696300958982,45.28144629209183,77.66469676954043
29,580,Yadgir,3,Cluster 3,-2.637,0.3299,1,0.0684,989.1806094567604,16.20401082884615,23.27529164903161,12.505545994067807,51.82999455280124,41.37992813298452,20.865738020296583,46.64136302437853,39.4835445986074,57.47129794630597,79.83279045309807
29,581,Kolar,3,Cluster 3,0.791,0.5485,1,0.1321,978.8883507900608,11.092351541036487,30.321966726134647,5.1337508892535215,74.39497561454138,66.83781102764969,14.970496117144537,46.724260137815584,34.713455832527416,42.83730247174984,81.43373749080615
29,582,Chikkaballapura,3,Cluster 3,-0.0155,1.4559,1,0.1171,972.0789331858456,10.539843710162664,24.90351397175055,12.468050456376524,69.75502708364134,61.55112205950029,16.19736880479971,50.97410254449034,41.27034414313354,55.004704756962575,83.71106852689527
29,583,Bangalore Rural,3,Cluster 3,1.3455,0.5389,1,0.1434,946.145899617418,10.804270362076569,21.56575233393513,5.338759923828592,77.92503572394301,70.63317481267327,14.187766314072404,46.41036690035452,29.972330104140937,38.61784640273456,84.80031137813091
29,584,Ramanagara,3,Cluster 3,0.3948,1.115,1,0.14,975.5842980394448,9.960965643115507,18.826179805585628,2.1194565855929417,69.22050277237778,61.5043072132849,15.25562342184982,49.08935228460904,34.99816694972953,50.87203340238852,86.33610494882954
30,585,North Goa,1,Cluster 1,3.5879,0.5354,1,0.0747,963.1705133712684,9.499295850407332,2.152301688981037,6.91998122267753,89.56602904486405,85.59692279774653,7.8023698129025405,40.05559847825449,22.05984586289123,5.004303267431285,82.23116786405336
30,586,South Goa,1,Cluster 1,3.2359,0.6184,1,0.083,986.3891361179424,10.445298241943869,1.224441367165363,14.46739220372906,87.58714225695613,83.46857084823164,8.200872786263858,38.96574280642648,21.74934134823972,7.381305340758844,82.78216274690492
31,587,Lakshadweep,1,Cluster 1,2.8754,0.2611,-1,-0.0608,946.4722398333485,11.25277247840181,0.0,94.79937338110528,91.84697123282884,87.94636454897461,7.610479207419019,29.08659438834861,10.956937799043065,0.0,57.61211539487016
32,588,Kasaragod,1,Cluster 1,3.4199,0.4848,1,0.0646,1079.7772238245154,11.917544698345925,4.075571278324888,3.7370303088249353,90.09385463993442,86.4878862578123,7.561677342859994,35.414322592982124,20.31684154386957,10.430066652555734,80.49710797886816
32,589,Kannur,1,Cluster 1,4.5115,0.6686,-1,-0.0075,1135.5212172202537,10.872678312312749,3.303602889096842,1.6397523110356984,95.09709007708948,93.29242919832429,3.893470654595319,32.66409116437832,16.00669967806064,10.87747355954744,84.23680646899223
32,590,Wayanad,1,Cluster 1,2.6947,1.5496,1,0.0815,1034.9827227372762,11.294560935626729,3.98546646766656,18.526950649604853,89.03441751161225,85.70298537280713,6.81047708736935,41.6037043380392,26.80499162930321,33.97554083339949,77.46627969548074
32,591,Kozhikode,1,Cluster 1,4.5261,-0.0458,-1,-0.0018,1098.1745031415242,10.87534462865321,6.454053455067292,0.4934074632577011,95.0846127894227,92.99161802177038,4.426785331367967,30.748247169014736,12.173700947967346,6.054915746469107,79.47335088900621
32,592,Malappuram,1,Cluster 1,4.1076,-0.7502,-1,-0.0203,1098.0774645875588,13.957018371376051,7.495064333855265,0.5589702692977252,93.5696021254188,91.61953147593688,4.136842475325452,25.831380138684924,7.631125638300245,12.005658757708789,80.19839536757452
32,593,Palakkad,1,Cluster 1,3.4286,0.4611,1,0.0915,1066.9212741949484,10.758153038469944,14.37161869282339,1.7428167351973394,89.30686538761393,85.79235014652168,7.309056243688161,37.09482144420474,20.422474035751517,24.42465989984074,83.99754398756643
32,594,Thrissur,1,Cluster 1,4.7133,0.6514,1,0.0076,1107.8322459434764,9.738241701909525,10.391836473151352,0.3021273869024734,95.07668825982785,93.5630338479806,3.218612478801546,35.1059528386518,18.66673331557384,8.152486887701043,84.83007172406995
32,595,Ernakulam,1,Cluster 1,4.7401,0.6816,1,0.0266,1026.7196523493772,9.268922503981855,8.17730871548397,0.5044802747268148,95.88771000481508,94.4629669877412,2.897545176151226,38.06201460643897,20.212156256408495,7.3155250399610035,84.95569271208947
32,596,Idukki,1,Cluster 1,3.2285,1.8697,1,0.0669,1006.074441759164,9.5260123321196,13.118973032731155,5.0330305309231775,91.99438272238628,89.45470048184649,5.106271657714217,46.56222778892923,33.201058676726014,38.36719517083912,80.55321547051201
32,597,Kottayam,1,Cluster 1,4.8882,0.8428,-1,-0.0002,1039.2165975240864,8.836743138060248,7.794632805128862,1.1127593057864802,97.20748972953754,96.48131271052868,1.4863176469837214,37.26087601687675,20.413470845565072,11.879684940909431,82.16993890463277
32,598,Alappuzha,1,Cluster 1,4.467,1.0306,1,0.0,1100.1883250324238,9.025612971962914,9.456341770730086,0.3089592060114983,95.71503035268628,94.24119407078042,3.119027554280521,37.80783714926621,24.019532641275667,7.122195828065897,74.13405828177771
32,599,Pathanamthitta,1,Cluster 1,4.8853,0.6422,-1,-0.0433,1131.703565502852,8.08719137606772,13.735038566508436,0.6771270039050886,96.54526043204687,95.83421931374932,1.526297465585742,32.80357972026337,17.451737937630565,17.007897269306557,74.65923613904489
32,600,Kollam,1,Cluster 1,4.3574,0.5281,1,0.0171,1113.426326898525,9.647962813641325,12.45602618223213,0.4083289854385049,94.08503999176855,92.310810532633,3.778518480156009,34.60702936014798,19.27842484228328,10.757051615909653,76.23683561305884
32,601,Thiruvananthapuram,1,Cluster 1,4.228,0.6707,1,0.0271,1087.2940004223365,9.300856871892064,11.297448042922046,0.8105282957945156,93.0216279506246,91.17219490588344,3.885410470103807,37.30717050536026,21.373351576305613,6.701556992990812,74.79947940558705
33,602,Thiruvallur,1,Cluster 1,2.5978,-0.1112,1,0.126,987.1965851874832,10.881375626860194,22.039245686279138,1.2672125026555052,84.02635416494228,78.31718456728277,11.374548466700531,41.25566239568424,23.46010511640665,15.187113066251252,81.13616296957063
33,603,Chennai,1,Cluster 1,4.0837,-0.0618,1,0.0699,989.3160673401136,9.884882536802207,16.778824343646246,0.2165177591477193,90.18170667869,86.63752232182429,7.066023557980032,39.10914165051912,19.38627055919629,1.1259029206563371,89.1188396833319
33,604,Kancheepuram,1,Cluster 1,2.6928,-0.0439,1,0.1219,986.257040633734,10.794067007282182,23.71238731325589,1.0307004160818276,84.48707733078231,79.02326921114889,10.871058467323422,41.86364441260831,24.80771109971621,14.174514014101923,81.69235052401282
33,605,Vellore,1,Cluster 1,1.6653,0.229,1,0.1411,1006.6040063455556,10.988659236227848,21.8531419232783,1.8533756434608777,79.16955996964423,71.94870315598342,14.546856943095008,42.9163604381847,28.63585974781264,24.16401768748557,80.51624016621975
33,606,Tiruvannamalai,3,Cluster 3,0.1841,1.3075,1,0.1393,994.4145469374675,11.058126679851918,22.93540240377301,3.6900045641259696,74.20556254464478,65.32394576639317,17.787070746134646,50.23285156448096,40.6173870166137,49.790377304698765,78.34679532893924
33,607,Viluppuram,3,Cluster 3,-0.1091,0.8462,1,0.1222,986.9228219590894,11.68316963357718,29.36551876868564,2.1642598615213684,71.88031034772865,63.1520686587912,17.39737335800018,49.24288923010472,39.92109677577073,50.51997682077018,74.02335184109899
33,608,Salem,3,Cluster 3,1.0152,1.0881,1,0.1218,954.4862371468776,9.906790700666503,16.67152969395093,3.428118330090039,72.85597890533155,65.15385271636383,15.086648941697732,48.65401360575476,35.89346568773026,37.96388770836285,92.14182839873448
33,609,Namakkal,3,Cluster 3,1.0652,1.8137,1,0.0922,986.242637585128,8.728073249117775,20.0041584593082,3.304700970287866,74.63224236024828,66.56926109277595,16.073435036130633,52.02388971163575,42.7823417366424,42.42840205066546,93.42128261220492
33,610,Erode,3,Cluster 3,0.9316,1.9019,1,0.1,992.9266073559036,8.669413574544887,16.408748063723053,0.9716912757400484,72.58154630297331,64.71440844881093,15.708923347193632,53.104304929867695,41.33166232275225,42.21453402945208,92.91487598398692
33,611,The Nilgiris,3,Cluster 3,2.6601,1.2026,1,0.0512,1041.950003193176,9.083430106854284,32.07505092508234,4.461961887097257,85.20060724354803,78.98275358082432,12.732892906870743,47.58999937448497,36.72262032612838,24.667546732042958,91.12791235920382
33,612,Dindigul,3,Cluster 3,0.8589,1.6436,1,0.1234,998.0563177536546,10.02771121991874,20.94551515782894,0.3733722262735702,76.25744970021083,68.32714716243625,15.903432734218285,51.16991353265965,40.7555543608534,49.2290221733603,87.13863666182571
33,613,Karur,3,Cluster 3,0.9088,1.6778,1,0.0984,1015.3828968692728,9.65069756212582,20.797224594243456,0.0540163251425796,75.59500167401083,66.86260525704608,17.673025983550275,51.03819376924038,39.95159506926044,49.04104193278827,93.59633203140818
33,614,Tiruchirappalli,3,Cluster 3,2.1475,1.0799,1,0.1316,1013.1052352908116,10.008338567896882,17.138548795315707,0.6684813153631685,83.2293534990534,76.86618785030416,12.858377411198816,44.594036638271454,31.00519267798827,39.65282760245441,89.15549610001491
33,615,Perambalur,3,Cluster 3,0.1216,1.9149,1,0.0546,1003.2216106635668,10.538672347020556,31.012361492720576,0.4571646942888028,74.32384862436122,65.90321795204098,16.96242729020871,53.02791995371739,48.42934156698438,66.2862080700373,85.1100671947045
33,616,Ariyalur,3,Cluster 3,-0.2012,1.0335,1,0.1261,1014.6462665097424,10.754754972221264,23.3449994303836,1.4203318611619644,71.33724304482513,61.73627608158871,19.48881016556776,47.66907671805578,38.744736198384494,55.90202611636484,75.6538122723016
33,617,Cuddalore,3,Cluster 3,0.9768,0.2587,1,0.1302,986.6737516362392,10.742871790857258,29.315779415590843,0.6025525017325974,78.04424316111513,70.13953736559857,15.794865964833974,44.89326969347415,32.471138920289256,39.45994460970356,71.56896433822273
33,618,Nagapattinam,1,Cluster 1,2.0123,0.1117,1,0.1022,1025.3042435602354,10.222710260137957,31.536205883262703,0.2323610380772681,83.58626107269475,77.58094853223363,12.20935452523969,41.57221070865168,25.762443436149297,40.28041917040926,72.37088426384759
33,619,Thiruvarur,3,Cluster 3,1.959,0.264,1,0.0911,1017.378525051341,9.64764841881961,34.084856404094985,0.2399790552228665,82.85631495643891,76.72484949583918,12.409348334473025,42.7254470341547,26.71255865893749,48.25054427511441,76.35124627893545
33,620,Thanjavur,1,Cluster 1,2.1782,0.5564,1,0.1161,1034.7238197047402,9.917244761813716,18.914497337783523,0.1480117544858659,82.63759567238748,76.50116323718746,12.541117192095117,40.48726250992356,23.99691370638036,45.68356365346137,85.66902684484523
33,621,Pudukkottai,3,Cluster 3,0.7116,1.2937,1,0.1309,1014.901866063736,11.10319493062357,17.59847251358641,0.0792785221939697,77.19317391150219,69.00345863731066,16.55983652271925,47.066169450889646,35.64883819926713,56.03386141135602,84.05591229012214
33,622,Sivaganga,3,Cluster 3,1.1433,0.9553,1,0.1394,1002.6275961906586,10.248293444631884,17.00738032456103,0.0589948032299281,79.85449293016028,71.85485796132728,16.06028444241447,46.31248875178198,34.13724644966133,38.56936232103727,74.35078389669945
33,623,Madurai,1,Cluster 1,2.2628,0.8575,1,0.1376,990.3712802371476,10.334165829562526,13.460897911035689,0.3652099957475548,83.45085699896559,77.16001282055052,12.564890732198164,44.58590005042373,29.893826933469686,27.24599743694228,86.65836921023569
33,624,Theni,3,Cluster 3,1.1736,1.2545,1,0.1202,991.2623485055532,9.604390082984256,20.72399127056045,0.1472832067446879,77.25542913664785,69.46258009914158,15.566596396486377,47.4871558609486,35.91361719143008,52.72715594903675,89.68109092998807
33,625,Virudhunagar,3,Cluster 3,1.8011,1.2172,1,0.111,1007.0992416108562,10.149576169960376,20.585567124957784,0.1181081281457744,80.1526971258697,72.68966789331779,15.024115528185945,48.919521718715245,38.07254209253432,23.21035027858525,89.88673462729356
33,626,Ramanathapuram,3,Cluster 3,1.508,0.7352,1,0.1502,982.610619080125,10.391556361728776,18.398087842505607,0.0816435097104056,80.71777645302075,73.5167351224894,14.294765925872753,44.55127471009165,31.340201882266648,42.049862598407564,80.62496579471522
33,627,Thoothukkudi,1,Cluster 1,2.8414,0.7291,1,0.1154,1023.2757355023753,10.499686888632914,19.87771515550436,0.2806003510504086,86.16482370868985,81.33250817298682,9.812347520957816,42.7439868904613,27.60736820104953,27.54342697117345,87.88282236881679
33,628,Tirunelveli,3,Cluster 3,2.028,1.2694,1,0.1213,1023.2814258813132,10.4537745435591,18.51384019344652,0.3337413838991067,82.50477400849051,75.9761107985396,13.259602355272264,46.6800531516463,36.00022103409258,29.86701975837723,88.51010892099573
33,629,Kanniyakumari,1,Cluster 1,4.2155,0.3334,1,0.0518,1019.090079829869,9.749387020991524,3.969740811196049,0.3893338979262971,91.74857703444977,89.89870265437429,3.7463645913696126,36.33604829836172,16.418033768030433,9.355080780436126,81.3186780848121
33,630,Dharmapuri,3,Cluster 3,-0.1852,1.3427,1,0.1332,946.0637502373102,11.14515579924385,16.28517370422798,4.183846625029947,68.54185852149111,59.79824549302014,17.052303502939232,49.85058164652854,41.65137739918639,54.33417202497437,86.930521719451
33,631,Krishnagiri,3,Cluster 3,0.4259,0.8753,1,0.149,957.6612735255646,11.560908581669734,14.224104682975772,1.1909720615232715,71.45672204156908,63.90687608424142,14.811792785241709,46.69511636554565,34.37939400398227,47.388807433306106,84.53164179138484
33,632,Coimbatore,1,Cluster 1,2.9676,0.8995,1,0.1004,999.682529952923,9.234466295262209,15.497513768617818,0.819596043429163,83.98050411107992,78.91903200084444,10.14420731139444,45.342093581778144,28.044862524786723,17.65120061226442,92.04706782741796
33,633,Tiruppur,3,Cluster 3,1.7958,1.4682,1,0.1158,989.3544884721772,9.735616679279016,15.968846155707908,0.2201648049334987,78.67744618248818,71.82353289321475,13.662687282866967,51.073434522551366,36.20379059658868,27.42799554866496,92.29617332089656
34,634,Yanam,1,Cluster 1,3.217,-0.9125,1,0.0586,1037.5077835976706,11.1530579225542,15.149390572753749,0.0,79.46663429242038,76.34807305431738,6.402955153899981,30.12979541940819,9.57811120917917,19.32577565632458,91.72434367541766
34,635,Puducherry,1,Cluster 1,3.1858,-0.1725,1,0.11,1029.41327217047,10.506067101692222,16.03785795689522,0.0,85.44278271176117,79.8609779593006,11.368277015913137,36.63148789473518,18.97243123367584,13.576076183910027,90.65368207868316
34,636,Mahe,1,Cluster 1,5.3608,0.5056,-1,-0.0771,1184.4016089432168,10.888176774440408,0.3443657929978955,0.0,97.87188363792502,97.24806581137987,1.3802816739238466,28.223646451119187,11.948132139549244,0.6778512116590408,88.15455007625826
34,637,Karaikal,1,Cluster 1,3.2911,-0.4903,1,0.0946,1047.071332903925,11.119157734914245,17.65440361199069,0.0,87.05151186509252,82.01996566692544,10.351308985683744,34.11263497517755,14.80476111431166,15.800647135473858,85.41895433448998
35,638,Nicobars,0,Cluster 0,0.6864,0.5286,1,0.0065,777.4883002846528,11.913034037240108,0.0,64.27718364909613,78.05749853634487,71.05564296953226,12.302052878012546,46.48227566364475,27.37201365187713,1.7226277372262777,56.35620437956205
35,639,North  & Middle Andaman,1,Cluster 1,2.6025,-0.2521,1,0.1191,924.8099742986822,11.20107578813792,0.0,0.7178234230139113,83.91152726380787,79.05966725316821,9.30947537011805,36.53418184228719,15.702853989277829,23.95085409160424,80.45309624407061
35,640,South Andaman,1,Cluster 1,3.6827,-0.0108,1,0.066,870.9647007063002,10.35558616287761,0.0,1.7178826078558171,89.12549594577503,85.56639418158244,6.620779049508528,40.66103417288844,17.380636664591957,6.343009986471275,88.01003810763082
