State,District,Subdistt,Level,Name,TRU,No_HH,TOT_P,TOT_M,TOT_F,P_06,M_06,F_06,P_SC,M_SC,F_SC,P_ST,M_ST,F_ST,P_LIT,M_LIT,F_LIT,P_ILL,M_ILL,F_ILL,TOT_WORK_P,TOT_WORK_M,TOT_WORK_F,MAINWORK_P,MAINWORK_M,MAINWORK_F,MAIN_CL_P,MAIN_CL_M,MAIN_CL_F,MAIN_AL_P,MAIN_AL_M,MAIN_AL_F,MAIN_HH_P,MAIN_HH_M,MAIN_HH_F,MAIN_OT_P,MAIN_OT_M,MAIN_OT_F,MARGWORK_P,MARGWORK_M,MARGWORK_F,MARG_CL_P,MARG_CL_M,MARG_CL_F,MARG_AL_P,MARG_AL_M,MARG_AL_F,MARG_HH_P,MARG_HH_M,MARG_HH_F,MARG_OT_P,MARG_OT_M,MARG_OT_F,NON_WORK_P,NON_WORK_M,NON_WORK_F,Sex_Ratio,Child_Pop_Pct,SC_Pop_Pct,ST_Pop_Pct,Literacy_Rate,Male_Literacy_Rate,Female_Literacy_Rate,Gender_Literacy_Gap,Worker_Participation,Female_Worker_Part,Main_Worker_Pct,Marginal_Worker_Pct,Non_Worker_Pct,Agri_Worker_Pct
01,001,00000,DISTRICT,Kupwara,Total,113929,870354,474190,396164,188798,100459,88339,1048,1046,2,70352,36913,33439,439654,282823,156831,430700,191367,239333,229064,190899,38165,123837,111713,12124,14585,12171,2414,9834,8804,1030,2571,1842,729,96847,88896,7951,105227,79186,26041,20095,13733,6362,46925,41745,5180,5375,2621,2754,32832,21087,11745,641290,283291,357999,835.4541428541302,21.69209310234686,0.12041077538564769,8.0831477766518,64.50739190910213,75.67555273712911,50.948103630309426,24.727449106819684,26.318486500895037,9.63363657475187,54.062183494569204,45.937816505430796,73.68151349910497,10.6603394684455
01,002,00000,DISTRICT,Badgam,Total,103363,753745,398041,355704,155202,84720,70482,368,343,25,23912,12383,11529,335649,207741,127908,418096,190300,227796,214866,162578,52288,132003,116865,15138,34173,31582,2591,11560,10877,683,14401,10652,3749,71869,63754,8115,82863,45713,37150,21126,9351,11775,25070,17395,7675,14701,5928,8773,21966,13039,8927,538879,235463,303416,893.636585175899,20.59078335511347,0.04882287776369992,3.1724256877325887,56.077675288158076,66.30292894507551,44.845068052254035,21.457860892821472,28.506457754280294,14.699862807277961,61.43503392812264,38.56496607187736,71.49354224571971,21.284428434466133
01,003,00000,DISTRICT,Leh(Ladakh),Total,21909,133487,78971,54516,12016,6174,5842,488,444,44,95857,47543,48314,93770,62834,30936,39717,16137,23580,75079,53265,21814,57125,44742,12383,11175,6303,4872,593,304,289,502,188,314,44855,37947,6908,17954,8523,9431,9694,3490,6204,1052,454,598,518,107,411,6690,4472,2218,58408,25706,32702,690.329361411151,9.001625626465499,0.3655786705821541,71.80998898769168,77.19537996723498,86.31399645589791,63.55754612318692,22.75645033271099,56.24442829638841,40.01394086139849,76.08652219661957,23.913477803380438,43.75557170361159,15.674156555095301
01,004,00000,DISTRICT,Kargil,Total,18338,140802,77785,63017,19928,10078,9850,18,12,6,122336,62652,59684,86236,56301,29935,54566,21484,33082,51873,39839,12034,28941,25174,3767,1834,1102,732,524,279,245,272,207,65,26311,23586,2725,22932,14665,8267,6432,3164,3268,3239,1566,1673,950,274,676,12311,9661,2650,88929,37946,50983,810.1433438323584,14.153208051022004,0.012783909319469893,86.88512947259271,71.34371328821749,83.15388364570872,56.3037222337164,26.850161411992318,36.84109600715899,19.09643429550756,55.79203053611705,44.20796946388295,63.15890399284101,4.54571742525013
01,005,00000,DISTRICT,Punch,Total,90261,476835,251899,224936,84674,44733,39941,556,406,150,176101,90274,85827,261724,163333,98391,215111,88566,126545,161393,117677,43716,73247,63147,10100,17902,15566,2336,5917,4958,959,1187,819,368,48241,41804,6437,88146,54530,33616,36362,22076,14286,25666,19737,5929,2743,904,1839,23375,11813,11562,315442,134222,181220,892.9610677295266,17.75750521668921,0.1166021789507901,36.93122358887246,66.7389159044372,78.84160528272014,53.185761777345334,25.655843505374804,33.84671846655552,19.434861471707507,45.38424838747653,54.61575161252347,66.15328153344448,14.758384812228536
01,006,00000,DISTRICT,Rajouri,Total,130401,642415,345351,297064,108271,58051,50220,48157,25170,22987,232815,121374,111441,364109,224469,139640,278306,120882,157424,290912,184752,106160,130377,110114,20263,43100,34752,8348,6148,5205,943,1655,1108,547,79474,69049,10425,160535,74638,85897,93427,47002,46425,17868,11153,6715,3001,796,2205,46239,15687,30552,351503,160599,190904,860.1799328798816,16.853747188343984,7.496244639368632,36.24059214059447,68.16682392763,78.13052558301426,56.57014146586508,21.560384117149184,45.28412319139497,35.73640696954192,44.816645583544165,55.183354416455835,54.715876808605024,16.928830711692882
01,007,00000,DISTRICT,Kathua,Total,119583,616435,326109,290326,83936,45833,38103,141224,74644,66580,53307,27693,25614,389204,228499,160705,227231,97610,129621,200431,161548,38883,142847,123404,19443,46391,39107,7284,10152,8985,1167,2226,1676,550,84078,73636,10442,57584,38144,19440,23142,12494,10648,11414,8613,2801,1726,837,889,21302,16200,5102,416004,164561,251443,890.2728842196934,13.616358577952258,22.909795842221808,8.647627081525222,73.09009031002876,81.52642395353152,63.71544228718238,17.810981666349143,32.51453924582478,13.39287559502077,71.26991333675929,28.730086663240716,67.48546075417522,28.210705928723602
01,008,00000,DISTRICT,Baramula,Total,152635,1008039,534733,473306,164581,88321,76260,1476,1451,25,37705,20237,17468,545149,337170,207979,462890,197563,265327,304200,249581,54619,187959,169496,18463,31114,28357,2757,19159,18143,1016,7650,5545,2105,130036,117451,12585,116241,80085,36156,26381,14785,11596,43087,35173,7914,7434,3550,3884,39339,26577,12762,703839,285152,418687,885.1258478530407,16.326848465188352,0.14642290625660317,3.740430677781316,64.63261952580923,75.52888363216043,52.3815880275837,23.147295604576726,30.17740385044626,11.539891740227253,61.7879684418146,38.21203155818541,69.82259614955375,16.52629848783695
01,009,00000,DISTRICT,Bandipore,Total,58392,392232,207680,184552,61754,32641,29113,392,375,17,75374,39398,35976,185979,117058,68921,206253,90622,115631,149317,101380,47937,75173,64904,10269,10778,9878,900,9423,7881,1542,9526,6916,2610,45446,40229,5217,74144,36476,37668,17454,6877,10577,23459,13764,9695,10958,4384,6574,22273,11451,10822,242915,106300,136615,888.6363636363636,15.744253401048358,0.09994085133288462,19.21668808256338,56.27575814426377,66.87538205771286,44.33958015684609,22.535801900866765,38.068541067531456,25.974793012267543,50.34456893722751,49.65543106277249,61.931458932468544,13.528935084417714
01,010,00000,DISTRICT,Srinagar,Total,191678,1236829,651124,585705,158300,84897,73403,1068,995,73,8935,5021,3914,748584,431746,316838,488245,219378,268867,407188,333151,74037,330547,289800,40747,6602,5616,986,6513,6013,500,12577,9994,2583,304855,268177,36678,76641,43351,33290,5626,2803,2823,3895,2854,1041,7518,2092,5426,59602,35602,24000,829641,317973,511668,899.5291219491219,12.798859017697678,0.08634985111118837,0.7224119098112997,69.40786942214812,76.24963133160375,61.8459424323934,14.403688899210351,32.92193181110727,12.64066381540195,81.17798166940086,18.822018330599132,67.07806818889273,3.2208709490456497
01,011,00000,DISTRICT,Ganderbal,Total,45361,297446,158720,138726,50594,27159,23435,117,105,12,61070,32554,28516,143276,90581,52695,154170,68139,86031,100890,73305,27585,52949,46779,6170,5227,4210,1017,5539,4761,778,1931,1492,439,40252,36316,3936,47941,26526,21415,10110,3386,6724,13773,8519,5254,5699,2105,3594,18359,12516,5843,196556,85415,111141,874.0297379032259,17.009473988555907,0.039334870867317094,20.53145781082953,58.04125548911898,68.8509512697532,45.706082868567364,23.144868401185832,33.91876172481727,19.884520565719477,52.48191099216969,47.51808900783031,66.08123827518271,10.671027852116167
01,012,00000,DISTRICT,Pulwama,Total,86241,560440,293064,267376,97374,53234,44140,402,397,5,22607,11837,10770,293958,178326,115632,266482,114738,151744,188420,138428,49992,98306,89170,9136,18816,17200,1616,6992,6598,394,3711,2865,846,68787,62507,6280,90114,49258,40856,30930,13437,17493,27088,19536,7552,6904,1570,5334,25192,14715,10477,372020,154636,217384,912.3467911445964,17.374562843480124,0.07172935550638783,4.0337948754549995,63.48079971321583,74.35516824417296,51.79809708111595,22.55707116305701,33.62001284704875,18.697265274370174,52.17386689311113,47.82613310688886,66.37998715295124,13.697059760110392
01,013,00000,DISTRICT,Shupiyan,Total,44411,266215,136480,129735,41547,22121,19426,43,43,0,21820,11311,10509,136500,80355,56145,129715,56125,73590,87721,63931,23790,54703,48945,5758,29183,26399,2784,3761,3575,186,1519,1100,419,20240,17871,2369,33018,14986,18032,18241,6774,11467,7074,4882,2192,1876,472,1404,5827,2858,2969,178494,72549,105945,950.5788393903869,15.60655860864339,0.016152358056458125,8.196382623067821,60.756315986255274,70.26556720502978,50.89793217235221,19.36763503267757,32.95118607140845,18.337380043935713,62.36021021192188,37.63978978807811,67.04881392859156,37.55543142463036
01,014,00000,DISTRICT,Anantnag,Total,153640,1078692,559767,518925,208538,113278,95260,1826,1811,15,116006,60990,55016,545532,324417,221115,533160,235350,297810,389684,244032,145652,176800,158226,18574,36670,32499,4171,19664,18073,1591,5352,3974,1378,115114,103680,11434,212884,85806,127078,104287,28184,76103,56700,34372,22328,10970,2923,8047,40927,20327,20600,689008,315735,373273,927.0374995310549,19.332487864932716,0.16927908986068313,10.754320973920265,62.69373007536597,72.65957280022576,52.19099996459467,20.468572835631093,36.12560397221821,28.068025244495832,45.37009474343314,54.62990525656686,63.8743960277818,14.456328717627617
01,015,00000,DISTRICT,Kulgam,Total,73728,424483,217620,206863,71501,37929,33572,21,11,10,26525,13888,12637,209085,125052,84033,215398,92568,122830,159990,102317,57673,77812,70202,7610,26771,24013,2758,8830,8413,417,2616,2140,476,39595,35636,3959,82178,32115,50063,42402,11480,30922,21098,12769,8329,3577,929,2648,15101,6937,8164,264493,115303,149190,950.5698005698006,16.84425524697102,0.00494719458729796,6.24877792514659,59.23389861239383,69.5928009750071,48.492420264179906,21.10038071082719,37.69055533437146,27.879804508297763,48.635539721232576,51.364460278767424,62.30944466562855,22.252015750984437
01,016,00000,DISTRICT,Doda,Total,79636,409936,213641,196295,71240,36862,34378,53408,27209,26199,39216,20377,18839,219083,138620,80463,190853,75021,115832,151912,101144,50768,79377,68349,11028,24049,20380,3669,3938,3516,422,579,472,107,50811,43981,6830,72535,32795,39740,45898,14676,31222,8261,4698,3563,1353,399,954,17023,13022,4001,258024,112497,145527,918.8077194920451,17.378322469848953,13.02837516100074,9.566371336013427,64.68425963105557,78.41429129025506,49.69397901393924,28.720312276315823,37.057491901174814,25.86311419037673,52.25196166201484,47.74803833798515,62.94250809882518,18.423166043498867
01,017,00000,DISTRICT,Ramban,Total,55490,283713,149132,134581,55092,28625,26467,13920,7168,6752,39772,20940,18832,124065,82938,41127,159648,66194,93454,87212,68476,18736,52051,46507,5544,21743,19713,2030,3410,3238,172,985,401,584,25913,23155,2758,35161,21969,13192,19651,12471,7180,5400,3830,1570,1553,295,1258,8557,5373,3184,196501,80656,115845,902.4287208647372,19.41821488617018,4.906366645166066,14.01839182554201,54.266668416287224,68.82421768030072,38.040401798102,30.783815882198716,30.739514932343603,13.921727435522103,59.68330046323901,40.316699536761,69.26048506765639,28.841214511764434
01,018,00000,DISTRICT,Kishtwar,Total,45209,230696,120165,110531,39396,20479,18917,14307,7322,6985,38149,19889,18260,107506,68700,38806,123190,51465,71725,82974,56779,26195,44718,36110,8608,19210,14692,4518,3583,2669,914,398,249,149,21527,18500,3027,38256,20669,17587,20061,8593,11468,12713,8205,4508,788,217,571,4694,3654,1040,147722,63386,84336,919.8269046727416,17.077019107396747,6.201667995977391,16.53648090994209,56.19759539989545,68.91639748811266,42.35815486716004,26.558242620952626,35.96681346880744,23.699233699143228,53.89399088871213,46.10600911128787,64.03318653119257,27.470050859305324
01,019,00000,DISTRICT,Udhampur,Total,99240,554985,296784,258201,84332,44703,39629,138569,72093,66476,56309,29142,27167,322354,197543,124811,232631,99241,133390,243672,163845,79827,152442,127825,24617,57687,46466,11221,3858,2926,932,1210,920,290,89687,77513,12174,91230,36020,55210,55333,18529,36804,7538,3243,4295,1431,416,1015,26928,13832,13096,311313,132939,178374,869.9963609898108,15.195365640512806,24.968062199879277,10.146039983062604,68.49079895379398,78.36489065022751,57.10292260673828,21.261968043489226,43.90605151490581,30.916611477105043,62.56032699694671,37.43967300305329,56.09394848509419,25.257313109425784
01,020,00000,DISTRICT,Reasi,Total,56689,314667,166461,148206,55799,29079,26720,37757,19657,18100,88365,46330,42035,150542,93937,56605,164125,72524,91601,144767,88755,56012,88462,74819,13643,48754,42693,6061,1293,981,312,282,205,77,38133,30940,7193,56305,13936,42369,47393,10707,36686,2716,801,1915,252,38,214,5944,2390,3554,169900,77706,92194,890.3346729864653,17.732714266192513,11.999033899328497,28.082067709674035,58.15396263732868,68.37649764889142,46.593846204500935,21.78265144439048,46.00641312879965,37.79334170006612,61.1064676341984,38.8935323658016,53.99358687120035,34.570723990964794
01,021,00000,DISTRICT,Jammu,Total,314199,1529958,813821,716137,167363,93242,74121,377991,197610,180381,69193,36323,32870,1137135,641916,495219,392823,171905,220918,508622,417456,91166,410344,351974,58370,47745,41930,5815,16414,14629,1785,6597,4781,1816,339588,290634,48954,98278,65482,32796,20868,12160,8708,20459,15148,5311,3992,1622,2370,52959,36552,16407,1021336,396365,624971,879.9686909037737,10.939058457813875,24.705972320808804,4.522542448877682,83.45363075602069,89.08336212962075,77.13499352041072,11.948368609210036,33.24418055920489,12.730245749067567,80.67759554246572,19.32240445753428,66.75581944079511,12.614279366602311
01,022,00000,DISTRICT,Samba,Total,65385,318898,169124,149774,38669,21737,16932,91835,47920,43915,17573,9188,8385,228139,130312,97827,90759,38812,51947,92526,81952,10574,74129,67523,6606,12960,11788,1172,2414,2243,171,1079,968,111,57676,52524,5152,18397,14429,3968,3934,2938,996,3691,2816,875,441,345,96,10331,8330,2001,226372,87172,139200,885.5869066483764,12.125820795364035,28.797609266912932,5.510539420128066,81.41163120162439,88.41485341312327,73.64161936736875,14.77323404575452,29.014292971420332,7.0599703553353725,80.1169401033223,19.88305989667769,70.98570702857967,16.61587013380023
02,023,00000,DISTRICT,Chamba,Total,102460,519080,261320,257760,70359,36024,34335,111690,56154,55536,135500,67900,67600,323842,186064,137778,195238,75256,119982,294035,158791,135244,119632,87311,32321,51959,32797,19162,2650,1648,1002,1920,1191,729,63103,51675,11428,174403,71480,102923,144706,53707,90999,6543,3590,2953,2601,1070,1531,20553,13113,7440,225045,102529,122516,986.3768559620388,13.55455806426755,21.516914541111195,26.103876088464204,72.17001210106056,82.58646402954336,61.66633098355153,20.920133045991832,56.64541111196733,52.46896337678461,40.68631285391195,59.31368714608804,43.35458888803267,18.572278810345708
02,024,00000,DISTRICT,Kangra,Total,338887,1510075,750591,759484,164607,87741,76866,319385,159697,159688,84564,41745,42819,1152640,606443,546197,357435,144148,213287,675170,403756,271414,313915,245711,68204,69424,43628,25796,11122,8403,2719,7658,6137,1521,225711,187543,38168,361255,158045,203210,233583,77515,156068,43727,24543,19184,8004,4298,3706,75941,51689,24252,834905,346835,488070,1011.8479971116094,10.900584408059203,21.15027399301359,5.5999867556247205,85.66833250586413,91.49023157577129,80.01503036837588,11.475201207395415,44.71102428687317,35.73663171311048,46.49421627145756,53.50578372854245,55.28897571312683,11.929736214582993
02,025,00000,DISTRICT,Lahul & Spiti,Total,6674,31564,16588,14976,3125,1537,1588,2235,1154,1081,25707,12748,12959,21845,12897,8948,9719,3691,6028,19295,10763,8532,15190,8732,6458,8877,4018,4859,263,167,96,155,93,62,5895,4454,1441,4105,2031,2074,2350,873,1477,309,172,137,12,6,6,1434,980,454,12269,5825,6444,902.8213166144201,9.90051957926752,7.080851603092131,81.44405018375365,76.81353071486339,85.68865856089296,66.83597251269794,18.852686048195025,61.129768090229376,56.97115384615385,78.72505830526043,21.274941694739567,38.870231909770624,47.36978491837264
02,026,00000,DISTRICT,Kullu,Total,94807,437903,225452,212451,50431,25707,24724,122659,62686,59973,16822,8493,8329,307672,174550,133122,130231,50902,79329,269084,148829,120255,193876,119053,74823,132503,72997,59506,7172,4198,2974,1812,1202,610,52389,40656,11733,75208,29776,45432,64638,24844,39794,5200,2059,3141,895,383,512,4475,2490,1985,168819,76623,92196,942.3336231215513,11.516477393395341,28.01054114724037,3.8414900103447565,79.40496345542387,87.38641768254524,70.91254854123275,16.47386914131249,61.44831161238905,56.60364036883799,72.0503634552779,27.949636544722097,38.55168838761095,51.907582762260105
02,027,00000,DISTRICT,Mandi,Total,219145,999777,498065,501712,112074,58486,53588,293739,147250,146489,12787,6345,6442,723747,393669,330078,276030,104396,171634,572671,297464,275207,284154,185609,98545,148342,77519,70823,4809,3012,1797,3926,3033,893,127077,102045,25032,288517,111855,176662,239602,84597,155005,11013,5084,5929,3208,1744,1464,34694,20430,14264,427106,200601,226505,1007.3223374459157,11.209899807657107,29.38045184076049,1.2789852137026558,81.5303091236596,89.55591600144683,73.65773759048835,15.89817841095848,57.27987341177082,54.8535813375004,49.619065746301104,50.380934253698896,42.72012658822917,26.74327842688036
02,028,00000,DISTRICT,Hamirpur,Total,105519,454768,217070,237698,48548,25722,22826,109256,53727,55529,3044,1531,1513,358091,180555,177536,96677,36515,60162,241931,118724,123207,126153,75390,50763,53974,17432,36542,3475,1630,1845,1775,1341,434,66929,54987,11942,115778,43334,72444,93129,29618,63511,5349,2371,2978,1572,785,787,15728,10560,5168,212837,98346,114491,1095.0292532362832,10.675333356788515,24.02455757661049,0.6693522851212047,88.15198660824184,94.35949160691514,82.62407386723258,11.73541773968256,53.1987738803082,51.833418876052804,52.14420640595873,47.85579359404127,46.8012261196918,23.746026759695944
02,029,00000,DISTRICT,Una,Total,110332,521173,263692,257481,59231,31591,27640,115491,58601,56890,8601,4445,4156,399715,213281,186434,121458,50411,71047,215346,141612,73734,134482,105932,28550,35685,24045,11640,7052,5793,1259,2234,1814,420,89511,74280,15231,80864,35680,45184,49115,15106,34009,12552,7866,4686,1193,636,557,18004,12072,5932,305827,122080,183747,976.4460051878707,11.36494024057271,22.1598202516247,1.650315730093462,86.52926124924775,91.89146104497611,81.11433556241053,10.77712548256558,41.31948508460722,28.636676104256235,62.449267690135876,37.550732309864124,58.68051491539278,19.845736628495537
02,030,00000,DISTRICT,Bilaspur,Total,80485,381956,192764,189192,41956,22084,19872,98989,50271,48718,10693,5485,5208,287620,155599,132021,94336,37165,57171,205871,111543,94328,103406,73400,30006,40563,19963,20600,1163,901,262,1492,1276,216,60188,51260,8928,102465,38143,64322,86606,27322,59284,2975,1918,1057,1069,525,544,11815,8378,3437,176085,81221,94864,981.469569006661,10.984511304967064,25.916335913037102,2.799537119458786,84.59411764705882,91.1641668619639,77.97129695251594,13.192869909447964,53.899140215103316,49.858344961732,50.22854117384187,49.771458826158124,46.10085978489669,20.268031922903177
02,031,00000,DISTRICT,Solan,Total,122425,580320,308754,271566,68137,35884,32253,164536,85482,79054,25645,13351,12294,428578,244372,184206,151742,64382,87360,298737,190001,108736,219235,158008,61227,80066,43243,36823,5764,3775,1989,3046,2503,543,130359,108487,21872,79502,31993,47509,61201,21670,39531,4519,2381,2138,1923,848,1075,11859,7094,4765,281583,118753,162830,879.5545968635224,11.741280672732286,28.352633030052388,4.419113592500689,83.67673273029366,89.55619892256385,76.97283473944165,12.5833641831222,51.4779776674938,40.04035851321594,73.38729384040143,26.612706159598577,48.522022332506204,28.730957330360816
02,032,00000,DISTRICT,Sirmaur,Total,98208,529855,276289,253566,69620,36107,33513,160745,83017,77728,11262,5912,5350,362645,205617,157028,167210,70672,96538,280083,169399,110684,193906,134952,58954,115992,71583,44409,5953,4225,1728,2677,2179,498,69284,56965,12319,86177,34447,51730,66966,22715,44251,4777,2532,2245,2636,1053,1583,11798,8147,3651,249772,106890,142882,917.7564072402448,13.139443810098989,30.33754517745421,2.125487161581942,78.79561528349647,85.60882997060563,71.35917256297346,14.24965740763217,52.86031083975805,43.65096266849656,69.23162062674278,30.768379373257215,47.13968916024196,43.53887954642017
02,033,00000,DISTRICT,Shimla,Total,184362,814010,425039,388971,81564,42376,39188,215777,110828,104949,8755,4554,4201,612642,342846,269796,201368,82193,119175,430926,258628,172298,311770,214980,96790,156511,94790,61721,17486,11326,6160,5382,3405,1977,132391,105459,26932,119156,43648,75508,93275,30750,62525,8628,3864,4764,2585,1079,1506,14668,7955,6713,383084,166411,216673,915.1419046252227,10.020024324025503,26.5079053082886,1.0755396125354726,83.6432993012454,89.59476092540956,77.13239351254921,12.462367412860345,52.93866168720286,44.29584724825244,72.34884875825549,27.65115124174452,47.06133831279714,40.37746620069339
02,034,00000,DISTRICT,Kinnaur,Total,19976,84121,46249,37872,8246,4200,4046,14750,7433,7317,48746,23609,25137,60699,36697,24002,23422,9552,13870,56273,33863,22410,46782,29911,16871,25890,12912,12978,1759,1157,602,614,402,212,18519,15440,3079,9491,3952,5539,7105,2510,4595,778,445,333,330,164,166,1278,833,445,27848,12386,15462,818.8717593893922,9.802546332069282,17.53426611666528,57.947480415116324,79.99868204283361,87.27199219957669,70.95725181812807,16.314740381448615,66.89530557173595,59.173003802281364,83.13400742807386,16.865992571926146,33.10469442826405,49.13368755886482
03,035,00000,DISTRICT,Gurdaspur,Total,443666,2298323,1212617,1085706,253579,139261,114318,580576,304894,275682,0,0,0,1634719,907660,727059,663604,304957,358647,757138,637652,119486,625778,548676,77102,136551,127192,9359,70767,64085,6682,21298,15093,6205,397162,342306,54856,131360,88976,42384,11361,6540,4821,29917,23736,6181,9605,4232,5373,80477,54468,26009,1541185,574965,966220,895.3412330521509,11.033218568495377,25.2608532395142,0.0,79.94736749441495,84.56281047480985,74.84743480463007,9.715375670179782,32.94306326830476,11.005373462060632,82.65045473876624,17.34954526123375,67.05693673169523,27.381798298328707
03,036,00000,DISTRICT,Kapurthala,Total,167989,815168,426311,388857,86025,45973,40052,276707,143901,132806,0,0,0,576567,316254,260313,238601,110057,128544,284165,235562,48603,248208,213028,35180,53045,49531,3514,32888,27118,5770,8206,6429,1777,154069,129950,24119,35957,22534,13423,2207,1447,760,9499,6126,3373,1655,865,790,22596,14096,8500,531003,190749,340254,912.1439512468596,10.55303937347884,33.94478193452147,0.0,79.0746122502719,83.15077641466276,74.62995083212684,8.52082558253592,34.859685365470675,12.498939198728582,87.3464360494783,12.653563950521704,65.14031463452933,30.240529269966395
03,037,00000,DISTRICT,Jalandhar,Total,461635,2193590,1145211,1048379,226302,120740,105562,854444,442124,412320,0,0,0,1622537,882581,739956,571053,262630,308423,774472,639484,134988,689592,586721,102871,81443,75668,5775,52371,43021,9350,24842,19508,5334,530936,448524,82412,84880,52763,32117,4252,2356,1896,14293,8859,5434,4920,2078,2842,61415,39470,21945,1419118,505727,913391,915.4461492249027,10.316513113207117,38.95185517804148,0.0,82.47582458694406,86.14992518089824,78.48352331364411,7.666401867254123,35.30614198642408,12.875877902933958,89.04027518102656,10.959724818973443,64.69385801357592,17.278093978865602
03,038,00000,DISTRICT,Hoshiarpur,Total,336994,1586625,809057,777568,168331,90280,78051,557504,284322,273182,0,0,0,1199699,637927,561772,386926,171130,215796,499822,412506,87316,411011,352281,58730,82587,77094,5493,49487,41453,8034,11952,9292,2660,266985,224442,42543,88811,60225,28586,7185,4358,2827,24875,17608,7267,4038,2292,1746,52713,35967,16746,1086803,396551,690252,961.0793800684006,10.609375246198692,35.13772945718112,0.0,84.5874691707079,88.75172689165069,80.30855576061768,8.443171131033012,31.502213818640197,11.229371579077329,82.23147440488813,17.768525595111857,68.49778618135981,26.424207017698297
03,039,00000,DISTRICT,Shahid Bhagat Singh Nagar,Total,129500,612310,313291,299019,62719,33278,29441,260284,133035,127249,0,0,0,438459,239155,199304,173851,74136,99715,204329,170252,34077,173507,150279,23228,40289,37723,2566,16556,13984,2572,7118,5161,1957,109544,93411,16133,30822,19973,10849,2319,1471,848,6070,3702,2368,1893,787,1106,20540,14013,6527,407981,143039,264942,954.4449090462223,10.243014159494374,42.50853325929676,0.0,79.77914485499217,85.40853460375054,73.93184903812624,11.476685565624294,33.370188303310414,11.396265789130457,84.91550391770136,15.084496082298646,66.62981169668959,27.82032897924426
03,040,00000,DISTRICT,Fatehgarh Sahib,Total,118100,600163,320795,279368,63271,34340,28931,192493,101882,90611,0,0,0,426033,238696,187337,174130,82099,92031,214783,182777,32006,192845,168110,24735,42822,40823,1999,17633,16288,1345,6837,5218,1619,125553,105781,19772,21938,14667,7271,1423,1011,412,3756,2871,885,1211,580,631,15548,10205,5343,385380,138018,247362,870.8614535762714,10.54230267444011,32.07345337849884,0.0,79.35171319371493,83.3275732663071,74.80404253365118,8.523530732655914,35.78744441093503,11.456573408550728,89.78597002556069,10.214029974439317,64.21255558906496,28.14701349734383
03,041,00000,DISTRICT,Ludhiana,Total,716826,3498739,1867816,1630923,384114,206502,177612,923358,487839,435519,0,0,0,2560225,1428348,1131877,938514,439468,499046,1284822,1053600,231222,1138654,969954,168700,133588,124397,9191,79561,68991,10570,58488,44824,13664,867017,731742,135275,146168,83646,62522,7149,4351,2798,19085,12604,6481,13179,4805,8374,106755,61886,44869,2213917,814216,1399701,873.1711260638093,10.9786411618586,26.39116550277114,0.0,82.20010434643015,85.97700374522817,77.88264177454103,8.094361970687146,36.722430567127184,14.177370728109176,88.62348247461516,11.37651752538484,63.277569432872816,16.589768855141024
03,042,00000,DISTRICT,Moga,Total,193256,995746,525920,469826,107336,57694,49642,363417,192418,170999,0,0,0,627889,348549,279340,367857,177371,190486,359172,292379,66793,304880,259626,45254,86659,82498,4161,64215,57552,6663,13518,8459,5059,140488,111117,29371,54292,32753,21539,4963,3104,1859,18182,13091,5091,4580,1637,2943,26567,14921,11646,636574,233541,403033,893.3411925768178,10.779455804994447,36.496958059585474,0.0,70.6755889735595,74.440334368446,66.48039906326753,7.959935305178476,36.07064452179572,14.216539740244261,84.88412237034068,15.115877629659327,63.929355478204286,42.00605837871549
03,043,00000,DISTRICT,Firozpur,Total,385994,2029074,1071637,957437,248103,134319,113784,855726,445461,410265,0,0,0,1227511,707070,520441,801563,364567,436996,756695,596406,160289,618362,541494,76868,170993,160141,10852,153627,131101,22526,11182,8029,3153,282560,242223,40337,138333,54912,83421,20692,5719,14973,74344,25563,48781,3497,1146,2351,39800,22484,17316,1272379,475231,797148,893.434063960091,12.227400282099126,42.173227787650916,0.0,68.92369387261219,75.43544453429892,61.68898824516715,13.746456289131771,37.29262708013606,16.741467062584796,81.71879026556275,18.281209734437258,62.707372919863936,42.89971520890187
03,044,00000,DISTRICT,Muktsar,Total,174360,901896,475622,426274,104419,57020,47399,381554,200473,181081,0,0,0,524848,300401,224447,377048,175221,201827,335326,272699,62627,287205,253207,33998,82163,78771,3392,85122,73131,11991,4338,3371,967,115582,97934,17648,48121,19492,28629,4402,1400,3002,25892,9759,16133,849,312,537,16978,8021,8957,566570,202923,363647,896.2453376841273,11.57772071280946,42.30576474449382,0.0,65.81355951331513,71.76291560957664,59.240382711976245,12.522532897600392,37.18011832849907,14.691724102337933,85.64948736453482,14.35051263546519,62.81988167150093,49.887273876764695
03,045,00000,DISTRICT,Faridkot,Total,120893,617508,326671,290837,69311,37454,31857,240328,126567,113761,0,0,0,381285,215767,165518,236223,110904,125319,221555,185049,36506,190415,168224,22191,50138,48431,1707,41066,36799,4267,6283,4444,1839,92928,78550,14378,31140,16825,14315,3092,1601,1491,12992,7229,5763,1942,712,1230,13114,7283,5831,395953,141622,254331,890.3055367632878,11.224308025159187,38.91900995614632,0.0,69.55255136383454,74.60384417236885,63.91149895744845,10.692345214920401,35.878887399029644,12.552048054408482,85.94479925977748,14.055200740222517,64.12111260097035,41.16539911083027
03,046,00000,DISTRICT,Bathinda,Total,273902,1388525,743197,645328,151145,81533,69612,450473,236936,213537,0,0,0,844868,488261,356607,543657,254936,288721,549986,432988,116998,452678,390057,62621,131204,122643,8561,91364,78913,12451,10918,7695,3223,219192,180806,38386,97308,42931,54377,10331,3806,6525,37018,16172,20846,4020,1117,2903,45939,21836,24103,838539,310209,528330,868.313515797292,10.88529194648998,32.44255594965881,0.0,68.27878258901873,73.79289186052135,61.94147808989155,11.851413770629804,39.609369654849566,18.1300052066546,82.30718600109822,17.69281399890179,60.390630345150434,40.467939183906495
03,047,00000,DISTRICT,Mansa,Total,149630,769751,408732,361019,84763,46177,38586,258878,136311,122567,0,0,0,423560,244037,179523,346191,164695,181496,328512,230739,97773,247175,207008,40167,89986,82696,7290,59308,48891,10417,8042,4875,3167,89839,70546,19293,81337,23731,57606,15977,3447,12530,31059,8656,22403,5400,1335,4065,28901,10293,18608,441239,177993,263246,883.2658074239355,11.011742758372513,33.63139508750233,0.0,61.83465987725333,67.31033912096096,55.67761364376476,11.632725477196203,42.67769707346921,27.08250812284118,75.24078268069356,24.759217319306448,57.32230292653079,45.4455240600039
03,048,00000,DISTRICT,Patiala,Total,372293,1895686,1002522,893164,212892,115917,96975,465359,244503,220856,0,0,0,1266791,711052,555739,628895,291470,337425,660267,549661,110606,570391,492466,77925,108596,103715,4881,65505,59011,6494,19278,13383,5895,377012,316357,60655,89876,57195,32681,4586,3192,1394,23618,13907,9711,4369,2157,2212,57303,37939,19364,1235419,452861,782558,890.9171070560049,11.230340889788708,24.548316546094657,0.0,75.27902999416447,80.19941236514569,69.79988419834989,10.399528166795804,34.829977116463375,12.383615998853514,86.38793094308818,13.612069056911825,65.17002288353662,26.36827222926483
03,049,00000,DISTRICT,Amritsar,Total,488898,2490656,1318408,1172248,281795,154351,127444,770864,405977,364887,0,0,0,1684770,932981,751789,805886,385427,420459,917856,735195,182661,787254,662368,124886,115642,105884,9758,91248,76076,15172,32961,22578,10383,547403,457830,89573,130602,72827,57775,8975,4878,4097,30351,15350,15001,8681,3046,5635,82595,49553,33042,1572800,583213,989587,889.1390222146711,11.314087533565456,30.950239615587215,0.0,76.27324670950323,80.14908204666953,71.95502697156596,8.194055075103577,36.851977952796375,15.582112317530077,85.77097060976885,14.229029390231146,63.14802204720363,22.54057281316459
03,050,00000,DISTRICT,Tarn Taran,Total,203421,1119627,589369,530258,137223,75382,61841,377468,198715,178753,0,0,0,666162,376427,289735,453465,212942,240523,380702,313639,67063,316310,272951,43359,109788,102768,7020,61212,54317,6895,16087,9876,6211,129223,105990,23233,64392,40688,23704,6065,4039,2026,20004,14700,5304,5241,1846,3395,33082,20103,12979,738925,275730,463195,899.7045993257195,12.256135302203324,33.713727875444235,0.0,67.80937374033493,73.2366771922247,61.85407446783528,11.382602724389422,34.00257407154347,12.64723964560648,83.08598326249927,16.914016737500724,65.99742592845654,44.91702171252056
03,051,00000,DISTRICT,Rupnagar,Total,135635,684627,357485,327142,72926,39152,33774,180905,94334,86571,0,0,0,502731,278534,224197,181896,78951,102945,233676,186910,46766,194209,161858,32351,40792,35889,4903,14965,13003,1962,8927,5749,3178,129525,107217,22308,39467,25052,14415,4848,2552,2296,6555,4718,1837,3394,1303,2091,24670,16479,8191,450951,170575,280376,915.1209141642307,10.651931635766628,26.423877527471163,0.0,82.18574107284441,87.49768324364737,76.42176379155191,11.075919452095462,34.13187034691884,14.29532129778506,83.11037504921343,16.88962495078656,65.86812965308117,23.860815830466116
03,052,00000,DISTRICT,Sahibzada Ajit Singh Nagar,Total,205411,994628,529253,465375,115644,62808,52836,216231,114383,101848,0,0,0,736575,409944,326631,258053,119309,138744,355995,283367,72628,316236,258369,57867,38421,35211,3210,17277,14872,2405,11187,7229,3958,249351,201057,48294,39759,24998,14761,2446,1607,839,4514,3370,1144,2314,1017,1297,30485,19004,11481,638633,245886,392747,879.3053605742433,11.626859489175853,21.739886671197674,0.0,83.7984536692363,87.88688912947936,79.17578701650025,8.711102112979106,35.791773406741015,15.606338973945743,88.83158471326844,11.168415286731555,64.20822659325898,15.645725361311255
03,053,00000,DISTRICT,Sangrur,Total,318870,1655169,878029,777140,181334,98547,82787,461609,244231,217378,0,0,0,1002077,570413,431664,653092,307616,345476,568758,485129,83629,499792,443632,56160,150338,144137,6201,72139,66437,5702,15130,11618,3512,262185,221440,40745,68966,41497,27469,6853,3779,3074,19660,11728,7932,3448,1622,1826,39005,24368,14637,1086411,392900,693511,885.0960503582455,10.955618429296344,27.888934604260957,0.0,67.99112519379713,73.17846980430593,62.1678022562011,11.010667548104834,34.36253337272508,10.76112412177986,87.87428044968159,12.125719550318413,65.63746662727492,39.11628495775005
03,054,00000,DISTRICT,Barnala,Total,115798,595527,317522,278005,64987,35266,29721,192001,101569,90432,0,0,0,359831,201999,157832,235696,115523,120173,209331,178163,31168,186434,164322,22112,58815,56565,2250,31710,28936,2774,4068,3140,928,91841,75681,16160,22897,13841,9056,1525,924,601,8750,5717,3033,1064,434,630,11558,6766,4792,386196,139359,246837,875.5456314838027,10.912519499535705,32.24051974133834,0.0,67.82353828175067,71.56588345331897,63.56913856712474,7.996744886194236,35.15054733034774,11.211309149116024,89.06182075277908,10.938179247220909,64.84945266965225,43.24490878083036
04,055,00000,DISTRICT,Chandigarh,Total,241173,1055450,580663,474787,119434,63536,55898,199086,106356,92730,0,0,0,805438,465346,340092,250012,115317,134695,404136,328159,75977,385929,317190,68739,2169,1906,263,1396,1166,230,4219,3278,941,378145,310840,67305,18207,10969,7238,409,208,201,291,209,82,580,209,371,16927,10343,6584,651314,252504,398810,817.6636017793454,11.315931593159316,18.86266521388981,0.0,86.04959744277876,89.98679241269552,81.18905008248008,8.797742330215442,38.290397460798715,16.002333678049315,95.49483342241226,4.505166577587743,61.70960253920129,0.8821287883286814
05,056,00000,DISTRICT,Uttarkashi,Total,67602,330086,168597,161489,46307,24165,22142,80567,40833,39734,3512,1651,1861,215126,128237,86889,114960,40360,74600,157276,84265,73011,128367,71598,56769,96836,46589,50247,2389,1526,863,1960,1249,711,27182,22234,4948,28909,12667,16242,20428,8067,12361,1998,934,1064,1162,488,674,5321,3178,2143,172810,84332,88478,957.8402937181563,14.028768260392747,24.407881582375502,1.0639651484764576,75.80758266115534,88.78711088955356,62.354410213352274,26.432700676201286,47.646976848457676,45.21112893138232,81.61893740939496,18.38106259060505,52.353023151542324,63.0897276126046
05,057,00000,DISTRICT,Chamoli,Total,88964,391605,193991,197614,52161,27609,24552,79317,39718,39599,12260,6021,6239,280556,155395,125161,111049,38596,72453,180940,93832,87108,115115,65566,49549,69612,28071,41541,1072,623,449,3115,2090,1025,41316,34782,6534,65825,28266,37559,51545,19493,32052,2773,1219,1554,2269,1068,1201,9238,6486,2752,210665,100159,110506,1018.6761241500894,13.3197992875474,20.254337917033745,3.130705685576027,82.65163031310024,93.39652125830919,72.3214801631785,21.075041095130686,46.20472159446381,44.07987288350016,63.62053719465016,36.37946280534984,53.795278405536195,39.06488338675804
05,058,00000,DISTRICT,Rudraprayag,Total,53542,242285,114589,127696,32046,16823,15223,47679,23585,24094,386,217,169,170933,91803,79130,71352,22786,48566,113032,52339,60693,78950,37681,41269,56884,20068,36816,1519,696,823,1470,998,472,19077,15919,3158,34082,14658,19424,26271,9272,16999,1681,860,821,642,381,261,5488,4145,1343,129253,62250,67003,1114.3827068915864,13.226572012299565,19.67889056276699,0.15931650741894876,81.30413481799286,93.90074258944827,70.35466289687304,23.546079692575233,46.652496027405746,47.52928830973563,69.84747682072333,30.152523179276663,53.347503972594254,51.66943874301083
05,059,00000,DISTRICT,Tehri Garhwal,Total,132714,618931,297986,320945,84657,44634,40023,102130,50371,51759,875,459,416,407994,227406,180588,210937,70580,140357,280442,140821,139621,165912,98619,67293,97523,42409,55114,3582,2007,1575,2229,1680,549,62578,52523,10055,114530,42202,72328,89598,27987,61611,4547,2029,2518,1792,758,1034,18593,11428,7165,338489,157165,181324,1077.047243830247,13.67793825159832,16.501031617417773,0.1413727863041276,76.36418766400762,89.75891250118411,64.28403613814511,25.474876363039,45.31070507051675,43.503092430167165,59.16089601414909,40.839103985850905,54.68929492948325,36.05201788605131
05,060,00000,DISTRICT,Dehradun,Total,347001,1696694,892199,804495,201652,106746,94906,228901,120430,108471,111663,58264,53399,1259506,702216,557290,437188,189983,247205,582768,458834,123934,488161,399695,88466,60373,41169,19204,20424,16847,3577,17960,13994,3966,389404,327685,61719,94607,59139,35468,16803,6633,10170,17771,12378,5393,5032,2413,2619,55001,37715,17286,1113926,433365,680561,901.6990604114104,11.884995172965779,13.49100073436931,6.581210283056343,84.24552621264152,89.40267590804287,78.53701227048333,10.865663637559535,34.347265918309375,15.40519207701726,83.76592400406336,16.234075995936635,65.65273408169064,13.864350822282622
05,061,00000,DISTRICT,Garhwal,Total,161778,687271,326829,360442,83901,44055,39846,122361,59842,62519,2215,1174,1041,494889,262148,232741,192382,64681,127701,274152,147373,126779,164439,102045,62394,75253,29483,45770,4154,2596,1558,3425,2525,900,81607,67441,14166,109713,45328,64385,75354,24738,50616,9561,4713,4848,2210,986,1224,22588,14891,7697,413119,179456,233663,1102.8458306943387,12.207848141417287,17.80389395158533,0.3222891697743685,82.02081641447205,92.70583575576255,72.59635179478222,20.109483960980327,39.889941522339804,35.173204010631395,59.980959467740526,40.019040532259474,60.1100584776602,28.96458898713123
05,062,00000,DISTRICT,Pithoragarh,Total,114730,483439,239306,244133,63293,34853,28440,120378,60111,60267,19535,9558,9977,345550,189623,155927,137889,49683,88206,216490,113539,102951,145481,80385,65096,87189,33777,53412,2204,1218,986,3299,1789,1510,52789,43601,9188,71009,33154,37855,50143,19193,30950,3228,1865,1363,2756,1070,1686,14882,11026,3856,266949,125767,141182,1020.1708273089685,13.092241213472642,24.90034937189594,4.0408407265446105,82.24521951892913,92.7464991954141,72.29117310251144,20.455326092902666,44.78124437622947,42.17004665489713,67.199870663772,32.800129336228004,55.218755623770534,41.29197653471292
05,063,00000,DISTRICT,Bageshwar,Total,58046,259898,124326,135572,35560,18679,16881,72061,35623,36438,1982,971,1011,179483,97546,81937,80415,26780,53635,123638,58708,64930,78085,38834,39251,54056,20161,33895,2733,1509,1224,1648,1096,552,19648,16068,3580,45553,19874,25679,31069,10928,20141,6252,3233,3019,1343,593,750,6889,5120,1769,136260,65618,70642,1090.4557373357143,13.682290744830663,27.726646607515253,0.7626068688485482,80.00561652506487,92.332011320719,69.03387788459108,23.298133436127927,47.57173968249082,47.8933703124539,63.15614940390495,36.84385059609505,52.42826031750918,45.931671492583185
05,064,00000,DISTRICT,Almora,Total,140577,622506,291081,331425,80082,41672,38410,150995,72695,78300,1281,633,648,436497,231604,204893,186009,59477,126532,298211,142460,155751,201078,102221,98857,132129,47028,85101,4025,2151,1874,2723,1878,845,62201,51164,11037,97133,40239,56894,75488,26229,49259,6249,2907,3342,1589,810,779,13807,10293,3514,324295,148621,175674,1138.6005957104724,12.86445431851259,24.255991106913026,0.2057811490973581,80.47154993141896,92.86112369641833,69.92577171817143,22.9353519782469,47.90491979193775,46.994342611450556,67.4280962137547,32.57190378624531,52.09508020806225,45.65693418418502
05,065,00000,DISTRICT,Champawat,Total,53953,259648,131125,128523,37028,19766,17262,47383,24188,23195,1339,777,562,177726,102015,75711,81922,29110,52812,99566,60427,39139,62698,43252,19446,31971,17841,14130,1980,1433,547,911,730,181,27836,23248,4588,36868,17175,19693,28022,11586,16436,2052,1042,1010,659,332,327,6135,4215,1920,160082,70698,89384,980.1563393708293,14.260845452304657,18.24893702243037,0.5156981759921124,79.83379750247059,91.60912005316139,68.04810310890609,23.5610169442553,38.34653068770027,30.452915042443763,62.97129542213206,37.02870457786795,61.65346931229973,34.09898961492879
05,066,00000,DISTRICT,Nainital,Total,191383,954605,493666,460939,124272,65337,58935,191206,98824,92382,7495,3801,3694,696500,385779,310721,258105,107887,150218,376181,256935,119246,296424,217381,79043,101221,57569,43652,19618,13318,6300,6873,4858,2015,168712,141636,27076,79757,39554,40203,36309,12639,23670,15124,8144,6980,2894,1137,1757,25430,17634,7796,578424,236731,341693,933.7061900151115,13.01815934339334,20.029855280456317,0.7851414983160575,83.88200878442746,90.06604736079042,77.29301200983075,12.773035350959674,39.40697985030457,25.870234456186175,78.79823808219979,21.20176191780021,60.59302014969542,32.12256865710921
05,067,00000,DISTRICT,Udham Singh Nagar,Total,308581,1648902,858783,790119,229162,120687,108475,238264,124385,113879,123037,61758,61279,1037839,598525,439314,611063,260258,350805,591458,444578,146880,450762,373061,77701,94677,79644,15033,107603,84000,23603,16503,9780,6723,231979,199637,32342,140696,71517,69179,28009,10103,17906,57647,31253,26394,9893,2754,7139,45147,27407,17740,1057444,414205,643239,920.0449939041644,13.897854451022559,14.449858148028202,7.461753336462689,73.10063814501247,81.09040016474822,64.44918461836384,16.641215546384373,35.86980912146386,18.589604856989897,76.21200490990063,23.787995090099383,64.13019087853614,34.200230616544204
05,068,00000,DISTRICT,Hardwar,Total,338104,1890422,1005295,885127,285693,152173,133520,411274,217981,193293,6323,3385,2938,1178354,691411,486943,712068,313884,398184,578121,497810,80311,495152,440422,54730,87950,81752,6198,75953,68451,7502,14924,11434,3490,316325,278785,37540,82969,57388,25581,5710,2983,2727,27162,19588,7574,5031,2400,2631,45066,32417,12649,1312301,507485,804816,880.4649381524827,15.112657385493822,21.755671484991183,0.3344755827005822,73.43009318084238,81.04479781320842,64.7869165667696,16.257881246438814,30.581584429296736,9.073387208841217,85.6485061085828,14.351493891417194,69.41841557070326,28.350985347358076
06,069,00000,DISTRICT,Panchkula,Total,117107,561293,299679,261614,66302,35583,30719,101830,53868,47962,0,0,0,405318,229862,175456,155975,69817,86158,211479,164865,46614,182831,148695,34136,19598,16525,3073,8630,7163,1467,8181,6380,1801,146422,118627,27795,28648,16170,12478,7084,2760,4324,4197,2812,1385,1689,684,1005,15678,9914,5764,349814,134814,215000,872.9807560756676,11.81236894099873,18.142039897166008,0.0,81.88391304084317,87.03728947049558,75.98951904545356,11.047770425042017,37.67711337928675,17.81785378458339,86.45350129327262,13.54649870672738,62.32288662071325,13.347897427167709
06,070,00000,DISTRICT,Ambala,Total,224334,1128350,598703,529647,127689,70541,57148,296246,156874,139372,0,0,0,818025,461288,356737,310325,137415,172910,372139,320120,52019,319475,282066,37409,49924,47523,2401,41122,37261,3861,13479,11628,1851,214950,185654,29296,52664,38054,14610,2947,1891,1056,16171,12331,3840,2274,1315,959,31272,22517,8755,756211,278583,477628,884.6573342709156,11.316435503168343,26.254796827225597,0.0,81.74846426512076,87.33835452001469,75.50005396836819,11.838300551646498,32.98081269109762,9.821447114776445,85.84829861960182,14.151701380398185,67.01918730890239,24.46558947060104
06,071,00000,DISTRICT,Yamunanagar,Total,235423,1214205,646718,567487,146789,80393,66396,306743,163200,143543,0,0,0,832457,474793,357664,381748,171925,209823,389233,342343,46890,339024,307044,31980,58856,56519,2337,54043,50314,3729,10392,8878,1514,215733,191333,24400,50209,35299,14910,2660,1805,855,19208,14343,4865,1895,962,933,26446,18189,8257,824972,304375,520597,877.4875602658345,12.089309465864496,25.26286747295556,0.0,77.98805713985925,83.83754911049309,71.37705526541087,12.460493845082212,32.05661317487574,8.262744344804375,87.10052847523207,12.899471524767941,67.94338682512426,29.00550569967089
06,072,00000,DISTRICT,Kurukshetra,Total,188143,964655,510976,453679,116957,64320,52637,215128,113311,101817,0,0,0,646893,370828,276065,317762,140148,177614,336780,268556,68224,285904,244619,41285,64853,61557,3296,61286,49612,11674,5170,4019,1151,154595,129431,25164,50876,23937,26939,4055,1909,2146,24604,10276,14328,1556,588,968,20661,11164,9497,627875,242420,385455,887.8675319388778,12.124230942668621,22.301029901882018,0.0,76.31172894120311,83.02317667287576,68.83692979787654,14.186246874999227,34.9119633444081,15.037945331390699,84.8934022210345,15.106597778965497,65.08803665559189,37.45442128392422
06,073,00000,DISTRICT,Kaithal,Total,204274,1074304,571003,503301,139393,76258,63135,247513,131486,116027,0,0,0,646529,385782,260747,427775,185221,242554,373899,292696,81203,290663,249905,40758,112486,99206,13280,49233,40607,8626,6935,5218,1717,122009,104874,17135,83236,42791,40445,15530,5138,10392,36418,18255,18163,2515,1164,1351,28773,18234,10539,700405,278307,422098,881.4331973737442,12.975191379721196,23.0393817764804,0.0,69.15406921086607,77.9759269926932,59.23833281080319,18.73759418189001,34.803835785773856,16.134082785450456,77.73837319703985,22.26162680296016,65.19616421422614,43.2520546992637
06,074,00000,DISTRICT,Karnal,Total,292084,1505324,797712,707612,196610,107797,88813,339604,179681,159923,0,0,0,978013,564516,413497,527311,233196,294115,516062,411646,104416,411533,351730,59803,101588,92054,9534,82915,67812,15103,11953,9449,2504,215077,182415,32662,104529,59916,44613,10700,4449,6251,50808,27745,23063,3358,1707,1651,39663,26015,13648,989262,386066,603196,887.0519686302825,13.060975577350789,22.56019302156878,0.0,74.73084264400013,81.82399281070857,66.82250617728859,15.001486633419987,34.2824534784538,14.756109280227017,79.74487561572059,20.25512438427941,65.71754652154618,35.75209955392957
06,075,00000,DISTRICT,Panipat,Total,235640,1205437,646857,558580,169662,92380,77282,206213,109695,96518,0,0,0,786599,464136,322463,418838,182721,236117,412318,328667,83651,339016,286740,52276,61474,54150,7324,36191,29179,7012,12485,9889,2596,228866,193522,35344,73302,41927,31375,10646,3588,7058,26167,15227,10940,3339,1339,2000,33150,21773,11377,793119,318190,474929,863.52934265224,14.07472974531228,17.10690811713926,0.0,75.94303782192078,83.70698874795528,66.99861624191249,16.708372506042792,34.20485682785579,14.97565254753124,82.22197430138874,17.778025698611266,65.79514317214421,23.686814546054258
06,076,00000,DISTRICT,Sonipat,Total,277726,1450001,781299,668702,188262,104693,83569,269935,144516,125419,0,0,0,998316,589881,408435,451685,191418,260267,523179,391085,132094,396763,326530,70233,110262,92673,17589,54040,41304,12736,12405,9321,3084,220056,183232,36824,126416,64555,61861,32082,10438,21644,47693,25615,22078,5779,2381,3398,40862,26121,14741,926822,390214,536608,855.8848789003953,12.983577252705341,18.616194057797202,0.0,79.12222733861758,87.18234836817882,69.80207918541596,17.38026918276286,36.08128546118244,19.75379167401922,75.83695064213204,24.16304935786796,63.918714538817554,31.4045479654191
06,077,00000,DISTRICT,Jind,Total,249736,1334152,713006,621146,168554,91710,76844,282351,150940,131411,0,0,0,832758,502049,330709,501394,210957,290437,523422,368277,155145,385851,313160,72691,172682,136372,36310,56642,43249,13393,6558,5257,1301,149969,128282,21687,137571,55117,82454,57705,14338,43367,45429,20016,25413,2556,1114,1442,31881,19649,12232,810730,344729,466001,871.1651795356561,12.633792851189371,21.163330714941026,0.0,71.44470048850461,80.80673302258505,60.75836576018461,20.04836726240044,39.23256120741864,24.97721952648814,73.71700081387485,26.282999186125156,60.76743879258135,43.81244961044817
06,078,00000,DISTRICT,Fatehabad,Total,180637,942011,495360,446651,121024,65279,55745,284357,149111,135246,0,0,0,557578,327471,230107,384433,167889,216544,369083,263498,105585,286258,231189,55069,108884,86577,22307,61057,48223,12834,4621,3587,1034,111696,92802,18894,82825,32309,50516,23366,5481,17885,36940,14871,22069,1937,646,1291,20582,11311,9271,572928,231862,341066,901.6694928940568,12.847408363596605,30.186165554330046,0.0,67.91556991767227,76.14170353956581,58.86504683990525,17.276656699660563,39.18032804287848,23.639261974114017,77.55924819078636,22.440751809213648,60.81967195712152,46.044114738419275
06,079,00000,DISTRICT,Sirsa,Total,246571,1295189,682582,612607,157667,84684,72983,387381,202430,184951,0,0,0,782897,456968,325929,512292,225614,286678,502003,369462,132541,399169,330680,68489,137976,117605,20371,99117,79827,19290,9422,6961,2461,152654,126287,26367,102834,38782,64052,26321,5866,20455,47925,17988,29937,2530,961,1569,26058,13967,12091,793186,313120,480066,897.4848443117456,12.173281274007113,29.90922560336754,0.0,68.82477877350944,76.42908991165717,60.399278015803596,16.029811895853577,38.759053697954506,21.635567337624284,79.5152618609849,20.484738139015104,61.240946302045494,47.22939902749585
06,080,00000,DISTRICT,Hisar,Total,335608,1743931,931562,812369,215167,116229,98938,408785,217338,191447,0,0,0,1114311,670200,444111,629620,261362,368258,691621,488321,203300,531227,420510,110717,206179,153428,52751,86056,64063,21993,12753,10168,2585,226239,192851,33388,160394,67811,92583,54941,12357,42584,58157,25820,32337,3344,1619,1725,43952,28015,15937,1052310,443241,609069,872.05038419343,12.338045484597728,23.440434283237124,0.0,72.88966773157924,82.19954300880744,62.25002838396425,19.94951462484319,39.65873649817567,25.02557335398076,76.8089748576171,23.191025142382895,60.34126350182433,42.25363313144049
06,081,00000,DISTRICT,Bhiwani,Total,311380,1634445,866672,767773,212011,115756,96255,341162,181475,159687,0,0,0,1069871,643158,426713,564574,223514,341060,623006,430678,192328,445675,357937,87738,210502,163928,46574,52905,41126,11779,9331,7288,2043,172937,145595,27342,177331,72741,104590,78041,20522,57519,50883,25211,25672,5524,1867,3657,42883,25141,17742,1011439,435994,575445,885.8864714678679,12.971436787411017,20.87326278950959,0.0,75.21410483720159,85.64979305275158,63.54453640855494,22.105256644196636,38.11728140133195,25.05011246813837,71.53622918559371,28.46377081440628,61.88271859866805,42.28001014436458
06,082,00000,DISTRICT,Rohtak,Total,206988,1061204,568479,492725,129330,71041,58289,216889,115573,101316,0,0,0,747582,436025,311557,313622,132454,181168,345967,272646,73321,288949,238995,49954,80456,67251,13205,20616,16444,4172,6353,4495,1858,181524,150805,30719,57018,33651,23367,15276,5662,9614,15952,10161,5791,2168,1053,1115,23622,16775,6847,715237,295833,419404,866.7426589196787,12.187100689405618,20.438011918537814,0.0,80.22350661140884,87.65413981239874,71.7152814223499,15.938858390048836,32.60136599560499,14.880714394439087,83.51923738391234,16.48076261608766,67.398634004395,29.21434703309853
06,083,00000,DISTRICT,Jhajjar,Total,185334,958405,514667,443738,120051,67380,52671,170448,90856,79592,0,0,0,676091,399480,276611,282314,115187,167127,326534,250020,76514,246457,205882,40575,86313,71120,15193,19433,15691,3742,6520,5230,1290,134191,113841,20350,80077,44138,35939,26076,10171,15905,25412,15485,9927,2734,1386,1348,25855,17096,8759,631871,264647,367224,862.1846747508583,12.52612413332568,17.78454828595427,0.0,80.64504970454009,89.3117841564812,70.73238089636814,18.579403260113054,34.070565157736034,17.243057840437377,75.47667317951576,24.523326820484236,65.92943484226397,32.38437651209369
06,084,00000,DISTRICT,Mahendragarh,Total,171712,922088,486665,435423,111181,62638,48543,156314,82420,73894,0,0,0,630255,380440,249815,291833,106225,185608,338584,232935,105649,212402,176687,35715,86053,67997,18056,10773,8472,2301,5047,3963,1084,110529,96255,14274,126182,56248,69934,63093,20511,42582,27547,12871,14676,2592,1167,1425,32950,21699,11251,583504,253730,329774,894.7078585885569,12.057525962814829,16.95217810013795,0.0,77.72222955283404,89.72070174776606,64.57170181968569,25.14899992808037,36.71927191330979,24.263532243358757,62.73243862675141,37.26756137324859,63.28072808669021,28.597334782505968
06,085,00000,DISTRICT,Rewari,Total,178043,900332,474335,425997,113893,63743,50150,182606,95571,87035,0,0,0,636947,375453,261494,263385,98882,164503,337727,235326,102401,250219,200570,49649,73994,58168,15826,10452,8014,2438,6249,4376,1873,159524,130012,29512,87508,34756,52752,28704,8038,20666,17763,7582,10181,3533,1010,2523,37508,18126,19382,562605,239009,323596,898.0931198414622,12.650111292278849,20.28207372391518,0.0,80.99127840811558,91.44186930091185,69.57458753162857,21.86728176928328,37.51138468920354,24.037962708657574,74.08913116215167,25.910868837848323,62.48861531079646,25.004219384295602
06,086,00000,DISTRICT,Gurgaon,Total,326428,1514432,816690,697742,202602,110705,91897,197937,104332,93605,0,0,0,1111116,638666,472450,403316,178024,225292,544716,432456,112260,487441,400386,87055,44429,38219,6210,15725,12607,3118,16002,12774,3228,411285,336786,74499,57275,32070,25205,11617,3623,7994,11372,6506,4866,2226,990,1236,32060,20951,11109,969716,384234,585482,854.3535490822711,13.378084984997676,13.070048704728901,0.0,84.69969432014818,90.46452828317882,77.98199209368732,12.482536189491498,35.96833664370536,16.089041508179243,89.48534649248415,10.514653507515844,64.03166335629463,11.043185806915897
06,087,00000,DISTRICT,Mewat,Total,160280,1089263,571162,518101,248128,130168,117960,75251,39743,35508,0,0,0,454897,308435,146462,634366,262727,371639,289964,224642,65322,204178,175670,28508,81608,69305,12303,25426,20337,5089,4034,2938,1096,93110,83090,10020,85786,48972,36814,22629,7714,14915,29852,15923,13929,1989,903,1086,31316,24432,6884,799299,346520,452779,907.0999121089989,22.77943894174318,6.908432582397456,0.0,54.08133058308119,69.94086087339056,36.602597584351514,33.33826328903905,26.62020099828967,12.607966400373671,70.4149480625181,29.585051937481893,73.37979900171034,36.91285814790802
06,088,00000,DISTRICT,Faridabad,Total,358919,1809733,966110,843623,251955,136679,115276,223799,119495,104304,0,0,0,1272739,734940,537799,536994,231170,305824,579229,476933,102296,495316,422503,72813,23654,20461,3193,19382,16013,3369,27869,23106,4763,424411,362923,61488,83913,54430,29483,4051,2372,1679,9906,5994,3912,4417,2444,1973,65539,43620,21919,1230504,489177,741327,873.2163004212771,13.922219465523366,12.366409851618995,0.0,81.70220660453543,88.60773228876181,73.83829410981303,14.769438178948775,32.006323584749794,12.125795527148975,85.51298363859544,14.487016361404557,67.9936764152502,7.429876611840913
06,089,00000,DISTRICT,Palwal,Total,171157,1042708,554497,488211,177494,95132,82362,203123,107741,95382,0,0,0,599796,379696,220100,442912,174801,268111,309563,241464,68099,216932,189102,27830,71540,62145,9395,26229,21126,5103,5616,4741,875,113547,101090,12457,92631,52362,40269,19966,7706,12260,34456,17765,16691,2950,1567,1383,35259,25324,9935,733145,313033,420112,880.4574235748795,17.022407040130123,19.48033389980704,0.0,69.32342749886156,82.65671089438682,54.23199268693529,28.424718207451527,29.688369131146974,13.948682024780268,70.07685026957357,29.92314973042644,70.31163086885303,31.58290881016142
07,090,00000,DISTRICT,North West,Total,736253,3656539,1960922,1695617,449894,241169,208725,697237,371546,325691,0,0,0,2707855,1541952,1165903,948684,418970,529714,1188545,1022419,166126,1135126,983392,151734,10127,8886,1241,10553,8501,2052,33767,29518,4249,1080679,936487,144192,53419,39027,14392,1306,764,542,2736,1994,742,2129,1137,992,47248,35132,12116,2467994,938503,1529491,864.7039504885968,12.303820634758717,19.06822271005451,0.0,84.44511319463177,89.66124786524577,78.41208372901328,11.249164136232494,32.504644419217186,9.797377591755685,95.50551304325877,4.494486956741225,67.49535558078281,1.7399425347799198
07,091,00000,DISTRICT,North,Total,180044,887978,475002,412976,103304,55155,48149,165663,87007,78656,0,0,0,681517,381615,299902,206461,93387,113074,296446,257575,38871,283583,248547,35036,1967,1585,382,1493,1136,357,10403,9188,1215,269720,236638,33082,12863,9028,3835,220,126,94,298,202,96,625,288,337,11720,8412,3308,591532,217427,374105,869.4194971810645,11.633621553687142,18.65620544653133,0.0,86.85352133497479,90.89382560790003,82.20389390039664,8.68993170750339,33.38438564919401,9.412411374995157,95.66092981521086,4.3390701847891355,66.61561435080598,1.1671602922623343
07,092,00000,DISTRICT,North East,Total,406125,2241624,1188425,1053199,301947,160583,141364,373758,197059,176699,0,0,0,1611588,912481,699107,630036,275944,354092,661386,594353,67033,622443,566028,56415,1738,1558,180,1893,1662,231,27587,24138,3449,591225,538670,52555,38943,28325,10618,497,328,169,513,427,86,3151,1498,1653,34782,26072,8710,1580238,594072,986166,886.2141069061994,13.47001102771919,16.67353668590272,0.0,83.085379679194,88.7763878105779,76.67034057696841,12.106047233609488,29.50476975621246,6.364704106251525,94.11191044261597,5.888089557384038,70.49523024378755,0.5489986180536026
07,093,00000,DISTRICT,East,Total,358937,1709346,907500,801846,194357,103902,90455,281422,148019,133403,0,0,0,1352998,748382,604616,356348,159118,197230,579692,486951,92741,555026,469593,85433,805,651,154,2841,2096,745,18432,16163,2269,532948,450683,82265,24666,17358,7308,351,183,168,253,183,70,1109,598,511,22953,16394,6559,1129654,420549,709105,883.5768595041322,11.370255056612296,16.463723552750583,0.0,89.30744711677775,93.12890275983763,84.99067320221931,8.138229557618317,33.91308722751275,11.565936601292517,95.74498181793089,4.255018182069099,66.08691277248727,0.6289546862816806
07,094,00000,DISTRICT,New Delhi,Total,33208,142004,77942,64062,12760,6738,6022,33245,17885,15360,0,0,0,114179,65678,48501,27825,12264,15561,59541,46940,12601,56471,44916,11555,80,59,21,223,168,55,962,689,273,55206,44000,11206,3070,2024,1046,41,20,21,52,30,22,68,26,42,2909,1948,961,82463,31002,51461,821.9188627440917,8.985662375707726,23.411312357398383,0.0,88.34375290148866,92.2392000449413,83.56478290833907,8.67441713660223,41.92910058871581,19.67000718054385,94.8438890848323,5.1561109151677,58.070899411284195,0.5088930316924473
07,095,00000,DISTRICT,Central,Total,119639,582320,307821,274499,62739,32928,29811,143178,73782,69396,0,0,0,442360,240518,201842,139960,67303,72657,207374,177621,29753,195978,169963,26015,463,315,148,511,406,105,10342,9000,1342,184662,160242,24420,11396,7658,3738,134,65,69,90,59,31,560,317,243,10612,7217,3395,374946,130200,244746,891.7487760744068,10.773973073224344,24.587512020881988,0.0,85.13783221480385,87.49513447050306,82.48953769698555,5.00559677351751,35.611691166369006,10.83901944997978,94.50461485046341,5.4953851495365855,64.38830883363099,0.4696827953359631
07,096,00000,DISTRICT,West,Total,533221,2543243,1356240,1187003,288421,154088,134333,376472,200098,176374,0,0,0,1961179,1093933,867246,582064,262307,319757,874320,732598,141722,839621,708262,131359,2433,2093,340,3725,3105,620,27623,23909,3714,805840,679155,126685,34699,24336,10363,519,273,246,633,421,212,1399,680,719,32148,22962,9186,1668923,623642,1045281,875.2160384592697,11.340678024081852,14.802832446604592,0.0,86.97710950132648,90.99789377715962,82.38536293425291,8.612530842906708,34.37815419132187,11.939481197604387,96.03131576539482,3.968684234605179,65.62184580867813,0.7043187848842529
07,097,00000,DISTRICT,South West,Total,494439,2292958,1246046,1046912,267989,145285,122704,318408,170205,148203,0,0,0,1787689,1025261,762428,505269,220785,284484,795352,667977,127375,749995,636474,113521,7832,7089,743,5277,4465,812,16956,13830,3126,719930,611090,108840,45357,31503,13854,1901,1051,850,2476,1696,780,1658,882,776,39322,27874,11448,1497606,578069,919537,840.1872804053783,11.687479666003476,13.886342444998991,0.0,88.28228975357155,93.141108742043,82.49528244724131,10.645826294801694,34.68672343758586,12.166734166768553,94.29724197587987,5.702758024120138,65.31327656241413,1.6482010480893994
07,098,00000,DISTRICT,South,Total,574133,2731929,1467428,1264501,331043,175592,155451,422926,223199,199727,0,0,0,2078402,1185036,893366,653527,282392,371135,924393,775592,148801,869086,735535,133551,2314,1989,325,4958,4093,865,23054,19634,3420,838760,709819,128941,55307,40057,15250,670,423,247,950,708,242,2027,1263,764,51660,37663,13997,1807536,691836,1115700,861.712465620119,12.117555031627836,15.480856200874912,0.0,86.5681252670889,91.73269672001709,80.55236463640053,11.180332083616562,33.836640703327205,11.767566810939652,94.01693868300603,5.983061316993962,66.16335929667278,0.7866783932807798
08,099,00000,DISTRICT,Ganganagar,Total,387511,1969168,1043340,925828,255475,137768,117707,720412,376734,343678,13477,7160,6317,1193343,710908,482435,775825,332432,443393,912672,596320,316352,680563,530627,149936,212811,176800,36011,147697,108235,39462,9736,6484,3252,310319,239108,71211,232109,65693,166416,55486,12887,42599,82741,25068,57673,4054,922,3132,89828,26816,63012,1056496,447020,609476,887.3694097801292,12.973753382139055,36.58458800874278,0.6844007215229986,69.63575156110225,78.50375232449767,59.69836200271988,18.805390321777786,46.34810234576227,34.16962978004553,74.56819098208338,25.431809017916624,53.65189765423772,39.5002804950738
08,100,00000,DISTRICT,Hanumangarh,Total,336192,1774692,931184,843508,234226,124740,109486,494189,258352,235837,14289,7578,6711,1034136,624281,409855,740556,306903,433653,835260,512802,322458,642109,461844,180265,302515,214366,88149,116715,81089,35626,9977,6327,3650,212902,160062,52840,193151,50958,142193,67937,14927,53010,50118,15000,35118,3862,888,2974,71234,20143,51091,939432,418382,521050,905.8446021409302,13.198121138766613,27.846465752930648,0.8051537957008877,67.1313745321221,77.41157476526578,55.836882273283365,21.574692491982418,47.06506819211446,38.22820886108964,76.87534420419989,23.124655795800113,52.93493180788553,50.1915571199387
08,101,00000,DISTRICT,Bikaner,Total,384944,2363937,1240801,1123136,400554,209952,190602,493646,259532,234114,7779,4207,3572,1278801,782399,496402,1085136,458402,626734,986208,640572,345636,752768,557046,195722,375128,244431,130697,54270,37017,17253,19514,14887,4627,303856,260711,43145,233440,83526,149914,124095,36526,87569,49563,18953,30610,6730,1887,4843,53052,26160,26892,1377729,600229,777500,905.170128006022,16.944360192340152,20.882367000474208,0.32906968332912423,65.13252890546572,75.89850695882714,53.231517563970854,22.666989394856287,41.718878294979945,30.774189412502135,76.32953697394464,23.670463026055355,58.281121705020055,43.54030792692819
08,102,00000,DISTRICT,Churu,Total,348984,2039547,1051446,988101,317813,167084,150729,451721,235113,216608,11245,5903,5342,1149269,696729,452540,890278,354717,535561,902829,541404,361425,628381,446199,182182,382054,233988,148066,41473,29386,12087,12601,10168,2433,192253,172657,19596,274448,95205,179243,190590,54495,136095,46510,19074,27436,3993,1582,2411,33355,20054,13301,1136718,510042,626676,939.7543953755114,15.582528865478462,22.148104456528827,0.5513479218669636,66.7506711257372,78.78323582424392,54.04288655460178,24.740349269642138,44.266153219317815,36.577738510536875,69.60133092756215,30.398669072437862,55.733846780682185,46.91109833645131
08,103,00000,DISTRICT,Jhunjhunun,Total,384197,2137045,1095896,1041149,288470,157062,131408,360709,185879,174830,41629,21380,20249,1370360,815834,554526,766685,280062,486623,894649,541392,353257,592813,444111,148702,295411,191789,103622,34464,26672,7792,10695,8333,2362,252243,217317,34926,301836,97281,204555,226281,60806,165475,34414,14614,19800,2777,1096,1681,38364,20765,17599,1242396,554504,687892,950.0436172775519,13.498545889300411,16.878867782381747,1.9479702112028527,74.13061412168832,86.89864235850001,60.954271600378576,25.944370758121437,41.863835342727924,33.929533621028305,66.26207596498739,33.73792403501261,58.13616465727207,36.87200231599208
08,104,00000,DISTRICT,Alwar,Total,639720,3674179,1939026,1735153,587959,315270,272689,653036,342938,310098,289249,153397,135852,2182476,1359829,822647,1491703,579197,912506,1708542,994171,714371,1179461,835940,343521,608718,387212,221506,95586,57388,38198,21588,14314,7274,453569,377026,76543,529081,158231,370850,290173,77505,212668,121186,34016,87170,12974,3578,9396,104748,43132,61616,1965637,944855,1020782,894.8580369732019,16.002459324926736,17.77365773414959,7.8724798111360395,70.71679919124367,83.74589531924748,56.250752155266724,27.495143163980757,46.50132723528168,41.1704904409006,69.03318736091943,30.966812639080572,53.49867276471832,41.222516039991994
08,105,00000,DISTRICT,Bharatpur,Total,425414,2548462,1355726,1192736,436165,233323,202842,557305,296293,261012,54090,28705,25385,1480869,943910,536959,1067593,411816,655777,1071154,647198,423956,694929,529877,165052,350451,261042,89409,89379,55915,33464,14399,8586,5813,240700,204334,36366,376225,117321,258904,150543,35899,114644,149515,45893,103622,10669,3001,7668,65498,32528,32970,1477308,708528,768780,879.7765920252323,17.114832396951574,21.86828761817912,2.1224566032375605,70.1070446059432,84.09724492896046,54.2440907814372,29.853154147523263,42.03138991281801,35.54483137928259,64.87666572687027,35.12333427312973,57.96861008718199,41.061322648284
08,106,00000,DISTRICT,Dhaulpur,Total,203754,1206516,653647,552869,217613,117198,100415,245695,131875,113820,58594,31802,26792,683098,435721,247377,523418,217926,305492,523212,339110,184102,317617,261679,55938,157627,136482,21145,30120,23760,6360,5823,3276,2547,124047,98161,25886,205595,77431,128164,72309,28231,44078,44222,18326,25896,6898,1750,5148,82166,29124,53042,683304,314537,368767,845.821980365549,18.036478587934184,20.36400677653674,4.856462740651595,69.0763401466069,81.2231917665985,54.67450834780995,26.548683418788556,43.36552519817391,33.299389186226755,60.705220828268466,39.294779171731534,56.63447480182609,35.88354242639695
08,107,00000,DISTRICT,Karauli,Total,262503,1458248,783639,674609,241357,130294,111063,354465,189249,165216,324960,176200,148760,805849,531904,273945,652399,251735,400664,628726,371058,257668,438337,309089,129248,249745,158647,91098,45793,24287,21506,5812,4103,1709,136987,122052,14935,190389,61969,128420,85557,22252,63305,69574,18737,50837,3709,1491,2218,31549,19489,12060,829522,412581,416941,860.8670574078116,16.551162765181232,24.30759377005832,22.284275377027775,66.2219541437976,81.41242375773902,48.61093859241304,32.80148516532598,43.115162852957795,38.195161938248674,69.71828745749342,30.281712542506593,56.8848371470422,47.0058499250866
08,108,00000,DISTRICT,Sawai Madhopur,Total,254716,1335551,704031,631520,201188,107557,93631,278789,146333,132456,285848,152745,133103,741748,486184,255564,593803,217847,375956,578068,343802,234266,418555,288638,129917,243889,150320,93569,39308,21462,17846,7631,5329,2302,127727,111527,16200,159513,55164,104349,69469,16467,53002,49496,14469,35027,4439,1729,2710,36109,22499,13610,757483,360229,397254,897.005955703655,15.064044727606806,20.87445556178686,21.403001457825273,65.38894516129317,81.50967183816897,47.512404975747785,33.997266862421185,43.283109368343105,37.09557892069926,72.40584152729437,27.594158472705633,56.7168906316569,48.9902572015749
08,109,00000,DISTRICT,Dausa,Total,292502,1634409,857787,776622,258144,138400,119744,354337,185349,168988,433344,228554,204790,938051,596935,341116,696358,260852,435506,684495,398151,286344,506214,337934,168280,302259,174295,127964,32647,16758,15889,11354,7263,4091,159954,139618,20336,178281,60217,118064,88701,23542,65159,43630,12193,31437,5831,2211,3620,40119,22271,17848,949914,459636,490278,905.378607976106,15.7943329974321,21.6798243279375,26.51380407229769,68.15918445938827,82.97828567933533,51.92988652382938,31.048399155505948,41.88027598966966,36.87044662654419,73.95437512326606,26.045624876733942,58.119724010330344,48.92745746864477
08,110,00000,DISTRICT,Jaipur,Total,1177096,6626178,3468507,3157671,929926,499619,430307,1003302,524831,478471,527966,276638,251328,4300965,2554793,1746172,2325213,913714,1411499,2464893,1714947,749946,2060010,1564365,495645,603136,343414,259722,68390,39633,28757,72398,54906,17492,1316086,1126412,189674,404883,150582,254301,141238,37870,103368,63133,18525,44608,18613,6620,11993,181899,87567,94332,4161285,1753560,2407725,910.3833436115308,14.03412344189969,15.141488803953049,7.967881333703984,75.50517427950871,86.05218519526503,64.02416399131175,22.028021203953273,37.199317615675284,23.74997268556477,83.57401315188935,16.42598684811065,62.80068238432472,27.24361666003352
08,111,00000,DISTRICT,Sikar,Total,444816,2677333,1374990,1302343,379874,205589,174285,418806,216523,202283,75349,39098,36251,1652117,995275,656842,1025216,379715,645501,1006504,657854,348650,698711,546178,152533,313230,207912,105318,42399,30955,11444,16321,13023,3298,326761,294288,32473,307793,111676,196117,188081,49712,138369,45490,19650,25840,6455,2209,4246,67767,40105,27662,1670829,717136,953693,947.1654339304287,14.188522682833998,15.642656330011992,2.8143305296726258,71.91061951486402,85.10981263056898,58.227679782422534,26.882132848146448,37.593530576883786,26.77098122384042,69.41959495441648,30.580405045583525,62.40646942311622,35.33309355948908
08,112,00000,DISTRICT,Nagaur,Total,578809,3307743,1696325,1611418,507176,267391,239785,699911,360451,339460,10418,5475,4943,1758624,1102750,655874,1549119,593575,955544,1425882,857031,568851,985927,696079,289848,506175,306128,200047,123675,73644,50031,21682,17252,4430,334395,299055,35340,439955,160952,279003,228439,72801,155638,139726,49983,89743,7965,3295,4670,63825,34873,28952,1881861,839294,1042567,949.9465019969641,15.332992919945715,21.159775714134984,0.31495796378376434,62.795283954999114,77.17291351455002,47.817018109071455,29.355895405478563,43.10739981915161,35.30126882038056,69.14506249465244,30.854937505347568,56.8926001808484,44.17265944867808
08,113,00000,DISTRICT,Jodhpur,Total,649013,3687165,1923928,1763237,606490,320731,285759,608024,315199,292825,118924,61969,56955,2031532,1265753,765779,1655633,658175,997458,1489741,965103,524638,1056479,803328,253151,398287,253197,145090,103001,62642,40359,32550,25789,6761,522641,461700,60941,433262,161775,271487,194083,65973,128110,139016,44114,94902,9862,3638,6224,90301,48050,42251,2197424,958825,1238599,916.4776436540245,16.448680761506466,16.49028454110407,3.225350642024428,65.94437907276814,78.95180692079639,51.83014569421677,27.12166122657962,40.40342648077859,29.75425311515128,70.91695804841244,29.083041951587557,59.59657351922141,33.649339046183194
08,114,00000,DISTRICT,Jaisalmer,Total,117171,669919,361708,308211,130463,69610,60853,99134,52776,46358,42429,22497,19932,308653,210415,98238,361266,151293,209973,288903,182565,106338,175383,137757,37626,76728,54047,22681,14731,10254,4477,4573,3444,1129,79351,70012,9339,113520,44808,68712,55738,22265,33473,29141,11122,18019,2262,708,1554,26379,10713,15666,381016,179143,201873,852.0989306291262,19.47444392531037,14.797908403851809,6.333452253182847,57.21560238462451,72.03575512328054,39.71490713864116,32.32084798463938,43.1250643734541,34.501688778142245,60.70653471926563,39.29346528073437,56.8749356265459,31.65733827616882
08,115,00000,DISTRICT,Barmer,Total,451629,2603751,1369022,1234729,501522,263356,238166,436414,228431,207983,176257,92610,83647,1188322,783461,404861,1415429,585561,829868,1202482,696240,506242,741367,526455,214912,459715,296296,163419,50355,32003,18352,17364,13077,4287,213933,185079,28854,461115,169785,291330,294545,103708,190837,82341,30511,51830,13201,4115,9086,71028,31451,39577,1401269,672782,728487,901.905886099712,19.261519246656075,16.76097291945351,6.769349296457302,56.52676278369293,70.85874034292453,40.62573063619661,30.233009706727927,46.18268029469792,41.000251877132555,61.65306424545233,38.34693575454768,53.81731970530208,42.418098566132386
08,116,00000,DISTRICT,Jalor,Total,326134,1828730,936634,892096,316455,166999,149456,357196,185342,171854,178719,93290,85429,829582,543923,285659,999148,392711,606437,896644,494906,401738,660719,427864,232855,387143,232554,154589,87894,47862,40032,15542,10349,5193,170140,137099,33041,235925,67042,168883,106212,28580,77632,70119,18128,51991,6325,1868,4457,53269,18466,34803,932086,441728,490358,952.4488754412076,17.30463217642845,19.53246241927458,9.77284782335282,54.85655717379445,70.67285141658058,38.46533986857697,32.207511548003616,49.030966845843835,45.03304577085874,73.68799657389108,26.312003426108916,50.969033154156165,52.97944334652326
08,117,00000,DISTRICT,Sirohi,Total,201785,1036346,534231,502115,173364,91370,81994,201863,104899,96964,292470,148966,143504,476806,309900,166906,559540,224331,335209,419829,272196,147633,313292,239565,73727,102726,75237,27489,55034,29105,25929,7028,5517,1511,148504,129706,18798,106537,32631,73906,21354,5329,16025,42789,10286,32503,2415,771,1644,39979,16245,23734,616517,262035,354482,939.8836832755868,16.728389939267387,19.478340245439266,28.22126973037962,55.250978583562585,69.97680987939783,39.72807833933557,30.248731540062266,40.51050517877234,29.402228573135638,74.62371584621359,25.376284153786422,59.48949482122766,37.577204052125985
08,118,00000,DISTRICT,Pali,Total,418157,2037573,1025422,1012151,297434,156606,140828,398096,203328,194768,144578,74369,70209,1085693,667381,418312,951880,358041,593839,842327,523077,319250,605288,443714,161574,200091,136010,64081,115844,59878,55966,19095,14572,4523,270258,233254,37004,237039,79363,157676,43400,15259,28141,121436,33264,88172,7024,2651,4373,65179,28189,36990,1195246,502345,692901,987.0580112383,14.597464728871062,19.537753984765207,7.095598538064649,62.39116530346139,76.81499880296863,48.008832545451,28.80616625751763,41.33972132532185,31.541736361471756,71.85902861952663,28.140971380473378,58.66027867467815,37.507405081399504
08,119,00000,DISTRICT,Ajmer,Total,494832,2583052,1324085,1258967,381167,200511,180656,478027,243750,234277,63482,32408,31074,1526673,926268,600405,1056379,397817,658562,1053722,686149,367573,827181,601564,225617,246431,143636,102795,77796,38010,39786,27762,19023,8739,475192,400895,74297,226541,84585,141956,52425,15422,37003,67727,19107,48620,7840,3239,4601,98549,46817,51732,1529330,637936,891394,950.8203778458331,14.756458638850475,18.506286362024458,2.4576353863569143,69.33481993837098,82.4394298906881,55.68013309703787,26.759296793650236,40.79368127316059,29.19639672842894,78.50087594261105,21.49912405738895,59.20631872683941,30.769690677427253
08,120,00000,DISTRICT,Tonk,Total,266870,1421326,728136,693190,204038,107868,96170,287903,148110,139793,178207,92677,85530,749659,478329,271330,671667,249807,421860,649161,371848,277313,495797,318276,177521,273513,157826,115687,54875,25588,29287,12084,7288,4796,155325,127574,27751,153364,53572,99792,52570,15046,37524,58551,16746,41805,3920,1540,2380,38323,20240,18083,772165,356288,415877,952.0062186184999,14.355468062921526,20.255944097272547,12.538080637376648,61.58435801552303,77.1165044787092,45.447388697196075,31.669115781513128,45.67291388464012,40.005337641916356,76.3750440953785,23.6249559046215,54.327086115359876,50.58652630087144
08,121,00000,DISTRICT,Bundi,Total,220768,1110906,577160,533746,159884,84431,75453,210788,109333,101455,228549,119454,109095,585044,371705,213339,525862,205455,320407,526091,314806,211285,361070,259200,101870,190117,129122,60995,45911,26927,18984,7088,4812,2276,117954,98339,19615,165021,55606,109415,60336,17199,43137,65477,19216,46261,4084,1639,2445,35124,17552,17572,584815,262354,322461,924.7799570309793,14.392216803221874,18.974422678426436,20.573207814162494,61.517399176885505,75.43801968221882,46.55078737838021,28.887232303838616,47.35693208966375,39.585308367650526,68.6326129890076,31.367387010992392,52.64306791033625,44.864481620099944
08,122,00000,DISTRICT,Bhilwara,Total,498125,2408523,1220736,1187787,361683,187617,174066,407947,206332,201615,229273,117026,112247,1256126,777582,478544,1152397,443154,709243,1148165,674589,473576,883329,581039,302290,461822,260882,200940,77499,36559,40940,21262,15486,5776,322746,268112,54634,264836,93550,171286,93346,28377,64969,85553,24796,60757,8887,3463,5424,77050,36914,40136,1260358,546147,714211,973.0089061025479,15.016796601070448,16.93764186599007,9.51923647812373,61.36903714994821,75.26548248556072,47.20667718238056,28.058805303180165,47.67091698937482,39.87044815274119,76.93397725936603,23.06602274063397,52.32908301062519,46.972429920786645
08,123,00000,DISTRICT,Rajsamand,Total,243078,1156597,581339,575258,176041,92527,83514,148168,74738,73430,160809,81173,79636,619139,383334,235805,537458,198005,339453,550831,319534,231297,362584,257930,104654,142619,86411,56208,42579,21964,20615,8678,6086,2592,168708,143469,25239,188247,61604,126643,64963,18342,46621,64008,17970,46038,4827,1667,3160,54449,23625,30824,605766,261805,343961,989.5396661844466,15.220599742174674,12.81068513924902,13.903632812466228,63.14162577150106,78.42156084547842,47.95279657708076,30.468764268397663,47.62514514562981,40.20752427606396,65.8249081841799,34.175091815820096,52.37485485437019,33.621564508896554
08,124,00000,DISTRICT,Dungarpur,Total,282029,1388552,696532,692020,242239,126008,116231,52267,26543,25724,983437,491631,491806,681591,415820,265771,706961,280712,426249,641515,346624,294891,216411,170920,45491,108434,89800,18634,22771,11346,11425,4900,3667,1233,80306,66107,14199,425104,175704,249400,119415,69502,49913,161559,52244,109315,7614,2941,4673,136516,51017,85499,747037,349908,397129,993.5221928066478,17.445439565821086,3.764137029077773,70.82464322546078,59.459414662487475,72.88387517440108,46.157707076724286,26.726168097676798,46.200286341454984,42.61307476662524,33.73436318714293,66.26563681285707,53.79971365854501,20.452366663289247
08,125,00000,DISTRICT,Banswara,Total,367797,1797485,907754,889731,325283,168225,157058,80091,40639,39452,1372999,690476,682523,829343,513854,315489,968142,393900,574242,916574,482236,434338,542983,361194,181789,371712,249854,121858,56663,22256,34407,10913,6760,4153,103695,82324,21371,373591,121042,252549,174857,58631,116226,142707,38693,104014,8905,2902,6003,47122,20816,26306,880911,425518,455393,980.1455019752048,18.096562697324316,4.455725638878767,76.38444827077834,56.333505864005076,69.48395532832384,43.060000846216525,26.42395448210732,50.99202496821948,48.816777205694756,59.24049776668332,40.759502233316674,49.00797503178052,46.73654282141976
08,126,00000,DISTRICT,Chittaurgarh,Total,329119,1544338,783171,761167,212507,111120,101387,250224,126748,123476,201546,101893,99653,821825,514851,306974,722513,268320,454193,802755,456632,346123,656904,409334,247570,392499,216906,175593,73199,33898,39301,11734,8258,3476,179472,150272,29200,145851,47298,98553,60702,14899,45803,50270,14046,36224,3701,1432,2269,31178,16921,14257,741583,326539,415044,971.903964779084,13.76039442142847,16.202670658884262,13.050640468602081,61.70640268923009,76.60891807318194,46.52672102822153,30.08219704496041,51.98052498870066,45.47267551010488,81.83119382626082,18.168806173739185,48.01947501129934,58.012469557959776
08,127,00000,DISTRICT,Kota,Total,396501,1951014,1021161,929853,255056,134341,120715,405408,211161,194247,183816,96428,87388,1298345,765396,532949,652669,255765,396904,748811,534650,214161,577548,467365,110183,114308,90189,24119,58088,36092,21996,19591,12554,7037,385561,328530,57031,171263,67285,103978,25954,6526,19428,76904,23046,53858,5534,2159,3375,62871,35554,27317,1202203,486511,715692,910.5841292411285,13.072996913399903,20.779348584889703,9.42156232605199,76.55525667498841,86.30793171105748,65.8662675588095,20.44166415224798,38.380606187346686,23.031705011437293,77.12867465889256,22.871325341107436,61.61939381265332,23.02263187907229
08,128,00000,DISTRICT,Baran,Total,241428,1222755,633945,588810,182665,95542,87123,221184,114969,106215,276857,143094,133763,693307,432607,260700,529448,201338,328110,552583,329754,222829,359785,262557,97228,176689,129218,47471,75753,45340,30413,10317,5585,4732,97026,82414,14612,192798,67197,125601,39849,10892,28957,109284,35150,74134,4941,1599,3342,38724,19556,19168,670172,304191,365981,928.8029718666446,14.938806220379389,18.08898757314425,22.64206648102032,66.6583661029334,80.35003519668352,51.96467119937331,28.385363997310208,45.191636918270625,37.84395645454391,65.10967583150405,34.89032416849596,54.808363081729375,45.683996793241924
08,129,00000,DISTRICT,Jhalawar,Total,283295,1411129,725143,685986,208205,108890,99315,243582,125965,117617,182229,94185,88044,739792,466815,272977,671337,258328,413009,685950,402825,283125,475653,338321,137332,260966,185318,75648,96128,52848,43280,7414,5527,1887,111145,94628,16517,210297,64504,145793,67748,17225,50523,113644,31615,82029,3785,1369,2416,25120,14295,10825,725179,322318,402861,946.0009956656825,14.754497994159287,17.261497708572357,12.91370243259121,61.49947960137132,75.75054401357883,46.52982676832501,29.220717245253823,48.610013684078496,41.272708189379955,69.34222610977476,30.657773890225236,51.38998631592151,52.05831328814053
08,130,00000,DISTRICT,Udaipur,Total,623531,3068420,1566801,1501619,508550,264321,244229,188525,97094,91431,1525289,773213,752076,1582629,973444,609185,1485791,593357,892434,1365783,835839,529944,822355,623397,198958,341510,245534,95976,85328,44659,40669,22095,16071,6024,373422,317133,56289,543428,212442,330986,197596,77063,120533,217640,68968,148672,11440,4328,7112,116752,62083,54669,1702637,730962,971675,958.3980352322982,16.573676354605954,6.144041558847876,49.7092640512055,61.824584842199016,74.73773109759843,48.44837321753791,26.289357880060514,44.51095352005267,35.29150869827832,60.21124878549521,39.78875121450479,55.48904647994733,31.25225603188794
08,131,00000,DISTRICT,Pratapgarh,Total,178726,867848,437744,430104,150518,77856,72662,60429,30755,29674,550427,276742,273685,401515,250122,151393,466333,187622,278711,481294,251691,229603,327445,204151,123294,236894,146894,90000,39939,17607,22332,3546,2394,1152,47066,37256,9810,153849,47540,106309,69525,18571,50954,56876,18107,38769,1970,763,1207,25478,10099,15379,386554,186053,200501,982.5468767133302,17.343820576875213,6.963085701643605,63.42435541707765,55.973540769241495,69.49995554172409,42.35456381734659,27.145391724377504,55.45832910832311,53.38313524170898,68.03429920173532,31.965700798264677,44.54167089167688,57.518481427152636
09,132,00000,DISTRICT,Saharanpur,Total,597656,3466382,1834106,1632276,519591,275377,244214,764450,407029,357421,980,517,463,2077108,1220114,856994,1389274,613992,775282,1037344,911136,126208,882701,801589,81112,211817,202069,9748,211046,190347,20699,26927,21810,5117,432911,387363,45548,154643,109547,45096,9750,6013,3737,62004,45770,16234,7105,4071,3034,75784,53693,22091,2429038,922970,1506068,889.9572870924582,14.989432786115323,22.05325321906241,0.028271552298621445,70.48711632416415,78.27621093852748,61.740325720320854,16.53588521820663,29.925841987409353,7.732025711338034,85.0924090754851,14.907590924514915,70.07415801259064,40.7640088533794
09,133,00000,DISTRICT,Muzaffarnagar,Total,676642,4143512,2193434,1950078,646062,346805,299257,561250,298587,262663,317,176,141,2417339,1448528,968811,1726173,744906,981267,1291644,1081569,210075,1085491,962213,123278,308688,287616,21072,250584,220596,29988,33137,25219,7918,493082,428782,64300,206153,119356,86797,27361,11009,16352,73057,45610,27447,12815,5337,7478,92920,57400,35520,2851868,1111865,1740003,889.0525085322831,15.592135367292286,13.545272705859185,0.007650514828966345,69.1171853779182,78.44174438937111,58.686617143833274,19.755127245537835,31.172686358818318,10.772646017236234,84.03948766068669,15.96051233931331,68.82731364118169,43.29923725113112
09,134,00000,DISTRICT,Bijnor,Total,633197,3682713,1921215,1761498,564230,299659,264571,787444,413872,373572,3058,1588,1470,2135393,1241471,893922,1547320,679744,867576,1088036,921497,166539,839778,749729,90049,210909,194909,16000,211266,193230,18036,36119,26263,9856,381484,335327,46157,248258,171768,76490,21249,11349,9900,100223,73987,26236,16430,7226,9204,110356,79206,31150,2594677,999718,1594959,916.8666703101943,15.32104185148286,21.38217124169057,0.0830366091520029,68.47537729081736,76.56047648061491,59.717140515202146,16.843335965412763,29.544414674724855,9.454396201414932,77.18292409442334,22.817075905576655,70.45558532527514,38.8015653893805
09,135,00000,DISTRICT,Moradabad,Total,796170,4772006,2503186,2268820,784219,409325,374894,731406,385244,346162,685,377,308,2263848,1357435,906413,2508158,1145751,1362407,1417811,1193439,224372,1104968,988949,116019,327075,303626,23449,223292,203432,19860,62402,46680,15722,492199,435211,56988,312843,204490,108353,41563,22118,19445,115092,82953,32139,26331,10926,15405,129857,88493,41364,3354195,1309747,2044448,906.3729183528511,16.433738767302472,15.32701341951372,0.014354550266701259,56.769531572273046,64.82927949849584,47.85894485845804,16.970334640037798,29.711006230922592,9.889369804568013,77.93478820519802,22.065211794801986,70.28899376907741,38.818079419612346
09,136,00000,DISTRICT,Rampur,Total,393736,2335819,1223889,1111930,379227,197151,182076,307936,162844,145092,358,207,151,1043666,630408,413258,1292153,593481,698672,737261,609693,127568,564266,502124,62142,187684,176580,11104,150810,137840,12970,33853,22208,11645,191919,165496,26423,172995,107569,65426,26503,13732,12771,79428,57732,21696,20385,6913,13472,46679,29192,17487,1598558,614196,984362,908.5219329530701,16.235290491258098,13.183213254109157,0.01532653000938857,53.341013353831556,61.399110581277796,44.443321209566236,16.95578937171156,31.563276092882198,11.472664646155783,76.53544674138466,23.464553258615332,68.43672390711781,45.912370246086525
09,137,00000,DISTRICT,Jyotiba Phule Nagar,Total,314401,1840221,963449,876772,300231,157737,142494,318001,166662,151339,164,89,75,983110,600541,382569,857111,362908,494203,599089,459037,140052,453567,386571,66996,184263,163266,20997,82002,70588,11414,20251,12059,8192,167051,140658,26393,145522,72466,73056,33409,9660,23749,49875,27488,22387,11349,3326,8023,50889,31992,18897,1241132,504412,736720,910.0346774972002,16.314942607436826,17.280587494654178,0.008911973072799409,63.838726225494966,74.53544194451615,52.101383944500576,22.434058000015575,32.55527461103856,15.973594047255158,75.70945218490074,24.29054781509926,67.44472538896143,44.444982298122646
09,138,00000,DISTRICT,Meerut,Total,579110,3443689,1825743,1617946,503719,272034,231685,624149,334198,289951,3390,1828,1562,2141488,1254520,886968,1302201,571223,730978,1090539,898810,191729,890810,775053,115757,175944,158291,17653,112247,95206,17041,48232,37424,10808,554387,484132,70255,199729,123757,75972,20124,9253,10871,41748,26420,15328,14864,7024,7840,122993,81060,41933,2353150,926933,1426217,886.1849668874535,14.627308098960157,18.124429935455844,0.09844094516084351,72.84047116127034,80.74356266199139,63.98275649390699,16.7608061680844,31.667755131197968,11.85014827441707,81.68529506968572,18.314704930314278,68.33224486880202,26.42647351447312
09,139,00000,DISTRICT,Baghpat,Total,209916,1303048,700070,602978,194979,105924,89055,149060,79920,69140,14,10,4,797970,489858,308112,505078,210212,294866,416695,342604,74091,334519,292657,41862,112453,103167,9286,49442,42300,7142,13958,9807,4151,158666,137383,21283,82176,49947,32229,12265,4814,7451,25058,15695,9363,6389,2891,3498,38464,26547,11917,886353,357466,528887,861.3110117559672,14.963301428650363,11.439333009988887,0.0010744040127455012,72.01446841306814,82.44741191558977,59.95295015011977,22.49446176547,31.978484292213334,12.287512977256219,80.27910102113056,19.720898978869435,68.02151570778666,38.85215805325238
09,140,00000,DISTRICT,Ghaziabad,Total,850676,4681645,2488834,2192811,681231,368162,313069,773463,412750,360713,3968,2104,1864,3123264,1811397,1311867,1558381,677437,880944,1520538,1231615,288923,1252911,1071029,181882,139829,124521,15308,83227,69650,13577,63604,48277,15327,966251,828581,137670,267627,160586,107041,19039,9303,9736,40453,24449,16004,20068,8625,11443,188067,118209,69858,3161107,1257219,1903888,881.0595644386085,14.55110329809287,16.521180055301073,0.08475653322710287,78.07351939074306,85.41617939973744,69.78973710221935,15.626442297518096,32.47871207663118,13.175918946046878,82.39919028659592,17.60080971340407,67.52128792336882,14.669544595399787
09,141,00000,DISTRICT,Gautam Buddha Nagar,Total,327090,1648115,890214,757901,246598,133835,112763,216105,115438,100667,2215,1189,1026,1122947,666065,456882,525168,224149,301019,569109,443384,125725,458492,377875,80617,60899,53119,7780,27618,22445,5173,26065,17644,8421,343910,284667,59243,110617,65509,45108,11769,5684,6085,21227,13053,8174,9335,4134,5201,68286,42638,25648,1079006,446830,632176,851.369445998378,14.962426772403624,13.112252482381386,0.13439596144686505,80.12368026930818,88.05968965293854,70.81926657552337,17.240423077415173,34.53090348671057,16.58857819161078,80.56312586868245,19.43687413131755,65.46909651328943,15.553610995433212
09,142,00000,DISTRICT,Bulandshahr,Total,587529,3499171,1845260,1653911,549796,296558,253238,725600,384743,340857,198,118,80,2031656,1253314,778342,1467515,591946,875569,1173260,897815,275445,885216,748292,136924,292901,263083,29818,136780,112822,23958,44401,24606,19795,411134,347781,63353,288044,149523,138521,39574,13963,25611,104357,60571,43786,21536,6629,14907,122577,68360,54217,2325911,947445,1378466,896.3024180874239,15.71217868460844,20.736340121703112,0.005658483109285028,68.88428904428905,80.92673735812312,55.569144261365786,25.357593096757334,33.52965602424117,16.65416095545649,75.44926103336003,24.55073896663996,66.47034397575882,36.622828699520994
09,143,00000,DISTRICT,Aligarh,Total,611371,3673889,1951996,1721893,574509,306019,268490,755254,402483,352771,629,340,289,2092567,1283380,809187,1581322,668616,912706,1174361,929337,245024,865799,747491,118308,249281,228828,20453,149020,129160,19860,49067,32934,16133,418431,356569,61862,308562,181846,126716,32220,15168,17052,118177,75699,42478,29499,10520,18979,128666,80459,48207,2499528,1022659,1476869,882.1191231949246,15.637625415465736,20.557344002499804,0.01712082210431507,67.51566442320723,77.970712834991,55.6753357465204,22.2953770884706,31.96506481279102,14.229920209908514,73.7251151903035,26.27488480969651,68.03493518720897,33.91640219659883
09,144,00000,DISTRICT,Mahamaya Nagar,Total,260860,1564708,836127,728581,248106,133057,115049,387554,207170,180384,268,137,131,942572,579157,363415,622136,256970,365166,484115,398126,85989,337295,299433,37862,111333,104080,7253,77479,69755,7724,20106,14769,5337,128377,110829,17548,146820,98693,48127,12898,8090,4808,77241,56448,20793,12296,5068,7228,44385,29087,15298,1080593,438001,642592,871.3759991006151,15.856377036482206,24.76845520058695,0.01712779636839589,71.59126296329491,82.37543914546205,59.23325922690259,23.142179918559464,30.939638577932755,11.802256715450993,69.6724951716018,30.32750482839821,69.06036142206725,39.00147692180577
09,145,00000,DISTRICT,Mathura,Total,423125,2547184,1367125,1180059,404276,216224,188052,506580,271295,235285,1520,826,694,1507746,943346,564400,1039438,423779,615659,840939,635142,205797,594799,506317,88482,190792,169524,21268,89865,70380,19485,27252,19078,8174,286890,247335,39555,246140,128825,117315,45094,16861,28233,89383,43667,45716,17201,6311,10890,94462,61986,32476,1706245,731983,974262,863.1683276949803,15.87148788623044,19.887844772894304,0.05967374166923159,70.35981012717298,81.96586848043403,56.894759815202924,25.0711086652311,33.0144583194618,17.439551751226,70.73033834796578,29.269661652034213,66.98554168053819,33.37423998649129
09,146,00000,DISTRICT,Agra,Total,710566,4418797,2364953,2053844,673955,362234,311721,991325,531641,459684,7255,3827,3428,2680510,1614594,1065916,1738287,750359,987928,1389844,1119701,270143,1050562,912621,137941,248151,229008,19143,136468,119951,16517,65866,46739,19127,600077,516923,83154,339282,207080,132202,37320,20078,17242,97987,60837,37150,28318,12810,15508,175657,113355,62302,3028953,1245252,1783701,868.4502398144909,15.25200184575123,22.43427340065633,0.16418495803269534,71.5787208111851,80.6200969781582,61.184887634225596,19.435209343932605,31.45299501199082,13.153043756000942,75.58848331179614,24.411516688203854,68.54700498800918,27.673537461758297
09,147,00000,DISTRICT,Firozabad,Total,414266,2498156,1332046,1166110,382319,203259,179060,473890,253288,220602,2565,1346,1219,1521806,912314,609492,976350,419732,556618,761521,621840,139681,573649,497247,76402,165410,154170,11240,88445,79692,8753,40811,27954,12857,278983,235431,43552,187872,124593,63279,19185,12009,7176,61776,48885,12891,19131,8565,10566,87780,55134,32646,1736635,710206,1026429,875.4277254689403,15.304048266001002,18.96959197103784,0.10267573362111894,71.92453861048843,80.82251124437117,61.748847576110634,19.073663668260536,30.48332450015131,11.978372537753728,75.32937371392254,24.670626286077468,69.51667549984869,33.335259303420386
09,148,00000,DISTRICT,Mainpuri,Total,313690,1868529,993377,875152,284349,150943,133406,368206,196507,171699,478,258,220,1203885,712110,491775,664644,281267,383377,560840,466067,94773,424782,383292,41490,235836,222645,13191,79622,71861,7761,15288,10701,4587,94036,78085,15951,136058,82775,53283,35052,16875,18177,57552,40964,16588,9496,3906,5590,33958,21030,12928,1307689,527310,780379,880.986775413564,15.21779967022187,19.705661512344737,0.025581620622425447,75.9942052039541,84.53006407623624,66.29964974533061,18.23041433090563,30.01505462318219,10.829318792621168,75.74031809428715,24.25968190571286,69.9849453768178,56.247414592397114
09,149,00000,DISTRICT,Budaun,Total,615776,3681896,1967759,1714137,664909,350112,314797,622526,332920,289606,58,30,28,1547477,986501,560976,2134419,981258,1153161,1107343,939616,167727,875763,795070,80693,521224,489712,31512,157687,145069,12618,23086,14059,9027,173766,146230,27536,231580,144546,87034,54679,26991,27688,101071,77092,23979,17036,5500,11536,58794,34963,23831,2574553,1028143,1546410,871.111248887694,18.0588751013065,16.907756221251226,0.0015752753472667344,51.29213350935884,60.98370039940729,40.0886132033673,20.895087196039988,30.075347049454955,9.784923842143305,79.08687732707932,20.913122672920675,69.92465295054504,61.30991029879631
09,150,00000,DISTRICT,Bareilly,Total,756784,4448359,2357665,2090694,701416,368591,332825,557150,295964,261186,3227,1664,1563,2191759,1342697,849062,2256600,1014968,1241632,1401971,1153006,248965,1043912,910612,133300,323067,303700,19367,210945,195910,15035,80554,50431,30123,429346,360571,68775,358059,242394,115665,42918,28676,14242,115431,93755,21676,51145,20992,30153,148565,98971,49594,3046388,1204659,1841729,886.7646591012718,15.767971964492974,12.524843431027039,0.07254360540594858,58.494591457622924,67.50362228856241,48.30064128783203,19.202981000730382,31.516588476784364,11.908246735294597,74.46031337310114,25.539686626898845,68.48341152321564,38.09008888200969
09,151,00000,DISTRICT,Pilibhit,Total,362573,2031007,1072002,959005,304920,159509,145411,333558,176436,157122,1714,892,822,1061095,654290,406805,969912,417712,552200,618605,534939,83666,463415,422120,41295,195677,186940,8737,138441,128058,10383,12465,7352,5113,116832,99770,17062,155190,112819,42371,20799,12584,8215,85751,68569,17182,10317,3815,6502,38323,27851,10472,1412402,537063,875339,894.5925474019638,15.013242199559135,16.423281652894353,0.08439163429766613,61.474016083777926,71.70356375336578,50.00098329142053,21.702580461945253,30.45804371919939,8.724250655627447,74.912908883698,25.087091116302002,69.5419562808006,54.011525933350036
09,152,00000,DISTRICT,Shahjahanpur,Total,527501,3006538,1606403,1400135,502625,264106,238519,532673,285280,247393,508,259,249,1490930,915142,575788,1515608,691261,824347,892214,783313,108901,699503,640720,58783,321484,308277,13207,175020,164058,10962,19505,12766,6739,183494,155619,27875,192711,142593,50118,23489,15655,7834,100172,82160,18012,11636,5067,6569,57414,39711,17703,2114324,823090,1291234,871.5963553354917,16.717733153547368,17.717155080028924,0.016896510205425645,59.54400172849456,68.17731098259178,49.567843418134736,18.60946756445704,29.675793221306368,7.7778928460469885,78.40080967122238,21.599190328777627,70.32420677869364,55.648532751111276
09,153,00000,DISTRICT,Kheri,Total,745077,4021243,2123187,1898056,662296,344806,317490,1061782,559240,502542,53375,26984,26391,2034044,1237157,796887,1987199,886030,1101169,1264718,1058483,206235,958249,855497,102752,479515,449443,30072,257880,230144,27736,28390,18977,9413,192464,156933,35531,306469,202986,103483,49708,29821,19887,164262,120413,43849,19447,7834,11613,73052,44918,28134,2756525,1064704,1691821,893.9655338884422,16.469932307000594,26.404323240351303,1.3273259039555678,60.55600162789112,69.56647647495109,50.417825006991166,19.148651467959922,31.450922015904037,10.865590899320146,75.76779962015247,24.232200379847523,68.54907798409596,58.30509251864843
09,154,00000,DISTRICT,Sitapur,Total,801764,4483992,2375264,2108728,747558,387417,360141,1446427,767033,679394,1602,833,769,2283733,1397702,886031,2200259,977562,1222697,1422602,1171252,251350,1023642,900129,123513,501124,465076,36048,262453,230785,31668,44472,30756,13716,215593,173512,42081,398960,271123,127837,69973,45755,24218,211101,155642,55459,26499,12728,13771,91387,56998,34389,3061390,1204012,1857378,887.7867891737508,16.671706818388614,32.25757316248557,0.03572709317947043,61.120656754541905,70.312353013084,50.67125627721125,19.641096735872758,31.726238583833332,11.919507873941068,71.95561372752182,28.044386272478178,68.27376141616666,53.674674996942215
09,155,00000,DISTRICT,Hardoi,Total,730442,4092845,2191442,1901403,652496,343617,308879,1274505,685223,589282,349,186,163,2221601,1374587,847014,1871244,816855,1054389,1318946,1091952,226994,969871,866141,103730,521512,486534,34978,228938,204453,24485,36280,25663,10617,183141,149491,33650,349075,225811,123264,75301,43920,31381,177892,126388,51504,23369,10607,12762,72513,44896,27617,2773899,1099490,1674409,867.6492464778898,15.94235794416842,31.139830606827278,0.008527075909300253,64.57487307247027,74.38945787615168,53.186890747015426,21.202567129136256,32.22565232741528,11.938237185909562,73.53379137584102,26.466208624158988,67.77434767258472,56.89770468237517
09,156,00000,DISTRICT,Unnao,Total,588533,3108367,1630087,1478280,435915,227015,208900,948588,494487,454101,2926,1558,1368,1773584,1053063,720521,1334783,577024,757759,1124744,851014,273730,761831,645197,116634,367749,319746,48003,156955,126652,30303,28954,21758,7196,208173,177041,31132,362913,205817,157096,82374,39572,42802,175708,101017,74691,20289,9140,11149,84542,56088,28454,1983623,779073,1204550,906.8718418096703,14.023923172521133,30.51724587218948,0.09413302869320128,66.36542022083091,75.0540955845459,56.761647418424744,18.29244816612116,36.18440164884005,18.51678978272046,67.73372429637323,32.26627570362678,63.81559835115995,46.65097124323402
09,157,00000,DISTRICT,Lucknow,Total,860703,4589838,2394476,2195362,543641,283952,259689,948294,498799,449495,7506,4036,3470,3127260,1742440,1384820,1462578,652036,810542,1542806,1226399,316407,1152285,969574,182711,136454,117331,19123,102508,82782,19726,70070,56034,14036,843253,713427,129826,390521,256825,133696,39124,23996,15128,100521,70208,30313,29793,17964,11829,221083,144657,76426,3047032,1168077,1878955,916.8444369457034,11.844448540449577,20.660729202207136,0.1635351835947151,77.28887150081917,82.55959183596111,71.54204248341533,11.017549352545785,33.613517514125775,14.41252057747196,74.68761464500398,25.312385354996024,66.38648248587423,15.488791202523194
09,158,00000,DISTRICT,Rae Bareli,Total,619707,3405559,1752542,1653017,482517,250501,232016,1030367,526735,503632,1756,876,880,1965843,1165965,799878,1439716,586577,853139,1204710,867393,337317,644869,520983,123886,239991,205212,34779,173691,130207,43484,32646,23229,9417,198541,162335,36206,559841,346410,213431,76900,47985,28915,334191,201935,132256,28128,14750,13378,120622,81740,38882,2200849,885149,1315700,943.2110614182142,14.168510955176522,30.255444113580175,0.05156275372119526,67.25332718448794,77.62537773602718,56.28975630559021,21.335621430436966,35.3748092457068,20.406142223582698,53.52898207867454,46.47101792132546,64.6251907542932,34.338720521951345
09,159,00000,DISTRICT,Farrukhabad,Total,314144,1885204,1006240,878964,302612,160230,142382,312712,168009,144703,230,124,106,1092677,654827,437850,792527,351413,441114,592267,494545,97722,474686,424227,50459,218498,208058,10440,96798,89805,6993,26409,14392,12017,132981,111972,21009,117581,70318,47263,26591,13057,13534,38881,29725,9156,17119,4964,12155,34990,22572,12418,1292937,511695,781242,873.5132771505804,16.05194981551068,16.587700853594626,0.01220027116428779,69.04350584357813,77.40180376118485,59.44348354969304,17.95832021149181,31.416600007214075,11.117861482381532,80.14729843128183,19.85270156871816,68.58339999278593,53.2354495523134
09,160,00000,DISTRICT,Kannauj,Total,280928,1656616,881776,774840,257682,135758,121924,309980,166454,143526,15,9,6,1017087,603596,413491,639529,278180,361349,524676,430934,93742,419027,366081,52946,220006,208949,11057,82537,76553,5984,34597,14275,20322,81887,66304,15583,105649,64853,40796,19344,10482,8862,46980,36160,10820,16733,3708,13025,22592,14503,8089,1131940,450842,681098,878.7265700132459,15.554721190668205,18.7116386658103,0.000905460287719061,72.7044306593449,80.90903972826393,63.32989235981351,17.57914736845042,31.671552127952403,12.098239636570131,79.86395413550457,20.136045864495422,68.32844787204759,57.66282429537467
09,161,00000,DISTRICT,Etawah,Total,277527,1581810,845856,735954,227470,121295,106175,388283,208731,179552,169,89,80,1062003,623583,438420,519807,222273,297534,506072,413713,92359,361588,321871,39717,146309,136787,9522,84275,75426,8849,13494,9737,3757,117510,99921,17589,144484,91842,52642,24518,12102,12416,73751,50349,23402,7309,3412,3897,38906,25979,12927,1075738,432143,643595,870.0700828509817,14.38036173750324,24.546753402747484,0.01068396330785619,78.41479982869885,86.06356124605105,69.61489665422314,16.448664591827907,31.99322295345206,12.549561521508137,71.44991226544839,28.550087734551603,68.00677704654794,45.56347713368849
09,162,00000,DISTRICT,Auraiya,Total,248197,1379545,740040,639505,200517,105739,94778,391622,211413,180209,150,91,59,930836,546198,384638,448709,193842,254867,442023,364543,77480,325721,291727,33994,144778,136306,8472,89913,78453,11460,7224,5400,1824,83806,71568,12238,116302,72816,43486,21953,10250,11703,61814,41391,20423,5309,2294,3015,27226,18881,8345,937522,375497,562025,864.1492351764769,14.535009731469433,28.38776553138897,0.01087315020532132,78.94943970796284,86.11022211852102,70.61115017247171,15.499071946049312,32.041216488044974,12.115620675366104,73.6886994568156,26.31130054318441,67.95878351195502,53.094748463315256
09,163,00000,DISTRICT,Kanpur Dehat,Total,329817,1796184,963255,832929,251965,132839,119126,460544,248195,212349,801,398,403,1170243,692964,477279,625941,270291,355650,628864,493991,134873,448651,385967,62684,195521,176678,18843,133547,109622,23925,12734,9242,3492,106849,90425,16424,180213,108024,72189,29465,14238,15227,100522,62124,38398,8049,3812,4237,42177,27850,14327,1167320,469264,698056,864.7024931093013,14.027794479852842,25.640134863688797,0.04459454042570249,75.78219151558166,83.44781410762798,66.86424685802666,16.583567249601316,35.011112447277114,16.19261665760227,71.34308848972115,28.656911510278853,64.98888755272289,52.32737125992265
09,164,00000,DISTRICT,Kanpur Nagar,Total,863338,4581268,2459806,2121462,509924,272268,237656,816754,439603,377151,3753,2108,1645,3243022,1829179,1413843,1338246,630627,707619,1572232,1299871,272361,1229166,1067154,162012,174576,157094,17482,160204,131688,28516,50941,41942,8999,843445,736430,107015,343066,232717,110349,23971,12285,11686,98586,61538,37048,17797,9905,7892,202712,148989,53723,3009036,1159935,1849101,862.4509412530907,11.130630209802177,17.828120948174174,0.08192055125349576,79.6548265142911,83.6181588616975,75.05247355619422,8.56568530550328,34.31870827028674,12.838363355082485,78.1796834055025,21.820316594497505,65.68129172971325,21.293295137104447
09,165,00000,DISTRICT,Jalaun,Total,288338,1689974,906092,783882,231997,123342,108655,468178,252588,215590,832,428,404,1075196,653430,421766,614778,252662,362116,620764,470969,149795,420266,360043,60223,167462,152825,14637,125266,101769,23497,14606,9864,4742,112932,95585,17347,200498,110926,89572,29151,12821,16330,117769,63270,54499,11503,4797,6706,42075,30038,12037,1069210,435123,634087,865.1240712863595,13.72784433369981,27.70326644078548,0.04923152663887137,73.74574496031144,83.47876077930374,62.46284582814372,21.01591495116002,36.73216274333215,19.109381258913967,67.701413097409,32.298586902591005,63.26783725666786,47.156085082253476
09,166,00000,DISTRICT,Jhansi,Total,367779,1998603,1057436,941167,260373,139559,120814,562505,297386,265119,3873,2074,1799,1304513,783705,520808,694090,273731,420359,814914,565357,249557,560041,443645,116396,189840,156790,33050,126789,85588,41201,27248,18175,9073,216164,183092,33072,254873,121712,133161,39041,14227,24814,121283,52768,68515,21400,8218,13182,73149,46499,26650,1183689,492079,691610,890.0463006744617,13.02774988329348,28.144909219089538,0.1937853590733127,75.04835378517227,85.38235515216091,63.48584085143835,21.896514300722565,40.77418076526454,26.515698064211772,68.72393896779292,31.276061032207082,59.22581923473547,38.85428401033729
09,167,00000,DISTRICT,Lalitpur,Total,222094,1221592,641011,580581,212205,110745,101460,240519,126325,114194,71610,36834,34776,641191,397586,243605,580401,243425,336976,503351,326783,176568,357033,278499,78534,218881,176701,42180,59275,37953,21322,9238,6260,2978,69639,57585,12054,146318,48284,98034,48699,11035,37664,72079,22926,49153,5644,1893,3751,19896,12430,7466,718241,314228,404013,905.727046805749,17.37118448712827,19.68897962658564,5.862022672054172,63.52281136967288,74.97859564822184,50.84415001638417,24.13444563183767,41.20451018015835,30.41229389180838,70.93121897045998,29.068781029540027,58.79548981984165,55.26084183800172
09,168,00000,DISTRICT,Hamirpur,Total,204863,1104285,593537,510748,154355,81834,72521,241198,130269,110929,474,259,215,653299,408125,245174,450986,185412,265574,443655,308527,135128,290375,233058,57317,109940,94849,15091,89590,64173,25417,10532,7549,2983,80313,66487,13826,153280,75469,77811,20374,7465,12909,91859,43397,48462,9344,3933,5411,31703,20674,11029,660630,285010,375620,860.5158566357278,13.97782275408975,21.842006366110198,0.04292370176177345,68.77338330192751,79.75818003802986,55.94680382541468,23.81137621261518,40.17576984202448,26.456882846335176,65.45063168452965,34.54936831547035,59.82423015797552,44.97413530784055
09,169,00000,DISTRICT,Mahoba,Total,158435,875958,466358,409600,128129,67720,60409,220898,117389,103509,647,355,292,488106,302283,185823,387852,164075,223777,349676,237153,112523,238712,184837,53875,96439,80339,16100,66682,44672,22010,8177,5893,2284,67414,53933,13481,110964,52316,58648,17805,6429,11376,63740,28262,35478,5346,2224,3122,24073,15401,8672,526282,229205,297077,878.2952152638102,14.627299482395276,25.217875742900915,0.07386198881681542,65.2697341237101,75.82894756646381,53.215289053841595,22.613658512622216,39.91926553556221,27.471435546875,68.26662396046626,31.733376039533738,60.08073446443779,46.64918381587527
09,170,00000,DISTRICT,Banda,Total,319963,1799410,965876,833534,294972,155080,139892,387855,208184,179671,163,82,81,1002937,630626,372311,796473,335250,461223,701689,485314,216375,483232,384396,98836,202136,168611,33525,155295,110395,44900,11074,8511,2563,114727,96879,17848,218457,100918,117539,49619,15905,33714,118163,51394,66769,8024,3673,4351,42651,29946,12705,1097721,480562,617159,862.9824118209791,16.39270649824109,21.554565107451886,0.00905852473866434,66.66522648324491,77.7786274229276,53.67480631218986,24.10382111073774,38.995504081893515,25.958749133208727,68.8669766805522,31.13302331944779,61.00449591810649,50.93866370999118
09,171,00000,DISTRICT,Chitrakoot,Total,168232,991730,527721,464009,175311,91919,83392,266655,141379,125276,366,196,170,531072,330339,200733,460658,197382,263276,394197,254977,139220,282614,208896,73718,130790,100563,30227,89510,58700,30810,7966,5029,2937,54348,44604,9744,111583,46081,65502,29304,8550,20754,61185,24876,36309,4589,1847,2742,16505,10808,5697,597533,272744,324789,879.2695382598001,17.67729119820919,26.88786262389965,0.036905206054067136,65.04895158000977,75.80024873681167,52.73884245842934,23.06140627838233,39.74841942867514,30.00372837595823,71.693594826952,28.306405173047995,60.25158057132486,55.88576270240514
09,172,00000,DISTRICT,Fatehpur,Total,472238,2632733,1384722,1248011,390089,204562,185527,651480,342892,308588,340,189,151,1512166,911003,601163,1120567,473719,646848,1063929,713736,350193,670156,521433,148723,264317,217171,47146,204936,144043,60893,26625,17164,9461,174278,143055,31223,393773,192303,201470,64441,24587,39854,220430,103924,116506,24930,9725,15205,83972,54067,29905,1568804,670986,897818,901.2718798430299,14.816884203601353,24.745388157477418,0.012914336546850745,67.42782180319303,77.19317719631236,56.580899100598224,20.61227809571414,40.411579905748134,28.06008921395725,62.9887896654758,37.0112103345242,59.58842009425187,44.10566870533654
09,173,00000,DISTRICT,Pratapgarh,Total,533546,3209141,1606085,1603056,453347,236478,216869,709252,351054,358198,723,380,343,1931559,1121381,810178,1277582,484704,792878,1066601,704569,362032,553013,419908,133105,206826,160719,46107,128274,86987,41287,35504,24975,10529,182409,147227,35182,513588,284661,228927,98920,52183,46737,258289,134952,123337,33138,17287,15851,123241,80239,43002,2142540,901516,1241024,998.1140475130519,14.126739834740823,22.100992134655346,0.022529393379723733,70.09083407540622,81.87611482710004,58.446515513419186,23.429599313680853,33.23633956875064,22.583864818197245,51.84816065239016,48.15183934760984,66.76366043124936,31.41755914348477
09,174,00000,DISTRICT,Kaushambi,Total,277851,1599596,838485,761111,272172,141512,130660,555397,291303,264094,193,102,91,813424,507279,306145,786172,331206,454966,639086,402644,236442,415312,292462,122850,112235,85520,26715,186914,120179,66735,16743,9725,7018,99420,77038,22382,223774,110182,113592,28867,12494,16373,134496,61361,73135,13748,6395,7353,46663,29932,16731,960510,435841,524669,907.7216646690161,17.015046299190544,34.72107957259208,0.012065546550504002,61.27838580589171,72.78316376674563,48.559681878528224,24.223481888217407,39.9529631231886,31.065376797865223,64.98530714176182,35.01469285823817,60.0470368768114,46.80888018200993
09,175,00000,DISTRICT,Allahabad,Total,976733,5954391,3131807,2822584,885355,467694,417661,1309851,687076,622775,7955,4270,3685,3665727,2199340,1466387,2288664,932467,1356197,2111907,1426110,685797,1286732,981133,305599,337502,258014,79488,234806,154452,80354,107231,66099,41132,607193,502568,104625,825175,444977,380198,136781,65625,71156,306340,151210,155130,78646,34769,43877,303408,193373,110035,3842484,1705697,2136787,901.2637113334251,14.868942936397694,21.998068316306405,0.13359888525963445,72.31605772774152,82.55430606734775,60.974384626867476,21.579921440480277,35.468060461598846,24.29677912154253,60.92749349284793,39.07250650715206,64.53193953840116,27.09910995133782
09,176,00000,DISTRICT,Bara Banki,Total,579058,3260699,1707073,1553626,519867,269084,250783,864559,453168,411391,610,333,277,1692458,1010518,681940,1568241,696555,871686,1192850,871241,321609,834294,677923,156371,385472,332055,53417,226170,170454,55716,51437,35091,16346,171215,140323,30892,358556,193318,165238,73007,34088,38919,195803,108097,87706,25798,11713,14085,63948,39420,24528,2067849,835832,1232017,910.1110497324953,15.943421947257322,26.51452955332584,0.018707645201228324,61.74978984483543,70.27299930667064,52.34245415602648,17.930545150644164,36.58264684964788,20.70054182924333,69.941233181037,30.05876681896299,63.41735315035212,51.27568428553464
09,177,00000,DISTRICT,Faizabad,Total,423375,2470996,1259628,1211368,360082,186440,173642,555047,281284,273763,931,469,462,1450901,838339,612562,1020095,421289,598806,831209,597888,233321,496579,404279,92300,193323,164309,29014,105778,79902,25876,25075,17761,7314,172403,142307,30096,334630,193609,141021,67083,34572,32511,166956,95514,71442,18430,9246,9184,82161,54277,27884,1639787,661740,978047,961.687101271169,14.572342488615927,22.462480716277973,0.03767711481524049,68.73330699403198,78.11669530408464,59.02926205954173,19.087433244542915,33.638621835081885,19.260951255109926,59.74177372959147,40.25822627040853,66.36137816491812,35.98385003049774
09,178,00000,DISTRICT,Ambedkar Nagar,Total,368728,2397888,1212410,1185478,339229,175552,163677,591125,298240,292885,746,406,340,1486939,846676,640263,910949,365734,545215,787398,547406,239992,440998,349437,91561,159824,134546,25278,109764,79204,30560,34788,26211,8577,136622,109476,27146,346400,197969,148431,53990,30893,23097,191356,108624,82732,23732,11561,12171,77322,46891,30431,1610490,665004,945486,977.7863923920125,14.146991018763178,24.65190200709958,0.03111071075880108,72.22852351943668,81.65785478821593,62.66024402011742,18.99761076809851,32.837146689086396,20.244323386853235,56.00700027178124,43.99299972821877,67.1628533109136,34.237831439754736
09,179,00000,DISTRICT,Sultanpur,Total,623523,3797117,1914586,1882531,563373,293043,270330,851587,431438,420149,696,358,338,2239902,1300248,939654,1557215,614338,942877,1242632,869838,372794,690967,548315,142652,250044,211950,38094,189727,139311,50416,46363,32198,14165,204833,164856,39977,551665,321523,230142,88846,50460,38386,311907,178808,133099,39422,20147,19275,111490,72108,39382,2554485,1044748,1509737,983.2574770733726,14.836861755905861,22.427199372576613,0.018329695924565927,69.2665220252438,80.18584767718154,58.28392365468078,21.901924022500765,32.72567055479196,19.802808028128087,55.60511881232738,44.39488118767262,67.27432944520804,35.390284492915036
09,180,00000,DISTRICT,Bahraich,Total,603754,3487731,1843884,1643847,654794,338419,316375,509307,270226,239081,11159,5606,5553,1398368,878285,520083,2089363,965599,1123764,1152160,895576,256584,743452,640148,103304,359978,324825,35153,223291,185664,37627,19733,14335,5398,140450,115324,25126,408708,255428,153280,70249,40558,29691,259606,166637,92969,18232,8173,10059,60621,40060,20561,2335571,948308,1387263,891.5132405292306,18.77421165795183,14.602817705837978,0.3199501337689174,49.361069448420494,58.339782060692215,39.1784534815047,19.16132857918752,33.03465777607275,15.608751909393028,64.52680183307874,35.47319816692126,66.96534222392725,50.62395847798917
09,181,00000,DISTRICT,Shrawasti,Total,188289,1117361,593897,523464,211706,109818,101888,189334,101785,87549,5534,2889,2645,423313,276700,146613,694048,317197,376851,403755,293981,109774,232762,192781,39981,126006,111317,14689,67766,53088,14678,8927,5854,3073,30063,22522,7541,170993,101200,69793,37443,21350,16093,97352,60880,36472,9567,3891,5676,26631,15079,11552,713606,299916,413690,881.4053615357545,18.94696521536012,16.944747489844374,0.49527413253192115,46.741087941876316,57.16009163793513,34.77735924246162,22.38273239547351,36.13469594875783,20.970687573548517,57.649317036321534,42.35068296367847,63.86530405124217,47.99247068147763
09,182,00000,DISTRICT,Balrampur,Total,323881,2148665,1114721,1033944,394710,202424,192286,277212,145928,131284,24887,12657,12230,868357,544943,323414,1280308,569778,710530,760253,534332,225921,458727,367929,90798,220491,184694,35797,143090,106192,36898,15642,11420,4222,79504,65623,13881,301526,166403,135123,56123,26030,30093,185678,104009,81669,14274,6575,7699,45451,29789,15662,1388412,580389,808023,927.5361278741497,18.370011146456054,12.901592384108271,1.1582540786953759,49.50851076566959,59.73306938420273,38.42582141439872,21.30724796980401,35.382574761537974,21.850409693368306,60.338729344047316,39.66127065595269,64.61742523846202,47.82368501012163
09,183,00000,DISTRICT,Gonda,Total,541247,3433919,1787146,1646773,572386,297178,275208,531973,276656,255317,870,476,394,1679994,1034181,645813,1753925,752965,1000960,1170552,855848,314704,739663,604204,135459,353737,309600,44137,200475,156742,43733,36208,22907,13301,149243,114955,34288,430889,251644,179245,86603,47845,38758,231057,139938,91119,29091,13041,16050,84138,50820,33318,2263367,931298,1332069,921.454094964821,16.668593522444763,15.491716607176814,0.025335484034422477,58.70957979516574,69.40961148158887,47.08584718915983,22.32376429242904,34.0879327671969,19.11034489878083,63.18924746615272,36.81075253384728,65.91206723280311,47.346209309795725
09,184,00000,DISTRICT,Siddharthnagar,Total,379351,2559297,1295095,1264202,485138,250683,234455,408763,208990,199773,12021,6087,5934,1228926,740718,488208,1330371,554377,775994,878898,583633,295265,447943,347611,100332,207247,167478,39769,133485,97056,36429,17712,13227,4485,89499,69850,19649,430955,236022,194933,91113,46566,44547,262508,143762,118746,18044,9554,8490,59290,36140,23150,1680399,711462,968937,976.1461514406279,18.955908595211888,15.971690663490795,0.46969929633020313,59.24936323589465,70.92201161993543,47.41048043839894,23.51153118153649,34.341383590884526,23.35584028501774,50.96643751607126,49.03356248392874,65.65861640911547,38.76809368095046
09,185,00000,DISTRICT,Basti,Total,382212,2464464,1255272,1209192,390969,202683,188286,513959,262534,251425,3620,1876,1744,1393783,819719,574064,1070681,435553,635128,783688,558642,225046,443724,360797,82927,218487,186320,32167,94482,70520,23962,20155,14818,5337,110600,89139,21461,339964,197845,142119,78441,42375,36066,187778,108798,78980,16701,8979,7722,57044,37693,19351,1680776,696630,984146,963.2908246180908,15.864260950859904,20.854798447045685,0.14688792370267936,67.2190190957779,77.8764551026089,56.2308380987084,21.645617003900497,31.799531257100938,18.61127099749254,56.61998142117781,43.38001857882218,68.20046874289906,39.93540796847725
09,186,00000,DISTRICT,Sant Kabir Nagar,Total,256645,1715183,869656,845527,283912,146188,137724,369039,187413,181626,1593,823,770,954949,567098,387851,760234,302558,457676,539469,383482,155987,265453,218934,46519,103586,90645,12941,72795,56161,16634,15539,11473,4066,73533,60655,12878,274016,164548,109468,46018,27615,18403,169030,99451,69579,13345,7432,5913,45623,30050,15573,1175714,486174,689540,972.2545466253323,16.55286928566806,21.516013160111775,0.09287638695113,66.7203485573312,78.38605162909762,54.79646172734503,23.58958990175259,31.452562204732672,18.44849425269684,49.2063492063492,50.79365079365079,68.54743779526733,32.6952985250311
09,187,00000,DISTRICT,Mahrajganj,Total,426565,2684703,1381754,1302949,423537,219357,204180,492976,254426,238550,16435,8361,8074,1419144,881674,537470,1265559,500080,765479,994253,659465,334788,439293,343119,96174,152058,128363,23695,154252,110900,43352,19006,14046,4960,113977,89810,24167,554960,316346,238614,77789,45679,32110,378234,212593,165641,24009,12066,11943,74928,46008,28920,1690450,722289,968161,942.9674167760686,15.775934991691818,18.3624035880319,0.6121719981688849,62.761601757677234,75.84964517286262,48.91565015030457,26.93399502255805,37.03400338882923,25.694635783902513,44.183220970919876,55.816779029080124,62.96599661117077,30.80805388568101
09,188,00000,DISTRICT,Gorakhpur,Total,692960,4440895,2277777,2163118,628442,329252,299190,936061,481123,454938,18172,9261,8911,2700328,1593890,1106438,1740567,683887,1056680,1351629,1016876,334753,746381,616241,130140,174804,148592,26212,163544,127332,36212,43134,32109,11025,364899,308208,56691,605248,400635,204613,80856,53841,27015,291387,188108,103279,39831,23035,16796,193174,135651,57523,3089266,1260901,1828365,949.6618852503999,14.151246539267422,21.078206082332503,0.4091967947902394,70.82914858229073,81.79982294299533,59.36055469953775,22.439268243457583,30.435959418090274,15.475484925001782,55.220848324503244,44.779151675496756,69.56404058190972,25.03260880019591
09,189,00000,DISTRICT,Kushinagar,Total,561062,3564544,1818055,1746489,568581,294828,273753,544231,278947,265284,80269,41003,39266,1954820,1183722,771098,1609724,634333,975391,1116973,804857,312116,523258,422820,100438,176058,151577,24481,177147,138216,38931,25260,18814,6446,144793,114213,30580,593715,382037,211678,89628,57644,31984,351241,224630,126611,31789,17870,13919,121057,81893,39164,2447571,1013198,1434373,960.6359543578164,15.951016455400746,15.267899624748635,2.2518728903332375,65.24846935693131,77.7114638855535,52.358195902048976,25.353267983504523,31.33564910406492,17.87105444122465,46.84607416651969,53.15392583348031,68.66435089593507,31.621623799321917
09,190,00000,DISTRICT,Deoria,Total,468346,3100946,1537436,1563510,464516,241353,223163,468663,235694,232969,109894,54216,55678,1875239,1079288,795951,1225707,458148,767559,876246,639073,237173,455382,375569,79813,150884,129207,21677,85751,64713,21038,25061,17991,7070,193686,163658,30028,420864,263504,157360,87353,54555,32798,205265,121948,83317,25357,14177,11180,102889,72824,30065,2224700,898363,1326337,1016.959405139466,14.979815836844626,15.11354922014121,3.5438862850239894,71.12796470985386,83.27306198754246,59.38395057399315,23.889111413549315,28.257376942391126,15.16926658607876,51.9696523578995,48.03034764210051,71.74262305760887,27.0055441051942
09,191,00000,DISTRICT,Azamgarh,Total,665232,4613913,2285004,2328909,706085,367885,338200,1171378,579586,591792,9327,4690,4637,2771917,1559414,1212503,1841996,725590,1116406,1372032,941890,430142,784272,611015,173257,311060,255685,55375,153665,106765,46900,71164,47549,23615,248383,201016,47367,587760,330875,256885,114570,61766,52804,298390,162386,136004,44827,20684,24143,129973,86039,43934,3241881,1343114,1898767,1019.2144083774033,15.303387818539274,25.38795161503912,0.20214945535383957,70.93242077184564,81.34153383279806,60.908098571915836,20.433435260882227,29.736841591941594,18.46967829142315,57.16134900643717,42.83865099356283,70.26315840805842,33.87129454706596
09,192,00000,DISTRICT,Mau,Total,324424,2205968,1114709,1091259,341182,177105,164077,474537,241498,233039,22915,11464,11451,1363044,773082,589962,842924,341627,501297,696747,475413,221334,396438,301006,95432,101295,84110,17185,67343,47981,19362,87570,56973,30597,140230,111942,28288,300309,174407,125902,43930,25684,18246,145000,79542,65458,31044,15030,16014,80335,54151,26184,1509221,639296,869925,978.9631195226737,15.466316827805299,21.511508779819106,1.0387730012402718,73.09385634598287,82.45293322127465,63.629578658774655,18.823354562499993,31.584637673801254,20.282444405956788,56.89841506314344,43.10158493685656,68.41536232619875,24.20362053944976
09,193,00000,DISTRICT,Ballia,Total,480268,3239774,1672902,1566872,471852,248293,223559,494698,257624,237074,110114,56817,53297,1963590,1160960,802630,1276184,511942,764242,1019483,723060,296423,569522,445393,124129,153930,129503,24427,161192,119725,41467,38130,25852,12278,216270,170313,45957,449961,277667,172294,52298,34227,18071,223240,137678,85562,34064,17766,16298,140359,87996,52363,2220291,949842,1270449,936.6191205462126,14.564349241644633,15.269521886403187,3.39881732491217,70.94094414510236,81.4932377936683,59.75003591865783,21.74320187501047,31.467719661927035,18.91813753771846,55.86380547787457,44.136194522125436,68.53228033807297,30.90998084323132
09,194,00000,DISTRICT,Jaunpur,Total,663513,4494204,2220465,2273739,676216,352561,323655,990345,494226,496119,4736,2363,2373,2731677,1565394,1166283,1762527,655071,1107456,1437375,934157,503218,896547,664609,231938,386912,290582,96330,203295,133390,69905,51437,34985,16452,254903,205652,49251,540828,269548,271280,153850,61606,92244,233497,116197,117300,36967,18535,18432,116514,73210,43304,3056829,1286308,1770521,1023.9922718889962,15.046401987982744,22.036049097904765,0.10538017410869643,71.54755331865894,83.80484221887207,59.806808322103045,23.998033896769023,31.982860591108015,22.13173983469519,62.37391077484998,37.62608922515001,68.01713940889199,41.06144882163667
09,195,00000,DISTRICT,Ghazipur,Total,546664,3620268,1855075,1765193,558559,292774,265785,726641,375015,351626,28712,14664,14048,2197549,1293553,903996,1422719,561522,861197,1204602,808700,395902,766881,581125,185756,274535,218661,55874,219929,149161,70768,38249,23498,14751,234168,189805,44363,437721,227575,210146,94408,41975,52433,216005,109213,106792,30005,14029,15976,97303,62358,34945,2415666,1046375,1369291,951.5480506178995,15.42866439722142,20.071469846983703,0.7930904562866616,71.77524056009243,82.79793714527483,60.29019453010789,22.50774261516694,33.273834975753175,22.42825572047929,63.66260391398985,36.33739608601015,66.72616502424682,41.047914580915524
09,196,00000,DISTRICT,Chandauli,Total,296804,1952756,1017905,934851,309597,162019,147578,446786,235161,211625,41725,21571,20154,1174606,699454,475152,778150,318451,459699,652543,462971,189572,341927,273276,68651,92042,79780,12262,81869,61290,20579,31169,20475,10694,136847,111731,25116,310616,189695,120921,33938,20699,13239,166805,99084,67721,27383,12843,14540,82490,57069,25421,1300213,554934,745279,918.4069240253266,15.854361732853464,22.879765828398426,2.136723686932725,71.4846219994535,81.72279953171333,60.35415923066078,21.368640301052558,33.41651491532993,20.278311730960336,52.39915223977577,47.60084776022423,66.58348508467007,26.6512704909868
09,197,00000,DISTRICT,Varanasi,Total,560162,3676841,1921857,1754984,497151,263762,233389,486958,256483,230475,28617,14992,13625,2403903,1389116,1014787,1272938,532741,740197,1220708,921234,299474,920761,750828,169933,151854,116682,35172,98334,66746,31588,131931,103292,28639,538642,464108,74534,299947,170406,129541,46098,18269,27829,83812,41301,42511,36833,19693,17140,133204,91143,42061,2456133,1000623,1455510,913.1709591296334,13.521144917607261,13.243923248244894,0.7783039843169721,75.60180394944162,83.77782937648325,66.6923195725538,17.085509803929455,33.19991264240145,17.064201155110243,75.42843988898245,24.57156011101754,66.80008735759854,20.495319109893604
09,198,00000,DISTRICT,Sant Ravidas Nagar (Bhadohi),Total,222403,1578213,807099,771114,258583,135979,122604,353103,182617,170486,1873,986,887,910146,546782,363364,668067,260317,407750,470608,343155,127453,286978,237468,49510,67232,55437,11795,36116,25592,10524,38963,28786,10177,144667,127653,17014,183630,105687,77943,27170,13814,13356,68303,34247,34056,23702,12224,11478,64455,45402,19053,1107605,463944,643661,955.4143915430449,16.384543784647573,22.373595959480756,0.11867853071797026,68.96978698574601,81.47305995947075,56.03059320596444,25.442466753506302,29.819042169846526,16.528425109646562,60.98026382891919,39.019736171080815,70.18095783015347,21.960527657838373
09,199,00000,DISTRICT,Mirzapur,Total,394925,2496970,1312302,1184668,410621,215841,194780,661129,347436,313693,20132,10480,9652,1428683,865837,562846,1068287,446465,621822,881996,613061,268935,537091,420679,116412,142314,118929,23385,151210,102735,48475,45028,32594,12434,198539,166421,32118,344905,192382,152523,35818,19800,16018,183162,94581,88581,35218,17554,17664,90707,60447,30260,1614974,699241,915733,902.7403753099516,16.44477106252778,26.47725042751815,0.8062571837066524,68.47766121583685,78.96651134878486,56.859563910260555,22.10694743852431,35.32265105307633,22.701296903436237,60.89494736937583,39.10505263062418,64.67734894692367,33.27951600687531
09,200,00000,DISTRICT,Sonbhadra,Total,333174,1862559,971344,891215,323092,167870,155222,421661,218996,202665,385018,197825,187193,985708,601988,383720,876851,369356,507495,730399,463611,266788,397196,293517,103679,101592,77751,23841,147315,91924,55391,14505,10142,4363,133784,113700,20084,333203,170094,163109,39415,20175,19240,223946,108312,115634,14912,6961,7951,54930,34646,20284,1132160,507733,624427,917.5070829695761,17.346671971196617,22.638799629971455,20.671452555328447,64.02917373350647,74.92314623746381,52.136365427388576,22.786780810075236,39.21481145026815,29.935313027720582,54.380687815837646,45.619312184162354,60.78518854973185,34.078222998662376
09,201,00000,DISTRICT,Etah,Total,290683,1774480,947339,827141,284227,151291,132936,281011,150631,130380,140,87,53,1055202,647042,408160,719278,300297,418981,545984,440244,105740,415476,362371,53105,213966,199161,14805,80122,71660,8462,18297,10724,7573,103091,80826,22265,130508,77873,52635,28430,14515,13915,51657,35727,15930,10099,4045,6054,40322,23586,16736,1228496,507095,721401,873.1203930166498,16.01748117758442,15.836244984446148,0.007889635273432217,70.80690325736637,81.28178200309529,58.79531262379268,22.486469379302605,30.768675893782966,12.783793815081104,76.09673543547063,23.903264564529366,69.23132410621703,53.86384949009495
09,202,00000,DISTRICT,Kanshiram Nagar,Total,237903,1436719,764165,672554,248759,131396,117363,254299,135812,118487,150,80,70,724850,452803,272047,711869,311362,400507,472765,375213,97552,354257,315043,39214,190566,179223,11343,63666,57322,6344,14849,6917,7932,85176,71581,13595,118508,60170,58338,38522,12834,25688,43428,28766,14662,7643,2306,5337,28915,16264,12651,963954,388952,575002,880.1162052698043,17.314380891461724,17.699981694402315,0.010440454953265043,61.01636418734637,71.55897333782154,49.00061420304003,22.55835913478151,32.90587790653566,14.50470891556663,74.93300053938003,25.06699946061997,67.09412209346435,53.775554450942856
10,203,00000,DISTRICT,Pashchim Champaran,Total,710461,3935042,2061110,1873932,776031,397418,378613,553944,289191,264753,250046,127680,122366,1759481,1091226,668255,2175561,969884,1205677,1478947,999282,479665,797544,627289,170255,155114,133362,21752,464772,347032,117740,19043,13367,5676,158615,133528,25087,681403,371993,309410,62425,35799,26626,534061,284796,249265,19648,8414,11234,65269,42984,22285,2456095,1061828,1394267,909.1858270543543,19.721034743720654,14.07720679982577,6.3543413259629755,55.69721029777991,65.59062614955172,44.68979528782822,20.900830861723506,37.58402070422628,25.59671322118412,53.92647606709369,46.07352393290632,62.41597929577372,41.91401044121257
10,204,00000,DISTRICT,Purba Champaran,Total,981516,5099371,2681209,2418162,1018297,526835,491462,649726,340363,309363,12461,6454,6007,2276957,1407603,869354,2822414,1273606,1548808,1737539,1260774,476765,1132789,923468,209321,275256,242564,32692,615189,484385,130804,26401,16006,10395,215943,180513,35430,604750,337306,267444,73776,42548,31228,442228,242257,199971,19763,8016,11747,68983,44485,24498,3361832,1420435,1941397,901.8923925736487,19.96907069518966,12.74129691681582,0.2443634714948177,55.79308289925642,65.33698420051486,45.12139928374941,20.21558491676545,34.07359456685932,19.716007446978328,65.19502583826895,34.804974161731046,65.92640543314067,51.24748279031435
10,205,00000,DISTRICT,Sheohar,Total,150144,656246,346673,309573,128698,66728,61970,96655,51089,45566,318,177,141,283698,171645,112053,372548,175028,197520,216372,166693,49679,137804,116164,21640,30496,27133,3363,82108,69809,12299,3475,2190,1285,21725,17032,4693,78568,50529,28039,8231,5869,2362,54226,37283,16943,5644,1433,4211,10467,5944,4523,439874,179980,259894,892.9827243540743,19.611243344721338,14.728470725916806,0.04845743821676628,53.77671794794028,61.31382950222365,45.255105955905215,16.058723546318433,32.97117239571746,16.047588129455733,63.688462462795556,36.311537537204444,67.02882760428254,52.04185384430517
10,206,00000,DISTRICT,Sitamarhi,Total,736322,3423574,1803252,1620322,663227,343555,319672,405714,213624,192090,2989,1585,1404,1436794,885188,551606,1986780,918064,1068716,1114583,865929,248654,753645,645469,108176,175741,158255,17486,390952,333087,57865,21401,13718,7683,165551,140409,25142,360938,220460,140478,40271,23947,16324,244955,155029,89926,16531,6104,10427,59181,35380,23801,2308991,937323,1371668,898.5554986213796,19.37235765898444,11.850598234476603,0.08730642305380283,52.051209503732686,60.641900339591025,42.410025756352596,18.23187458323843,32.55612409721537,15.345962098891455,67.61676788538853,32.383232114611474,67.44387590278464,50.84349931768204
10,207,00000,DISTRICT,Madhubani,Total,898515,4487379,2329313,2158066,810479,418616,391863,587158,303389,283769,3990,2056,1934,2155338,1340085,815253,2332041,989228,1342813,1636938,1105947,530991,1074091,819625,254466,289095,237270,51825,565141,412479,152662,31871,17721,14150,187984,152155,35829,562847,286322,276525,107785,51607,56178,375501,187923,187578,23063,9414,13649,56498,37378,19120,2850441,1223366,1627075,926.481756638116,18.061300371553195,13.084653647485537,0.08891604653852504,58.618346977073074,70.13592422032379,46.15851065817463,23.97741356214916,36.478710623729356,24.604947207360663,65.61586327643441,34.38413672356558,63.52128937627065,52.184994178154575
10,208,00000,DISTRICT,Supaul,Total,443073,2229076,1155283,1073793,437357,224953,212404,354249,182545,171704,10168,5242,4926,1033283,647672,385611,1195793,507611,688182,877682,551718,325964,472649,356247,116402,142606,117552,25054,251652,178136,73516,10180,5624,4556,68211,54935,13276,405033,195471,209562,59276,27746,31530,302619,144319,158300,12375,4445,7930,30763,18961,11802,1351394,603565,747829,929.4631704958871,19.620551295693822,15.892190306656213,0.4561531325087166,57.66992480405688,69.6174475723668,44.76618577669322,24.85126179567358,39.37425193219074,30.35631634775045,53.85196460677102,46.14803539322898,60.62574806780926,44.920369792248216
10,209,00000,DISTRICT,Araria,Total,568142,2811569,1463333,1348236,577886,295315,282571,382654,198247,184407,38848,19887,18961,1195768,727643,468125,1615801,735690,880111,1069893,708391,361502,696410,537151,159259,170879,147672,23207,414626,301856,112770,12005,7209,4796,98900,80414,18486,373483,171240,202243,52034,23318,28716,277321,126784,150537,12362,3420,8942,31766,17718,14048,1741676,754942,986734,921.3459957507963,20.553861562707514,13.609980761631673,1.3817196021154026,53.53346916281316,62.297241994558306,43.927969859195905,18.3692721353624,38.05323646689802,26.812961528990474,65.09155588456042,34.90844411543958,61.94676353310198,54.72556601454538
10,210,00000,DISTRICT,Kishanganj,Total,338445,1690400,866970,823430,346904,175962,170942,113118,57964,55154,64224,32506,31718,745056,439921,305135,945344,427049,518295,529064,421192,107872,384416,334500,49916,90347,84261,6086,220301,191135,29166,5832,3725,2107,67936,55379,12557,144648,86692,57956,17515,10549,6966,101566,63678,37888,5801,1708,4093,19766,10757,9009,1161336,445778,715558,949.7791157710186,20.522006625650732,6.691788925698059,3.7993374349266444,55.45651047714322,63.663662359914795,46.76484471745074,16.898817642464053,31.29815428300994,13.100324253427736,72.65964042157471,27.340359578425293,68.70184571699006,58.716525788940466
10,211,00000,DISTRICT,Purnia,Total,647777,3264619,1699370,1565249,656510,335955,320555,390991,203201,187790,139490,71391,68099,1332326,805261,527065,1932293,894109,1038184,1143318,803275,340043,776385,600719,175666,160724,137994,22730,474573,351814,122759,15717,9339,6378,125371,101572,23799,366933,202556,164377,36700,20438,16262,270442,149616,120826,13123,4811,8312,46668,27691,18977,2121301,896095,1225206,921.0760458287482,20.10985049097613,11.976619630039524,4.272780376515605,51.08398460340423,59.06206107458111,42.344945826042384,16.717115248538725,35.02148336452125,21.724530729615545,67.90630428279796,32.09369571720204,64.97851663547874,55.56608047804723
10,212,00000,DISTRICT,Katihar,Total,619076,3071029,1600430,1470599,620332,316391,303941,263100,136429,126671,179971,92190,87781,1280190,762256,517934,1790839,838174,952665,1013566,760522,253044,667602,555631,111971,139059,125129,13930,399923,324095,75828,10823,7037,3786,117797,99370,18427,345964,204891,141073,29798,19460,10338,272368,160172,112196,9754,3606,6148,34044,21653,12391,2057463,839908,1217555,918.8774266915767,20.199483625846582,8.567161039508257,5.8602833122057785,52.23779194245556,59.36392897723511,44.394672646139654,14.969256331095458,33.004116861156305,17.206866045740547,65.86665298559738,34.13334701440262,66.9958831388437,53.17680348393691
10,213,00000,DISTRICT,Madhepura,Total,401289,2001762,1047559,954203,404576,209571,195005,346275,179337,166938,12532,6442,6090,834577,517666,316911,1167185,529893,637292,777546,496046,281500,443507,335057,108450,135741,113332,22409,238882,168680,70202,8115,5102,3013,60769,47943,12826,334039,160989,173050,55068,26155,28913,245180,115442,129738,8232,3367,4865,25559,16025,9534,1224216,551513,672703,910.8823464835871,20.2109941141854,17.29851001267883,0.626048451314392,52.25296239761681,61.774870284538686,41.74286549753819,20.032004787000496,38.84307924718323,29.50106004697114,57.03932629066318,42.96067370933681,61.15692075281677,48.18017197696342
10,214,00000,DISTRICT,Saharsa,Total,368979,1900661,997174,903487,387479,200497,186982,317249,164518,152731,6009,3101,2908,804996,506374,298622,1095665,490800,604865,649898,456724,193174,363326,296934,66392,118840,103586,15254,155772,118188,37584,8365,5584,2781,80349,69576,10773,286572,159790,126782,45760,24752,21008,201061,110264,90797,10286,4044,6242,29465,20730,8735,1250763,540450,710313,906.0474902073258,20.386539209254043,16.69150890137694,0.3161531698709028,53.198888170755396,63.560765529819484,41.67758773490764,21.883177794911845,34.19326223876851,21.38093851931461,55.90508048955375,44.09491951044625,65.80673776123149,42.25463072666788
10,215,00000,DISTRICT,Darbhanga,Total,803012,3937385,2059949,1877436,725482,375682,349800,615688,322327,293361,2772,1361,1411,1816634,1125566,691068,2120751,934383,1186368,1223640,947927,275713,731347,619269,112078,179408,157601,21807,301524,247834,53690,24015,16468,7547,226400,197366,29034,492293,328658,163635,57265,41117,16148,340591,224202,116389,20831,10313,10518,73606,53026,20580,2713745,1112022,1601723,911.3992627972829,18.425477823479287,15.636977333941182,0.07040205618703785,56.559429098574896,66.82824041556357,45.237739880442724,21.590500535120846,31.07747908827813,14.685613783905282,59.76815076329639,40.2318492367036,68.92252091172186,39.30338988591416
10,216,00000,DISTRICT,Muzaffarpur,Total,945703,4801062,2527497,2273565,845335,441339,403996,751975,393135,358840,5979,3124,2855,2509232,1487117,1022115,2291830,1040380,1251450,1547586,1195308,352278,910304,758127,152177,198918,175463,23455,366307,298560,67747,34933,22062,12871,310146,262042,48104,637282,437181,200101,74518,53476,21042,402694,277885,124809,30320,14486,15834,129750,91334,38416,3253476,1332189,1921287,899.5322249640652,17.607250229220117,15.66268046528039,0.12453494664305521,63.43289109688307,71.28496499306381,54.67115682812456,16.61380816493925,32.23424317369782,15.494520719662733,58.82089912935372,41.17910087064629,67.76575682630218,36.52301067598182
10,217,00000,DISTRICT,Gopalganj,Total,413044,2562012,1267666,1294346,449530,230014,219516,320064,159265,160799,60807,29833,30974,1382998,793905,589093,1179014,473761,705253,728201,539586,188615,363111,300336,62775,138969,120197,18772,108576,84113,24463,12455,9186,3269,103111,86840,16271,365090,239250,125840,69990,46553,23437,230090,145901,84189,13594,8517,5077,51416,38279,13137,1833811,728080,1105731,1021.0465532719186,17.54597558481381,12.492681533107573,2.3734080870815593,65.46791877989966,76.50975471545374,54.80801615139138,21.70173856406236,28.42301285083754,14.572224119362213,49.8641171874249,50.1358828125751,71.57698714916245,33.99404834654168
10,218,00000,DISTRICT,Siwan,Total,535661,3330464,1675090,1655374,551418,284188,267230,386685,195965,190720,87000,43472,43528,1930175,1115906,814269,1400289,559184,841105,932416,730396,202020,462104,401635,60469,164947,148208,16739,112244,92682,19562,15900,11953,3947,169013,148792,20221,470312,328761,141551,99981,65321,34660,264100,181431,82669,15344,9429,5915,90887,72580,18307,2398048,944694,1453354,988.2298861553708,16.55679208662817,11.610544356582146,2.612248623615208,69.45458981247522,80.22894495802004,58.65882790258071,21.570117055439326,27.996579455595377,12.203888668059303,49.5598531127737,50.4401468872263,72.00342054440463,29.728254341409844
10,219,00000,DISTRICT,Saran,Total,631097,3951862,2022821,1929041,681142,353738,327404,474066,242976,231090,36786,18322,18464,2157454,1285767,871687,1794408,737054,1057354,1040231,857660,182571,545520,476379,69141,163778,150703,13075,172248,146432,25816,22398,17249,5149,187096,161995,25101,494711,381281,113430,68319,53794,14525,321213,249101,72112,19705,12786,6919,85474,65600,19874,2911631,1165161,1746470,953.6390021657872,17.23597635747402,11.996016055216502,0.9308523425160089,65.96266265531749,77.0343356202178,54.42475417338636,22.60958144683144,26.32255377338581,9.464340052907119,52.442197934881776,47.557802065118224,73.67744622661418,32.30301731057813
10,220,00000,DISTRICT,Vaishali,Total,626087,3495021,1844535,1650486,601893,316129,285764,738031,387827,350204,2274,1232,1042,1926740,1152576,774164,1568281,691959,876322,1060344,858648,201696,716006,622933,93073,206593,188152,18441,285634,243893,41741,22657,15730,6927,201122,175158,25964,344338,235715,108623,48424,31388,17036,217003,150888,66115,14301,7510,6791,64610,45929,18681,2434677,985887,1448790,894.7978758874187,17.22144158790462,21.116639928629898,0.06506398673999383,66.5971225607716,75.41032945434655,56.72686451892767,18.683464935418883,30.338701827542668,12.220400536569228,67.5258218087715,32.47417819122851,69.66129817245734,46.42144436145251
10,221,00000,DISTRICT,Samastipur,Total,835493,4261566,2230003,2031563,797381,414586,382795,803128,417944,385184,1884,975,909,2142880,1293575,849305,2118686,936428,1182258,1343400,1037576,305824,907433,771593,135840,245169,221985,23184,420585,350155,70430,28986,19188,9798,212693,180265,32428,435967,265983,169984,53870,31959,21911,301044,183911,117133,18931,8378,10553,62122,41735,20387,2918166,1192427,1725739,911.0135726274807,18.710985586049823,18.845842115316294,0.044209100598230786,61.85812824661501,71.25497888363941,51.51149221721916,19.743486666420253,31.523623006190682,15.053631120472266,67.54749143963079,32.45250856036922,68.47637699380932,49.55739169271997
10,222,00000,DISTRICT,Begusarai,Total,589667,2970541,1567660,1402881,545965,284517,261448,432270,227481,204789,1597,848,749,1548673,918507,630166,1421868,649153,772715,938182,715345,222837,591811,491066,100745,114779,102813,11966,225638,183096,42542,35795,22682,13113,215599,182475,33124,346371,224279,122092,31256,20319,10937,205232,132988,72244,22372,9794,12578,87511,61178,26333,2032359,852315,1180044,894.888560019392,18.379312051239154,14.55189475587107,0.05376125089672218,63.87397219142647,71.58259056083382,55.20832146959129,16.37426909124253,31.58286655528404,15.884241072478705,63.08061762003534,36.91938237996465,68.41713344471596,36.28475072000955
10,223,00000,DISTRICT,Khagaria,Total,328823,1666886,883786,783100,340880,177007,163873,247161,130191,116970,675,352,323,768028,461153,306875,898858,422633,476225,560805,398216,162589,306283,252177,54106,75365,66889,8476,145787,117532,28255,10847,6320,4527,74284,61436,12848,254522,146039,108483,29152,16931,12221,179944,102954,76990,9969,3776,6193,35457,22378,13079,1106081,485570,620511,886.0742306395439,20.450108765686437,14.827708673538561,0.04049467090130939,57.92040156681041,65.24712816877695,49.55775507204951,15.689373096727444,33.64387246638342,20.762227046354234,54.61488396144828,45.38511603855173,66.35612753361657,39.43474113105268
10,224,00000,DISTRICT,Bhagalpur,Total,564711,3037766,1615663,1422103,546382,281937,264445,318569,169667,148902,67180,35545,31635,1573066,937669,635397,1464700,677994,786706,983528,740056,243472,534129,451588,82541,92720,82585,10135,186542,153588,32954,35072,24835,10237,219795,190580,29215,449399,288468,160931,42441,28200,14241,288686,184118,104568,25389,11697,13692,92883,64453,28430,2054238,875607,1178631,880.1977887715445,17.98630967625551,10.486949949403607,2.2114935778463516,63.14024654569509,70.30447033348679,54.88641723203226,15.418053101454532,32.376687341948,17.12056018445921,54.30745235519476,45.69254764480523,67.623312658052,28.3939043931642
10,225,00000,DISTRICT,Banka,Total,381601,2034763,1067140,967623,375282,193179,182103,247858,129663,118195,90432,45901,44531,965321,590961,374360,1069442,476179,593263,771080,517817,253263,374097,295336,78761,106751,89193,17558,183546,140131,43415,11665,7654,4011,72135,58358,13777,396983,222481,174502,65689,37826,27863,279068,155667,123401,15015,6206,8809,37211,22782,14429,1263683,549323,714360,906.7441947635737,18.443523889514406,12.181172942499938,4.444350521412075,58.170054372421255,67.61869236727954,47.65760260719014,19.961089760089394,37.895322452786885,26.1737267510177,48.51597758987394,51.48402241012606,62.104677547213115,37.64810395808477
10,226,00000,DISTRICT,Munger,Total,263171,1367765,729041,638724,229860,119611,110249,183846,97195,86651,21404,10995,10409,801817,473741,328076,565948,255300,310648,426658,327453,99205,233402,198949,34453,28928,25129,3799,76183,61386,14797,8178,6032,2146,120113,106402,13711,193256,128504,64752,17025,11586,5439,120266,76216,44050,8512,4020,4492,47453,36682,10771,941107,401588,539519,876.1153350771767,16.805518491846186,13.44134409054187,1.564888705296597,70.46431819879516,77.73509672973105,62.079757793651545,15.65533893607951,31.193808877987085,15.531747671920893,54.70470493931908,45.29529506068092,68.80619112201292,24.63589104153678
10,227,00000,DISTRICT,Lakhisarai,Total,163355,1000912,526345,474567,188214,98050,90164,153209,80069,73140,8333,4247,4086,507270,305182,202088,493642,221163,272479,326576,240494,86082,201866,163186,38680,59601,52137,7464,80407,59925,20482,7108,4779,2329,54750,46345,8405,124710,77308,47402,18931,12131,6800,79563,48423,31140,6438,2704,3734,19778,14050,5728,674336,285851,388485,901.6272596870873,18.804250523522548,15.30694007065556,0.832540722860751,62.41801997790078,71.25509286823333,52.57191020881731,18.683182659416026,32.627843406812985,18.139061502380063,61.81287051099898,38.18712948900103,67.37215659318701,42.871490862770074
10,228,00000,DISTRICT,Sheikhpura,Total,100701,636342,329743,306599,121647,62710,58937,131115,67582,63533,617,305,312,328676,196431,132245,307666,133312,174354,224655,151569,73086,148002,109905,38097,42086,34148,7938,65449,44237,21212,5621,3576,2045,34846,27944,6902,76653,41664,34989,12425,7074,5351,44247,24287,19960,4296,1875,2421,15685,8428,7257,411687,178174,233513,929.8120051070076,19.116607107498798,20.604486266818785,0.09696043951208627,63.85840157763335,73.5605711653616,53.397372225048656,20.163198940312938,35.304128911811574,23.837651133891498,65.87968217934166,34.12031782065834,64.69587108818843,47.866728984442815
10,229,00000,DISTRICT,Nalanda,Total,477529,2877653,1497060,1380593,518681,268660,250021,607672,315240,292432,1442,728,714,1519933,919558,600375,1357720,577502,780218,1045420,703405,342015,740949,545915,195034,183781,149412,34369,342861,234691,108170,33230,20374,12856,181077,141438,39639,304471,157490,146981,37459,18838,18621,191160,97045,94115,19355,8379,10976,56497,33228,23269,1832233,793655,1038578,922.2028509211387,18.02444561592381,21.11693105457816,0.05011028084345124,64.43200682331117,74.85818951481602,53.103650187692594,21.754539327123425,36.32891109525714,24.77305042108717,70.87572458916034,29.12427541083966,63.67108890474286,50.376116776032596
10,230,00000,DISTRICT,Patna,Total,975578,5838465,3078512,2759953,943552,494228,449324,920918,482088,438830,9069,4717,4352,3459679,2028047,1431632,2378786,1050465,1328321,1881886,1436411,445475,1371267,1121391,249876,221694,191342,30352,399689,297656,102033,57337,40054,17283,692547,592339,100208,510619,315020,195599,49522,30125,19397,258514,155107,103407,28012,14240,13772,174571,115548,59023,3956579,1642101,2314478,896.5217611625357,16.16096011537279,15.773289725981057,0.15533192371625076,70.67907029195412,78.47616593222726,61.95854029357374,16.51762563865352,32.23254742470838,16.140673410018213,72.86663485460862,27.13336514539138,67.76745257529161,33.01916269104505
10,231,00000,DISTRICT,Bhojpur,Total,416090,2728407,1430380,1298027,459187,239364,219823,425402,222716,202686,13977,7363,6614,1599151,973486,625665,1129256,456894,672362,822493,640283,182210,512009,434666,77343,147646,133173,14473,184314,153380,30934,24686,16882,7804,155363,131231,24132,310484,205617,104867,43250,28872,14378,180561,122903,57658,23299,11043,12256,63374,42799,20575,1905914,790097,1115817,907.4700429256561,16.82985712908668,15.591588791554924,0.5122769440189825,70.47139545746997,81.73576173619834,58.02844359694455,23.707318139253793,30.145539136939615,14.037458388770032,62.250864141093,37.74913585890701,69.85446086306038,40.360221910703196
10,232,00000,DISTRICT,Buxar,Total,261660,1706352,887977,818375,295127,152626,142501,251737,131821,119916,26824,14102,12722,989807,593544,396263,716545,294433,422112,538322,402180,136142,328547,278552,49995,105122,96575,8547,114292,92169,22123,13175,8880,4295,95958,80928,15030,209775,123628,86147,27350,16992,10358,137498,80047,57451,12947,5491,7456,31980,21098,10882,1168030,485797,682233,921.6173391878393,17.295786566898272,14.75293491612516,1.5720085890836122,70.13814239401938,80.71573983036672,58.62971500605142,22.086024824315295,31.54812137237803,16.635649915992058,61.0316873544087,38.968312645591304,68.45187862762197,40.75887665746524
10,233,00000,DISTRICT,Kaimur (Bhabua),Total,250884,1626384,847006,779378,299281,154105,145176,369088,192686,176402,57981,29717,28264,920276,549923,370353,706108,297083,409025,511163,375959,135204,284646,235244,49402,94614,84100,10514,116286,91300,24986,12202,8544,3658,61544,51300,10244,226517,140715,85802,30456,19788,10668,152311,91822,60489,12678,6759,5919,31072,22346,8726,1115221,471047,644174,920.156409753886,18.40161978966837,22.69377957481136,3.565025233893103,69.34473058986379,79.36530615484752,58.39669379787512,20.968612356972393,31.429416423181735,17.347679816469032,55.68595536061882,44.31404463938118,68.57058357681827,41.25885480756627
10,234,00000,DISTRICT,Rohtas,Total,460345,2959918,1543546,1416372,506810,262474,244336,549546,286596,262950,31650,16399,15251,1799832,1061783,738049,1160086,481763,678323,924879,707939,216940,542439,465573,76866,169007,153725,15282,172526,145730,26796,24900,16769,8131,176006,149349,26657,382440,242366,140074,49080,31689,17391,233018,147716,85302,23612,10739,12873,76730,52222,24508,2035039,835607,1199432,917.609193376809,17.12243379715249,18.566257578757252,1.069286378879415,73.36945621635901,82.88238287933855,62.97152988474757,19.910852994590982,31.246777782357483,15.316597617010219,58.6497260722754,41.3502739277246,68.75322221764252,36.927316978761546
10,235,00000,DISTRICT,Aurangabad,Total,391898,2540073,1318684,1221389,455394,234256,221138,612064,316161,295903,1033,500,533,1466002,868733,597269,1074071,449951,624120,837770,599157,238613,480286,382278,98008,133101,115123,17978,202346,153820,48526,20391,13161,7230,124448,100174,24274,357484,216879,140605,45424,28614,16810,223750,136944,86806,20261,9008,11253,68049,42313,25736,1702303,719527,982776,926.218108356513,17.9283823732625,24.09631534211812,0.04066812253033673,70.32267317894025,80.10979059928368,59.711912310010185,20.3978782892735,32.98212295473398,19.536200178649064,57.329099872279976,42.67090012772002,67.01787704526602,40.040464566647174
10,236,00000,DISTRICT,Gaya,Total,688425,4391418,2266566,2124852,783059,399426,383633,1334351,683943,650408,3098,1635,1463,2297613,1368803,928810,2093805,897763,1196042,1664062,1076170,587892,1007057,734465,272592,270702,207565,63137,411942,277261,134681,49055,31200,17855,275358,218439,56919,657005,341705,315300,100057,48904,51153,371563,194141,177422,38123,15583,22540,147262,83077,64185,2727356,1190396,1536960,937.4763408610206,17.83157513131294,30.385424480202065,0.07054668901935549,63.67473413814978,73.31014278522233,53.34251464060523,19.967628144617095,37.893500459304946,27.667432837675282,60.51799752653447,39.482002473465535,62.10649954069506,41.02275035425363
10,237,00000,DISTRICT,Nawada,Total,338247,2219146,1144668,1074478,393547,202310,191237,565112,290050,275062,2045,997,1048,1091012,659474,431538,1128134,485194,642940,817041,539439,277602,508509,375966,132543,162939,128222,34717,211681,143932,67749,21031,13271,7760,112858,90541,22317,308532,163473,145059,53461,25644,27817,185824,100181,85643,18987,7992,10995,50260,29656,20604,1402105,605229,796876,938.6809100979499,17.73416440378416,25.465291603166264,0.09215256679821877,59.76186446202041,69.9812597760087,48.85846558300622,21.122794193002477,36.81781189700903,25.83598733524558,62.23788035116965,37.76211964883035,63.18218810299096,45.85082021587656
10,238,00000,DISTRICT,Jamui,Total,307082,1760405,916064,844341,324513,165945,158568,302649,155849,146800,78793,40185,38608,858588,534385,324203,901817,381679,520138,727571,452288,275283,445352,308268,137084,111049,90490,20559,179628,132453,47175,61946,16421,45525,92729,68904,23825,282219,144020,138199,45442,24177,21265,151838,86748,65090,43691,9281,34410,41248,23814,17434,1032834,463776,569058,921.7052520347924,18.433996722345142,17.192009793200995,4.47584504702043,59.79474779440237,71.24002991525344,47.27555619716728,23.96447371808616,41.329750824384156,32.60329653540454,61.21079592232236,38.78920407767764,58.670249175615844,39.951702308090894
10,239,00000,DISTRICT,Jehanabad,Total,181740,1125313,585582,539731,198785,103452,95333,222974,115034,107940,1285,667,618,618881,374412,244469,506432,211170,295262,365378,266423,98955,251690,200878,50812,70026,59990,10036,109146,81359,27787,8874,6126,2748,63644,53403,10241,113688,65545,48143,16082,8952,7130,70373,39597,30776,6201,3222,2979,21032,13774,7258,759935,319159,440776,921.7001205638151,17.66486302033301,19.81439830518265,0.11419045190093778,66.79571475443808,77.65789309937153,55.01127367809936,22.646619421272177,32.46901084409404,18.33413311445887,68.88482612527301,31.11517387472699,67.53098915590596,49.037435204090016
10,240,00000,DISTRICT,Arwal,Total,118222,700843,363497,337346,127841,65910,61931,141314,72885,68429,590,283,307,386351,235279,151072,314492,128218,186274,236354,167991,68363,161277,126761,34516,41590,35653,5937,88146,65281,22865,3891,2779,1112,27650,23048,4602,75077,41230,33847,7537,4279,3258,56552,29639,26913,2867,1311,1556,8121,6001,2120,464489,195506,268983,928.0571779134353,18.24103258504401,20.16343175290329,0.08418433229696237,67.42576814740612,79.0622574238794,54.85249532523646,24.20976209864294,33.72424351816313,20.26495052557315,68.23535882616753,31.76464117383247,66.27575648183688,54.89054553762577
11,241,00000,DISTRICT,North  District,Total,8873,43709,24730,18979,4677,2425,2252,982,536,446,28715,14741,13974,30450,18579,11871,13259,6151,7108,23359,15935,7424,17216,12677,4539,4728,2777,1951,1015,675,340,138,85,53,11335,9140,2195,6143,3258,2885,2585,1112,1473,1247,633,614,194,67,127,2117,1446,671,20350,8795,11555,767.4484431864132,10.700313436592007,2.2466768857672332,65.69585211283717,78.012912482066,83.29522528581036,70.96909188736772,12.326133398442636,53.44208286622892,39.11691869961537,73.70178517916005,26.29821482083993,46.55791713377108,24.585812748833426
11,242,00000,DISTRICT,West District,Total,28023,136435,70238,66197,15706,7996,7710,5935,3117,2818,57817,29485,28332,93432,51988,41444,43003,18250,24753,70348,40772,29576,51225,33254,17971,30728,18509,12219,3984,2503,1481,819,579,240,15694,11663,4031,19123,7518,11605,10069,3644,6425,4069,1574,2495,584,182,402,4401,2118,2283,66087,29466,36621,942.4670406332755,11.5117088723568,4.350056803606113,42.376956059662106,77.38985662102726,83.52559365058964,70.8601911535897,12.665402496999945,51.56154945578481,44.67876187742647,72.8165690566896,27.183430943310398,48.43845054421519,49.343264911582416
11,243,00000,DISTRICT,South District,Total,30543,146850,76670,70180,15744,8063,7681,6053,3058,2995,41392,21556,19836,106741,59357,47384,40109,17313,22796,74753,45300,29453,50898,35271,15627,24926,16165,8761,1456,942,514,445,316,129,24071,17848,6223,23855,10029,13826,12876,4643,8233,2732,1174,1558,559,247,312,7688,3965,3723,72097,31370,40727,915.351506456241,10.721144024514812,4.121893088185223,28.186584950629896,81.41580095495247,86.517410759835,75.81561304980879,10.701797710026213,50.9043241402792,41.96779709318894,68.08823726138081,31.91176273861919,49.09567585972081,35.292229074418415
11,244,00000,DISTRICT,East District,Total,61567,283583,151432,132151,27984,14277,13707,15305,7743,7562,78436,39479,38957,214329,121345,92984,69254,30087,39167,139678,92351,47327,111058,79311,31747,22325,13135,9190,5127,3025,2102,1486,1076,410,82120,62075,20045,28620,13040,15580,9164,3342,5822,6356,2357,3999,918,395,523,12182,6946,5236,143905,59081,84824,872.6755243277511,9.868010423756008,5.397008988550089,27.658921726619717,83.85361445076076,88.47289562903285,78.50460977339502,9.96828585563783,49.254715550650076,35.81282018297251,79.51001589369837,20.489984106301637,50.745284449349924,19.65377511132748
12,245,00000,DISTRICT,Tawang,Total,10062,49977,29151,20826,5788,2914,2874,0,0,0,34811,16770,18041,26073,17720,8353,23904,11431,12473,28561,19554,9007,24430,17869,6561,5860,2656,3204,594,307,287,66,50,16,17910,14856,3054,4131,1685,2446,1771,661,1110,987,318,669,48,14,34,1325,692,633,21416,9597,11819,714.418030256252,11.58132741060888,0.0,69.65404085879504,59.00337187987961,67.53820939894042,46.529634581105164,21.00857481783526,57.14828821257778,43.24882358590224,85.53622072056301,14.463779279436995,42.85171178742221,22.597247995518362
12,246,00000,DISTRICT,West Kameng,Total,18159,83947,46155,37792,11643,5900,5743,0,0,0,46380,22771,23609,48492,29566,18926,35455,16589,18866,42493,28313,14180,34752,24640,10112,11331,5884,5447,817,507,310,458,194,264,22146,18055,4091,7741,3673,4068,3145,1331,1814,888,427,461,343,118,225,3365,1797,1568,41454,17842,23612,818.8061965117539,13.869465257841258,0.0,55.24914529405458,67.06682894445673,73.4467767979133,59.053324596711285,14.393452201202017,50.61884284131655,37.52116850127011,81.78288188642836,18.217118113571647,49.38115715868345,28.588238062739745
12,247,00000,DISTRICT,East Kameng,Total,14508,78690,38775,39915,14626,7311,7315,0,0,0,72400,35266,37134,38449,21599,16850,40241,17176,23065,31710,16424,15286,27123,14360,12763,19266,8767,10499,443,209,234,157,70,87,7257,5314,1943,4587,2064,2523,2569,1097,1472,620,255,365,116,38,78,1282,674,608,46980,22351,24629,1029.4003868471953,18.58685982971153,0.0,92.0066082094294,60.01654595404595,68.64670734808035,51.68711656441718,16.959590783663174,40.29736942432329,38.29637980709006,85.53453169347209,14.46546830652791,59.70263057567671,62.15389467045096
12,248,00000,DISTRICT,Papum Pare,Total,35730,176573,89182,87391,25170,12729,12441,0,0,0,117216,56469,60747,121048,65794,55254,55525,23388,32137,65772,41263,24509,51157,34148,17009,11038,5787,5251,921,518,403,821,523,298,38377,27320,11057,14615,7115,7500,3066,1358,1708,938,477,461,722,257,465,9889,5023,4866,110801,47919,62882,979.9174721356327,14.25472750647041,0.0,66.38387522441144,79.95085962629538,86.05810105555048,73.72114743162108,12.336953623929404,37.24918305743234,28.045222048036983,77.77929818159703,22.22070181840297,62.75081694256767,18.1825092744633
12,249,00000,DISTRICT,Upper Subansiri,Total,15869,83448,41758,41690,12475,6332,6143,0,0,0,78323,38570,39753,45278,24807,20471,38170,16951,21219,33370,17898,15472,25717,14525,11192,17441,8651,8790,619,374,245,317,160,157,7340,5340,2000,7653,3373,4280,4249,1814,2435,1227,486,741,164,52,112,2013,1021,992,50078,23860,26218,998.371569519613,14.949429584891188,0.0,93.85845077173809,63.796091471404615,70.02484051261784,57.58854474357893,12.436295769038914,39.98897517016585,37.112017270328614,77.06622715013485,22.933772849865147,60.01102482983415,54.12046748576566
12,250,00000,DISTRICT,West Siang,Total,21231,112274,58168,54106,14855,7655,7200,0,0,0,92783,45746,47037,64746,36777,27969,47528,21391,26137,49177,29156,20021,43000,26045,16955,25883,12822,13061,617,378,239,213,119,94,16287,12726,3561,6177,3111,3066,2969,1356,1613,767,356,411,85,42,43,2356,1357,999,63097,29012,34085,930.1677898500894,13.231024101751073,0.0,82.63979193758128,66.46136790564469,72.80700017817196,59.62776617063915,13.179234007532813,43.800879990024406,37.003289838465236,87.43925005592045,12.56074994407955,56.1991200099756,53.88697968562539
12,251,00000,DISTRICT,East Siang,Total,19107,99214,50116,49098,12955,6517,6438,0,0,0,69979,34533,35446,62576,34210,28366,36638,15906,20732,40222,23591,16631,33578,20309,13269,17077,8990,8087,2600,1472,1128,293,185,108,13608,9662,3946,6644,3282,3362,3108,1391,1717,965,484,481,200,115,85,2371,1292,1079,58992,26525,32467,979.6871258679862,13.057632995343399,0.0,70.53339246477312,72.54431421648756,78.46510241060575,66.49320206282232,11.971900347783432,40.54064950511017,33.873070186158294,83.48167669434638,16.518323305653624,59.459350494889826,48.92098851374869
12,252,00000,DISTRICT,Upper Siang,Total,7324,35320,18699,16621,4988,2563,2425,0,0,0,28468,14413,14055,18195,10723,7472,17125,7976,9149,17644,9968,7676,14524,8521,6003,8190,3948,4242,611,340,271,354,225,129,5369,4008,1361,3120,1447,1673,1786,876,910,193,94,99,237,55,182,904,422,482,17676,8731,8945,888.8710626236697,14.122310305775764,0.0,80.60022650056625,59.98615323750494,66.45389191869113,52.63454494223725,13.819346976453879,49.954699886749715,46.182540160038506,82.3169349353888,17.6830650646112,50.04530011325028,49.88097936975742
12,253,00000,DISTRICT,Changlang,Total,29521,148226,76948,71278,25869,13075,12794,0,0,0,53878,27061,26817,73174,44027,29147,75052,32921,42131,62966,39329,23637,50765,34767,15998,31414,19964,11450,2473,1538,935,326,192,134,16552,13073,3479,12201,4562,7639,8318,2964,5354,1735,736,999,170,72,98,1978,790,1188,85260,37619,47641,926.3138743047252,17.452403761823163,0.0,36.348548837585845,59.80368920454081,68.92896842171183,49.837562410231854,19.091406011479975,42.4797269035122,33.16170487387413,80.62287583775371,19.377124162246293,57.5202730964878,53.81793348791412
12,254,00000,DISTRICT,Tirap,Total,20611,111975,57604,54371,20045,10223,9822,0,0,0,98372,49365,49007,47974,29313,18661,64001,28291,35710,50169,27545,22624,44262,24739,19523,32540,15733,16807,949,519,430,395,257,138,10378,8230,2148,5907,2806,3101,3427,1506,1921,862,431,431,441,125,316,1177,744,433,61806,30059,31747,943.8754253176863,17.90131725831659,0.0,87.85175262335343,52.185358424888506,61.86657098837086,41.88870681721251,19.977864171158352,44.80375083724046,41.61041731805558,88.22579680679304,11.77420319320696,55.19624916275955,66.7523769658554
12,255,00000,DISTRICT,Lower Subansiri,Total,15249,83030,41843,41187,10320,5248,5072,0,0,0,72911,35803,37108,54057,29470,24587,28973,12373,16600,30202,17339,12863,22669,13890,8779,9552,4542,5010,826,398,428,244,139,105,12047,8811,3236,7533,3449,4084,4104,1744,2360,1142,500,642,191,75,116,2096,1130,966,52828,24504,28324,984.3223478240088,12.429242442490667,0.0,87.81283873298807,74.34603218264337,80.53012706653915,68.07974525820296,12.45038180833619,36.374804287606885,31.23072814237502,75.05794318257068,24.942056817429307,63.625195712393115,34.3619627839216
12,256,00000,DISTRICT,Kurung Kumey,Total,15037,92076,45318,46758,16988,8568,8420,0,0,0,90764,44459,46305,36606,20258,16348,55470,25060,30410,38044,18429,19615,24372,12232,12140,18498,8637,9861,962,464,498,400,197,203,4512,2934,1578,13672,6197,7475,8919,3973,4946,1985,768,1217,433,205,228,2335,1251,1084,54032,26889,27143,1031.7754534622004,18.449976106694468,0.0,98.57509014292542,48.750799062433416,55.12380952380952,42.641765350305185,12.482044173504335,41.318041617793995,41.95004063475769,64.06266428346126,35.93733571653874,58.681958382206,51.15129849647776
12,257,00000,DISTRICT,Dibang Valley,Total,1952,8004,4414,3590,1084,574,510,0,0,0,5701,2850,2851,4436,2614,1822,3568,1800,1768,3555,2228,1327,2525,1642,883,807,433,374,51,45,6,17,14,3,1650,1150,500,1030,586,444,483,234,249,55,36,19,51,17,34,441,299,142,4449,2186,2263,813.3212505663797,13.543228385807096,0.0,71.22688655672164,64.10404624277457,68.07291666666667,59.15584415584415,8.917072510822521,44.41529235382309,36.96378830083565,71.0267229254571,28.973277074542896,55.58470764617691,24.135021097046412
12,258,00000,DISTRICT,Lower Dibang Valley,Total,11600,54080,28053,26027,8009,4112,3897,0,0,0,25974,12649,13325,31849,18087,13762,22231,9966,12265,22326,14102,8224,19829,13051,6778,8808,5033,3775,2559,1584,975,162,102,60,8300,6332,1968,2497,1051,1446,879,361,518,795,200,595,71,23,48,752,467,285,31754,13951,17803,927.7795601183474,14.809541420118343,0.0,48.02884615384615,69.13025547524472,75.54822271417234,62.18707636692273,13.361146347249608,41.283284023668635,31.597955968801628,88.81573053838574,11.184269461614262,58.71671597633136,50.913732867508735
12,259,00000,DISTRICT,Lohit,Total,30005,145726,76221,69505,23901,12159,11742,0,0,0,47410,23457,23953,83062,48380,34682,62664,27841,34823,60945,38910,22035,50754,34656,16098,24971,15485,9486,5134,3227,1907,430,307,123,20219,15637,4582,10191,4254,5937,4938,1841,3097,2655,859,1796,356,168,188,2242,1386,856,84781,37311,47470,911.887799950145,16.401328520648338,0.0,32.53365905878155,68.18140775702852,75.52058942899068,60.04189533092118,15.478694098069496,41.82163786832823,31.70275519746781,83.27836573960128,16.721634260398723,58.17836213167177,49.396997292640904
12,260,00000,DISTRICT,Anjaw,Total,4612,21167,11507,9660,3472,1744,1728,0,0,0,16451,8208,8243,9990,6523,3467,11177,4984,6193,10501,6224,4277,9264,5715,3549,5444,2676,2768,83,41,42,75,38,37,3662,2960,702,1237,509,728,872,348,524,98,29,69,9,0,9,258,132,126,10666,5283,5383,839.489006691579,16.4028912930505,0.0,77.72003590494639,56.4566261655835,66.81347946327973,43.70902672718104,23.104452736098693,49.61024235838806,44.27536231884058,88.22016950766593,11.779830492334064,50.38975764161194,52.63308256356537
13,261,00000,DISTRICT,Mon,Total,41978,250260,131753,118507,40342,21099,19243,0,0,0,238285,124343,113942,119626,67432,52194,130634,64321,66313,147654,79425,68229,104981,58695,46286,84402,43463,40939,3947,2111,1836,609,370,239,16023,12751,3272,42673,20730,21943,29071,13897,15174,6889,3329,3560,999,392,607,5714,3112,2602,102606,52328,50278,899.4633898279357,16.120035163430032,0.0,95.21497642451851,56.98701397688622,60.93950512408046,52.580996131528046,8.358508992552416,59.00023975065931,57.573814205068054,71.0993268045566,28.9006731954434,40.99976024934068,59.8351551600363
13,262,00000,DISTRICT,Mokokchung,Total,42690,194622,101092,93530,20536,10534,10002,0,0,0,178431,90567,87864,159494,83479,76015,35128,17613,17515,100067,57084,42983,81046,48355,32691,42236,21940,20296,4863,3013,1850,1939,777,1162,32008,22625,9383,19021,8729,10292,6689,2666,4023,4303,2324,1979,1859,551,1308,6170,3188,2982,94555,44008,50547,925.1968503937009,10.551736186042687,0.0,91.68079662114252,91.61793596268511,92.18291039996467,91.00541135906522,1.1774990408994483,51.416078346743944,45.956377632845076,80.99173553719008,19.00826446280992,48.583921653256056,47.06746479858494
13,263,00000,DISTRICT,Zunheboto,Total,27835,140757,71217,69540,20093,10316,9777,0,0,0,136561,68071,68490,102881,53504,49377,37876,17713,20163,79466,41178,38288,49382,27876,21506,30738,14787,15951,1763,858,905,613,308,305,16268,11923,4345,30084,13302,16782,13985,6048,7937,10192,4585,5607,1412,517,895,4495,2152,2343,61291,30039,31252,976.4522515691478,14.274956130068132,0.0,97.01897596567134,85.26238148909368,87.8540582256449,82.62135434968124,5.232703875963665,56.456162038122436,55.05895887259131,62.14229985150882,37.85770014849118,43.543837961877564,40.89925251050764
13,264,00000,DISTRICT,Wokha,Total,31891,166343,84505,81838,20138,10298,9840,0,0,0,156621,78816,77805,128208,67385,60823,38135,17120,21015,78412,42096,36316,63512,35692,27820,41862,20233,21629,2375,1298,1077,874,409,465,18401,13752,4649,14900,6404,8496,5611,2019,3592,4063,1971,2092,1091,447,644,4135,1967,2168,87931,42409,45522,968.4397372936513,12.106310454903422,0.0,94.1554498836741,87.69057145788449,90.80679720242026,84.47873552043113,6.328061681989126,47.13874343976001,44.37547349641975,80.99780645819517,19.002193541804825,52.86125656023999,56.416109779115445
13,265,00000,DISTRICT,Dimapur,Total,78605,378811,197394,181417,50898,25889,25009,0,0,0,223989,110892,113097,278037,150142,127895,100774,47252,53522,151350,99645,51705,122358,88055,34303,20591,12140,8451,4506,2743,1763,2338,1190,1148,94923,71982,22941,28992,11590,17402,3926,1375,2551,4484,1717,2767,2735,763,1972,17847,7735,10112,227461,97749,129712,919.0603564444715,13.436251851187004,0.0,59.12948673612962,84.78986804426783,87.54380338765634,81.77011406066185,5.773689326994486,39.95396121020773,28.50063665477877,80.84440039643212,19.15559960356789,60.04603878979226,16.582094482986456
13,266,00000,DISTRICT,Phek,Total,36639,163418,83743,79675,27752,14505,13247,0,0,0,157146,79536,77610,105893,57926,47967,57525,25817,31708,80277,41556,38721,63645,34382,29263,44069,19982,24087,1311,692,619,609,303,306,17656,13405,4251,16632,7174,9458,11022,4555,6467,1848,803,1045,666,194,472,3096,1622,1474,83141,42187,40954,951.4228054882199,16.982217381194236,0.0,96.16198949932077,78.05419191249096,83.66215084202317,72.20900824953333,11.45314259248984,49.123719541298996,48.59868214621901,79.28173698568706,20.71826301431294,50.876280458701,56.529267411587384
13,267,00000,DISTRICT,Tuensang,Total,36742,196596,101933,94663,35790,18516,17274,0,0,0,190916,98212,92704,117511,63653,53858,79085,38280,40805,98154,52931,45223,73518,41420,32098,57479,28758,28721,945,557,388,541,313,228,14553,11792,2761,24636,11511,13125,17733,8065,9668,2968,1509,1459,563,221,342,3372,1716,1656,98442,49002,49440,928.6786418529819,18.204846487212354,0.0,97.1108262629962,73.07625337363034,76.3069877842646,69.593869929835,6.713117854429612,49.92675334187878,47.77262499603857,74.90066629989607,25.09933370010392,50.07324665812123,59.52279071662897
13,268,00000,DISTRICT,Longleng,Total,11985,50484,26502,23982,9110,4832,4278,0,0,0,48615,25268,23347,29859,16139,13720,20625,10363,10262,30568,16273,14295,20944,11547,9397,16837,8415,8422,278,164,114,199,118,81,3630,2850,780,9624,4726,4898,5664,2730,2934,1031,497,534,399,171,228,2530,1328,1202,19916,10229,9687,904.9128367670365,18.045321289913634,0.0,96.29783693843595,72.16851162565862,74.47623442547301,69.63053187170118,4.8457025537718295,60.549877188812296,59.60720540405304,68.51609526302015,31.483904736979852,39.450122811187704,55.98992410363779
13,269,00000,DISTRICT,Kiphire,Total,14771,74004,37830,36174,14711,7550,7161,0,0,0,71429,36217,35212,41232,22675,18557,32772,15155,17617,31959,16780,15179,25830,14181,11649,18450,8513,9937,440,211,229,323,146,177,6617,5311,1306,6129,2599,3530,2982,1064,1918,819,393,426,426,161,265,1902,981,921,42045,21050,20995,956.2252180808882,19.878655207826604,0.0,96.5204583536025,69.53940600070835,74.88441215323645,63.96098300761728,10.923429145619174,43.18550348629804,41.96107701664179,80.82230357645733,19.177696423542663,56.81449651370196,59.106980819174574
13,270,00000,DISTRICT,Kohima,Total,54391,267988,138966,129022,36286,18279,18007,0,0,0,224738,110617,114121,197489,107038,90451,70499,31928,38571,114825,68140,46685,99408,60839,38569,38017,16525,21492,911,507,404,1131,622,509,59349,43185,16164,15417,7301,8116,6667,2772,3895,1287,600,687,941,362,579,6522,3567,2955,153163,70826,82337,928.4429284861045,13.540158514560355,0.0,83.86121766646268,85.23405063400402,88.69057976418338,81.47637706616223,7.214202698021154,42.847067779154294,36.183751608252855,86.57348138471586,13.426518615284127,57.152932220845706,33.90202482037884
13,271,00000,DISTRICT,Peren,Total,18475,95219,49714,45505,15415,7967,7448,0,0,0,84242,43488,40754,62204,34584,27620,33015,15130,17885,61390,32249,29141,36555,21162,15393,25698,13465,12233,1232,745,487,349,175,174,9276,6777,2499,24835,11087,13748,13973,6042,7931,2507,1230,1277,2222,973,1249,6133,2842,3291,33829,17465,16364,915.3357203202316,16.188995893676683,0.0,88.47183860364002,77.94596762067064,82.84188085371403,72.5753475050582,10.266533348655827,64.47242672155767,64.03911658059553,59.54552858771787,40.454471412282125,35.527573278442325,43.867079328880926
14,272,00000,DISTRICT,Senapati,Total,83411,479148,247323,231825,63335,33463,29872,1000,536,464,419210,214519,204691,264477,148012,116465,214671,99311,115360,233622,124143,109479,185725,101924,83801,149797,77987,71810,5039,2315,2724,2185,1060,1125,28704,20562,8142,47897,22219,25678,25330,11807,13523,6171,2379,3792,2793,922,1871,13603,7111,6492,245526,123180,122346,937.3370046457467,13.218254067636723,0.2087037825473549,87.49071268167664,63.60479350092469,69.2097633966146,57.6693587121756,11.540404684439004,48.75779508627814,47.224846328049175,79.49807809196052,20.501921908039485,51.24220491372186,66.2762924724555
14,273,00000,DISTRICT,Tamenglong,Total,25039,140651,72371,68280,19307,10072,9235,22,17,5,134626,68226,66400,85006,47403,37603,55645,24968,30677,70675,37237,33438,55979,30544,25435,42400,21366,21034,1023,455,568,994,393,601,11562,8330,3232,14696,6693,8003,6449,2852,3597,901,372,529,716,254,462,6630,3215,3415,69976,35134,34842,943.4718326401459,13.726884273840925,0.015641552495183113,95.71634755529644,70.05373154008439,76.08950384436348,63.68532475230756,12.40417909205592,50.24848739077575,48.971880492091394,79.20622568093385,20.793774319066145,49.75151260922425,61.44039617969579
14,274,00000,DISTRICT,Churachandpur,Total,49089,274143,138820,135323,37445,19227,18218,443,244,199,254787,126328,128459,195935,104013,91922,78208,34807,43401,122655,70594,52061,89779,57558,32221,52630,32271,20359,3885,2010,1875,2411,1002,1409,30853,22275,8578,32876,13036,19840,12204,5114,7090,4397,1321,3076,2656,479,2177,13619,6122,7497,151488,68226,83262,974.8091053162369,13.658929828593106,0.16159449630302433,92.93945130825882,82.77847721569258,86.9724816669872,78.49536740532001,8.477114261667197,44.741248180694015,38.471656702851696,73.19636378459909,26.80363621540092,55.258751819305985,46.07639313521666
14,275,00000,DISTRICT,Bishnupur,Total,46580,237399,118782,118617,31303,16192,15111,22113,11085,11028,3287,1625,1662,156333,87313,69020,81066,31469,49597,109937,62807,47130,76423,53158,23265,26542,21569,4973,4745,2755,1990,5560,1455,4105,39576,27379,12197,33514,9649,23865,7816,3122,4694,10364,2436,7928,6007,660,5347,9327,3431,5896,127462,55975,71487,998.6109006415114,13.18581796890467,9.314698040008592,1.3845888146116874,75.85445617576275,85.10868505702311,66.68212470774641,18.4265603492767,46.30895665103897,39.73292192518779,69.51526783521471,30.48473216478529,53.69104334896103,28.459026533378207
14,276,00000,DISTRICT,Thoubal,Total,85965,422168,210845,211323,60556,31294,29262,40593,20137,20456,1808,929,879,269304,152617,116687,152864,58228,94636,195319,109377,85942,133428,90299,43129,59090,40813,18277,12151,6334,5817,9118,2719,6399,53069,40433,12636,61891,19078,42813,18241,6753,11488,20955,6313,14642,11899,1386,10513,10796,4626,6170,226849,101468,125381,1002.2670682254737,14.344052604650281,9.615366394421178,0.4282655246252677,74.47319226131877,84.9992481244883,64.09225479372299,20.906993330765317,46.265704648386425,40.66855003951297,68.3128625479344,31.687137452065596,53.73429535161357,36.47417813935152
14,277,00000,DISTRICT,Imphal West,Total,111156,517992,255054,262938,61875,31747,30128,16530,8308,8222,24161,11560,12601,392626,205985,186641,125366,49069,76297,213387,128540,84847,166009,110440,55569,30101,23001,7100,5044,3057,1987,11439,3576,7863,119425,80806,38619,47378,18100,29278,7006,3458,3548,7826,2422,5404,8479,1340,7139,24067,10880,13187,304605,126514,178091,1030.911101178574,11.94516517629616,3.1911689755826345,4.664357750698852,86.08010663930527,92.24296596165816,80.16880718182209,12.074158779836068,41.19503776120095,32.268823829191675,77.79714790498016,22.202852095019846,58.80496223879905,16.470075496632877
14,278,00000,DISTRICT,Imphal East,Total,92124,456113,226094,230019,59936,30851,29085,15839,8055,7784,27657,13500,14157,324664,173314,151350,131449,52780,78669,194848,117562,77286,145343,100014,45329,27895,23350,4545,9398,5480,3918,11908,2829,9079,96142,68355,27787,49505,17548,31957,8460,3409,5051,10852,3333,7519,9918,1113,8805,20275,9693,10582,261265,108532,152733,1017.3600360911835,13.14060331540649,3.4726043765470402,6.063628969137034,81.94922976346432,88.76835533156118,75.32324046701902,13.445114864542163,42.71923843433535,33.59983305726918,74.5930160945968,25.406983905403184,57.28076156566465,19.139534406306456
14,279,00000,DISTRICT,Ukhrul,Total,35694,183998,94718,89280,24413,12693,11720,248,160,88,173606,87970,85636,129829,70148,59681,54169,24570,29599,87929,46533,41396,67724,37336,30388,46089,22574,23515,1542,798,744,1179,528,651,18914,13436,5478,20205,9197,11008,10726,4703,6023,2310,1038,1272,1054,344,710,6115,3112,3003,96069,48185,47884,942.5874701746236,13.268079000858704,0.13478407373993195,94.3521125229622,81.35413729360529,85.52026821091131,76.94816915936049,8.572099051550822,47.78801943499386,46.36648745519713,77.02123304029386,22.978766959706125,52.211980565006144,54.169841576726675
14,280,00000,DISTRICT,Chandel,Total,28801,144182,74579,69603,17187,8945,8242,540,321,219,128280,63622,64658,90302,51053,39249,53880,23526,30354,76238,42615,33623,53753,33862,19891,32224,18231,13993,2782,1330,1452,1130,447,683,17617,13854,3763,22485,8753,13732,11031,4729,6302,5533,1884,3649,1910,363,1547,4011,1777,2234,67944,31964,35980,933.2788050255434,11.92035066790584,0.37452663994118546,88.97088402158383,71.10673648568842,77.7843800469269,63.964081419794326,13.820298627132573,52.87622588117795,48.30682585520739,70.50683386237834,29.493166137621657,47.12377411882204,45.916734436894984
15,281,00000,DISTRICT,Mamit,Total,17731,86364,44828,41536,15495,7828,7667,51,42,9,82080,42075,40005,60191,32977,27214,26173,11851,14322,39339,24016,15323,36185,23226,12959,26937,16765,10172,1963,1111,852,199,137,62,7086,5213,1873,3154,790,2364,1732,302,1430,590,134,456,63,27,36,769,327,442,47025,20812,26213,926.5637547961095,17.941503404196194,0.059052382937334995,95.03959983326385,84.93276326743711,89.12702702702703,80.3507632348165,8.776263792210528,45.55022926219258,36.89088983050847,91.9825109941788,8.017489005821195,54.44977073780743,73.46399247566029
15,282,00000,DISTRICT,Kolasib,Total,17270,83955,42918,41037,13482,6810,6672,84,59,25,73609,36917,36692,65895,34147,31748,18060,8771,9289,36672,22733,13939,29697,20013,9684,15480,10164,5316,3341,2102,1239,343,253,90,10533,7494,3039,6975,2720,4255,2512,838,1674,2580,1114,1466,242,79,163,1641,689,952,47283,20185,27098,956.1722354256955,16.058602822940863,0.10005360014293371,87.67673158239533,93.50389510876505,94.56907056607953,92.38469372908482,2.1843768369947156,43.68054314811506,33.96690791237177,80.9800392670157,19.01996073298429,56.319456851884944,51.32253490401396
15,283,00000,DISTRICT,Aizawl,Total,82524,400309,199270,201039,52357,26450,25907,627,388,239,373542,182517,191025,340595,169547,171048,59714,29723,29991,174636,104643,69993,151410,94442,56968,36249,20959,15290,8176,5216,2960,2429,1359,1070,104556,66908,37648,23226,10201,13025,3017,784,2233,3258,1368,1890,931,311,620,16020,7738,8282,225673,94627,131046,1008.8774025191951,13.079146359437335,0.1566290040943371,93.31341538661384,97.88562790269923,98.10612197662307,97.66804467487381,0.4380773017492601,43.62529945617011,34.815632787668065,86.7003367003367,13.299663299663301,56.37470054382989,25.438626629102817
15,284,00000,DISTRICT,Champhai,Total,25520,125745,63388,62357,20645,10474,10171,17,16,1,123466,61954,61512,100802,51440,49362,24943,11948,12995,60342,34129,26213,53111,31518,21593,35868,20080,15788,3698,2368,1330,655,361,294,12890,8709,4181,7231,2611,4620,2468,782,1686,2125,769,1356,325,80,245,2313,980,1333,65403,29259,36144,983.7350918154856,16.418147838880273,0.013519424231579785,98.18760189271939,95.91056137012369,97.2143478096534,94.58858697735025,2.6257608323031576,47.9875939401169,42.03698061163943,88.016638493918,11.983361506082,52.0124060598831,65.56958668920487
15,285,00000,DISTRICT,Serchhip,Total,12622,64937,32851,32086,9299,4771,4528,32,20,12,62889,31381,31508,54476,27598,26878,10461,5253,5208,32397,18261,14136,29838,17428,12410,20750,11394,9356,1006,603,403,699,315,384,7383,5116,2267,2559,833,1726,1054,295,759,278,94,184,227,32,195,1000,412,588,32540,14590,17950,976.713037654866,14.320033263008764,0.04927853149976131,96.84617398401527,97.91149933498689,98.28347578347578,97.53247695768924,0.7509988257865388,49.88989328118022,44.05659789316213,92.10112047411798,7.898879525882026,50.11010671881978,67.15436614501343
15,286,00000,DISTRICT,Lunglei,Total,33058,161428,82891,78537,25117,12798,12319,178,125,53,153533,77180,76353,121122,64515,56607,40306,18376,21930,78292,46230,32062,62013,40961,21052,34762,21713,13049,6625,3960,2665,569,381,188,20057,14907,5150,16279,5269,11010,10677,3039,7638,4037,1533,2504,244,84,160,1321,613,708,83136,36661,46475,947.4731876802065,15.559258616844662,0.11026587704735238,95.10927472309636,88.8570988401523,92.04200134107543,85.485819565677,6.556181775398429,48.499640706692766,40.8240701834804,79.20732641904664,20.792673580953355,51.50035929330723,52.862361416236645
15,287,00000,DISTRICT,Lawngtlai,Total,22984,117894,60599,57295,22483,11433,11050,146,105,41,112354,57044,55310,62861,36444,26417,55033,24155,30878,45566,28517,17049,38082,25757,12325,25404,16143,9261,1463,1127,336,412,185,227,10803,8302,2501,7484,2760,4724,3785,975,2810,1690,601,1089,201,101,100,1808,1083,725,72328,32082,40246,945.477648146009,19.07052097647039,0.12384005971465893,95.30086348753966,65.88443680498057,74.12439490704958,57.12401340685479,17.000381500194784,38.6499737051928,29.756523256828693,83.57547294035027,16.424527059649737,61.3500262948072,58.962823157617514
15,288,00000,DISTRICT,Saiha,Total,11144,56574,28594,27980,9653,4997,4656,83,52,31,54642,27226,27416,42233,21861,20372,14341,6733,7608,19461,12211,7250,14694,9960,4734,7064,4380,2684,192,114,78,153,118,35,7285,5348,1937,4767,2251,2516,1844,869,975,765,274,491,160,71,89,1998,1037,961,37113,16383,20730,978.5269636986781,17.062608265280872,0.1467105030579418,96.58500371195248,90.00873809168603,92.64313260160189,87.34350883210426,5.299623769497629,34.3991939760314,25.91136526090064,75.50485586557731,24.49514413442269,65.6008060239686,37.28482606238117
16,289,00000,DISTRICT,West Tripura,Total,410565,1725739,879428,846311,190850,97787,93063,338094,172522,165572,431944,217278,214666,1361354,722998,638356,364385,156430,207955,698178,500406,197772,524198,431743,92455,94721,82291,12430,88018,67956,20062,11921,7796,4125,329538,273700,55838,173980,68663,105317,20454,8416,12038,68090,25334,42756,13242,2749,10493,72194,32164,40030,1027561,379022,648539,962.3425681238259,11.059030363224103,19.591259164914277,25.0295090972621,88.69397070407045,92.49745087578569,84.74712179786736,7.750329077918323,40.45675504812721,23.36871433787343,75.08085330674984,24.919146693250145,59.543244951872786,26.17369782490998
16,290,00000,DISTRICT,South Tripura,Total,208127,876001,447544,428457,111949,57382,54567,140168,72012,68156,344835,173174,171661,646810,351082,295728,229191,96462,132729,366845,253229,113616,258457,212050,46407,72477,60730,11747,66460,50401,16059,2947,2160,787,116573,98759,17814,108388,41179,67209,13053,4117,8936,44872,16766,28106,3428,833,2595,47035,19463,27572,509156,194315,314841,957.3516793879484,12.779551621516413,16.000894976147286,39.364681090546696,84.65523288990802,89.98364781808583,79.09492096605953,10.888726852026295,41.8772352999597,26.517480167204642,70.45400646049421,29.545993539505787,58.1227647000403,37.873488803173
16,291,00000,DISTRICT,Dhalai,Total,84509,378230,194544,183686,56011,28460,27551,61688,31461,30227,210608,106759,103849,276217,151643,124574,102013,42901,59112,155831,105657,50174,108259,88877,19382,36725,30535,6190,20934,16202,4732,1194,771,423,49406,41369,8037,47572,16780,30792,9231,3409,5822,21267,6420,14847,1676,275,1401,15398,6676,8722,222399,88887,133512,944.1874331770705,14.808714274383311,16.30965285672739,55.68252121724876,85.72337447512406,91.30500228799885,79.78608255676177,11.518919731237077,41.20006345345425,27.315092059275063,69.47205626608313,30.527943733916874,58.79993654654575,37.00098183288306
16,292,00000,DISTRICT,North Tripura,Total,152355,693947,352860,341087,99204,50379,48825,114968,58375,56593,179426,91116,88310,520402,275646,244756,173545,77214,96331,248667,186034,62633,186105,155211,30894,42784,36561,6223,26451,22291,4160,3234,2087,1147,113636,94272,19364,62562,30823,31739,6502,2809,3693,17526,8736,8790,3854,814,3040,34680,18464,16216,445280,166826,278454,966.6354928300176,14.295616235822045,16.567259459295883,25.855865073269285,87.5003152622225,91.1283683933867,83.74540651880847,7.382961874578228,35.83371640773719,18.362763752356436,74.84105249188674,25.15894750811326,64.1662835922628,27.842455975260087
17,293,00000,DISTRICT,West Garo Hills,Total,123352,643291,324159,319132,112514,56950,55564,8810,4535,4275,474009,236772,237237,358702,193438,165264,284589,130721,153868,255693,151914,103779,188371,123377,64994,98319,58895,39424,20540,12653,7887,3957,2171,1786,65555,49658,15897,67322,28537,38785,22421,9403,13018,19185,6384,12801,3686,1257,2429,22030,11493,10537,387598,172245,215353,984.4921782211816,17.490373718892382,1.369520170498266,73.68500414275965,67.58054700938435,72.3920227237855,62.70260426151884,9.689418462266659,39.74764142510932,32.519145682664224,73.67076924280289,26.32923075719711,60.25235857489067,46.48504260969209
17,294,00000,DISTRICT,East Garo Hills,Total,58328,317917,161223,156694,58071,29328,28743,509,304,205,305180,153861,151319,192147,102513,89634,125770,58710,67060,126073,72262,53811,83936,56056,27880,55156,35812,19344,8054,4847,3207,1240,613,627,19486,14784,4702,42137,16206,25931,22234,7878,14356,11192,4169,7023,1235,393,842,7476,3766,3710,191844,88961,102883,971.9084745972968,18.266088318649206,0.16010468141055684,95.99360839464389,73.94649138335784,77.72318890026158,70.0533798094583,7.66980909080327,39.65594793609653,34.341455320561096,66.5773004529122,33.422699547087795,60.344052063903476,50.137618681240234
17,295,00000,DISTRICT,South Garo Hills,Total,24527,142334,73170,69164,27909,14136,13773,319,188,131,134237,68140,66097,82062,45003,37059,60272,28167,32105,53069,32826,20243,38397,26435,11962,22068,13935,8133,2781,1842,939,464,316,148,13084,10342,2742,14672,6391,8281,6077,2439,3638,2784,915,1869,785,291,494,5026,2746,2280,89265,40344,48921,945.2507858411917,19.60810488007082,0.22412073011367628,94.311267862914,71.71684509504041,76.23234068502896,66.9043707461501,9.327969938878866,37.28483707336265,29.268116361112718,72.3529744295163,27.647025570483706,62.71516292663735,46.823946183270834
17,296,00000,DISTRICT,West Khasi Hills,Total,64906,383461,193715,189746,87214,44342,42872,168,93,75,375097,189134,185963,230678,117307,113371,152783,76408,76375,163345,89694,73651,119803,69204,50599,71021,38578,32443,19987,11606,8381,1416,748,668,27379,18272,9107,43542,20490,23052,13935,5842,8093,17197,8120,9077,1059,321,738,11351,6207,5144,220116,104021,116095,979.5111374958057,22.743903552121335,0.04381149582356485,97.81881338649823,77.86678008553673,78.53293433217516,77.18929150155915,1.3436428306160053,42.597552293453575,38.8155745048644,73.34353668615508,26.65646331384493,57.40244770654643,55.715204016039664
17,297,00000,DISTRICT,Ribhoi,Total,46872,258840,132531,126309,52862,27074,25788,590,329,261,230081,115907,114174,155859,80977,74882,102981,51554,51427,106473,63871,42602,90875,57058,33817,50955,29851,21104,14216,8963,5253,1277,523,754,24427,17721,6706,15598,6813,8785,4878,1760,3118,5773,2720,3053,399,131,268,4548,2202,2346,152367,68660,83707,953.0524933789077,20.422654921959513,0.2279400401792613,88.88927522794005,75.66778976395537,76.78674720502195,74.49388684951404,2.292860355507912,41.13467779323134,33.72839623463095,85.35027659594451,14.649723404055488,58.86532220676865,61.208944990748826
17,298,00000,DISTRICT,East Khasi Hills,Total,164046,825922,410749,415173,139055,70805,68250,5642,2924,2718,661158,320048,341110,578030,287270,290760,247892,123479,124413,326786,204303,122483,289576,186123,103453,70086,39461,30625,30464,19563,10901,2332,1489,843,186694,125610,61084,37210,18180,19030,6681,2560,4121,10425,5245,5180,634,298,336,19470,10077,9393,499136,206446,292690,1010.770567913738,16.836335634599877,0.6831153547187264,80.05090069037996,84.15457432079282,84.50509495681642,83.81110505789468,0.6939898989217426,39.56620600976848,29.501677613910342,88.61334328888019,11.386656711119816,60.43379399023152,30.769372004920655
17,299,00000,DISTRICT,Jaintia Hills,Total,66028,395124,196285,198839,90911,46011,44900,1317,784,533,376099,185866,190233,187527,87371,100156,207597,108914,98683,154180,88839,65341,110617,67267,43350,43665,27273,16392,18600,10986,7614,1283,599,684,47069,28409,18660,43563,21572,21991,7179,3643,3536,17166,8329,8837,721,250,471,18497,9350,9147,240944,107446,133498,1013.0116921822861,23.0082202042903,0.3333130865247365,95.18505583057471,61.643322277483215,58.14112887126183,65.06213500152657,-6.921006130264743,39.02066186817303,32.86125961204794,71.74536256323776,28.254637436762227,60.979338131826964,40.38461538461539
18,300,00000,DISTRICT,Kokrajhar,Total,181081,887142,452905,434237,136924,70085,66839,29570,15386,14184,278665,139579,139086,489305,275220,214085,397837,177685,220152,341131,236322,104809,253110,198804,54306,128150,103962,24188,29518,20604,8914,7337,3888,3449,88105,70350,17755,88021,37518,50503,28603,11127,17476,26812,10710,16102,5086,1248,3838,27520,14433,13087,546011,216583,329428,958.7816429494044,15.434282223139023,3.333175523196963,31.411544036918553,65.22170888994933,71.89279556971945,58.270594831762835,13.622200737956618,38.452806878718405,24.136358716553403,74.19730250255768,25.802697497442335,61.547193121281595,46.21919438573451
18,301,00000,DISTRICT,Dhubri,Total,414674,1949258,997848,951410,368262,187092,181170,70395,36359,34036,6332,3198,3134,922341,511551,410790,1026917,486297,540620,669819,524898,144921,504998,447077,57921,179873,171480,8393,107424,92031,15393,16019,10882,5137,201682,172684,28998,164821,77821,87000,25432,12416,13016,63692,30716,32976,11803,3471,8332,63894,31218,32676,1279439,472950,806489,953.461849900987,18.89241957709036,3.611374174172942,0.3248415550942974,58.339236784912806,63.095555259535544,53.332727461570414,9.76282779796513,34.36276778138143,15.232234262830957,75.39320323848682,24.606796761513188,65.63723221861856,42.891736424317614
18,302,00000,DISTRICT,Goalpara,Total,198454,1008183,513292,494891,171657,87457,84200,45094,22999,22095,231570,116013,115557,563577,304302,259275,444606,208990,235616,362573,267118,95455,266376,222680,43696,108908,94864,14044,37509,28145,9364,7710,4977,2733,112249,94694,17555,96197,44438,51759,17641,8345,9296,38319,16414,21905,6636,1543,5093,33601,18136,15465,645610,246174,399436,964.1510095618089,17.026373188200953,4.472799085086735,22.96904431040793,67.37112773542006,71.46007256331679,63.13140536315625,8.328667200160538,35.963014651109965,19.288085659266386,73.46823949935599,26.53176050064401,64.03698534889003,40.38276429849989
18,303,00000,DISTRICT,Barpeta,Total,337929,1693622,867004,826618,287829,146777,141052,95320,49165,46155,27344,13530,13814,897058,499038,398020,796564,367966,428598,561824,445297,116527,439453,389372,50081,184770,176260,8510,56932,48689,8243,16499,10548,5951,181252,153875,27377,122371,55925,66446,20489,10275,10214,42014,21376,20638,13843,2661,11182,46025,21613,24412,1131798,421707,710091,953.4189000281428,16.99487843214129,5.628174409638042,1.6145279170912992,63.81152843982009,69.28898805515483,58.057138189466805,11.231849865688027,33.17292760722286,14.096837959008877,78.21897960927265,21.781020390727345,66.82707239277713,43.02094606140001
18,304,00000,DISTRICT,Morigaon,Total,184602,957423,486651,470772,163819,83746,80073,117841,60194,57647,136777,68382,68395,539902,289698,250204,417521,196953,220568,351148,257984,93164,260968,221150,39818,134827,120447,14380,40019,33689,6330,6598,3608,2990,79524,63406,16118,90180,36834,53346,22785,9696,13089,35965,14840,21125,7748,1465,6283,23682,10833,12849,606275,228667,377608,967.3708674183347,17.110409923304537,12.30814384028794,14.285953021809586,68.03166314685913,71.90230947742023,64.04009224492512,7.862217232495112,36.676369796840056,19.78962215254943,74.31852096551881,25.681479034481185,63.323630203159944,49.79268000956861
18,305,00000,DISTRICT,Nagaon,Total,559340,2823768,1439112,1384656,459940,234203,225737,266350,136473,129877,115153,57759,57394,1710716,921850,788866,1113052,517262,595790,979998,766728,213270,734993,636533,98460,287452,266560,20892,107649,93032,14617,20130,13560,6570,319762,263381,56381,245005,130195,114810,58671,31135,27536,88525,49414,39111,17992,4710,13282,79817,44936,34881,1843770,672384,1171386,962.1599986658439,16.288165316697405,9.432432126152007,4.077990826441832,72.3705785700144,76.50785246022728,68.06912303620875,8.438729424018533,34.705329899623486,15.402381530141781,74.99943877436485,25.000561225635153,65.29467010037652,40.31651085002214
18,306,00000,DISTRICT,Sonitpur,Total,392919,1924110,983904,940206,277862,141353,136509,109130,55817,53313,232207,117685,114522,1108572,620525,488047,815538,363379,452159,770606,537195,233411,558325,441093,117232,196296,168732,27564,51007,36448,14559,13809,9545,4264,297213,226368,70845,212281,96102,116179,52827,22754,30073,63858,26233,37625,11910,3452,8458,83686,43663,40023,1153504,446709,706795,955.5871304517514,14.441066259205554,5.671713155692762,12.06828091949005,67.33930732186158,73.64836075204944,60.72524844562067,12.92311230642877,40.04999714153556,24.825516961176593,72.4527190289201,27.5472809710799,59.95000285846444,32.09201589398473
18,307,00000,DISTRICT,Lakhimpur,Total,204307,1042137,529674,512463,156739,80016,76723,81840,41689,40151,249426,126716,122710,683486,375552,307934,358651,154122,204529,429995,282250,147745,283533,223800,59733,148850,118700,30150,16154,12159,3995,4714,3279,1435,113815,89662,24153,146462,58450,88012,90527,33678,56849,27768,10229,17539,6269,1690,4579,21898,12853,9045,612142,247424,364718,967.5064284824251,15.040153070085797,7.853094170919945,23.93408928000829,77.19534040058821,83.51947480084864,70.6692064074907,12.850268393357936,41.26088988300003,28.830374095300538,65.9386737055082,34.06132629449179,58.73911011699997,38.3734694589472
18,308,00000,DISTRICT,Dhemaji,Total,129869,686133,351249,334884,104247,53457,50790,44225,23006,21219,325560,165449,160111,423028,237761,185267,263105,113488,149617,316800,186577,130223,201364,145683,55681,145889,102532,43357,4791,2983,1808,3109,1932,1177,47575,38236,9339,115436,40894,74542,86048,28891,57157,14390,5001,9389,4115,985,3130,10883,6017,4866,369333,164672,204661,953.4091200259644,15.193410024004091,6.445543356754449,47.44852674335734,72.69946346878942,79.8412986245433,65.21327447957366,14.628024144969643,46.17180634075318,38.88600231722029,63.561868686868685,36.43813131313131,53.82819365924683,47.563131313131315
18,309,00000,DISTRICT,Tinsukia,Total,268598,1327929,680231,647698,181826,92777,89049,37688,19443,18245,82066,41769,40297,798322,453449,344873,529607,226782,302825,557196,366623,190573,410188,297578,112610,102840,78239,24601,19483,12012,7471,6461,4404,2057,281404,202923,78481,147008,69045,77963,46642,19029,27613,28273,12335,15938,6780,2337,4443,65313,35344,29969,770733,313608,457125,952.173599850639,13.692448918579231,2.83810354318642,6.179999081276183,69.65534511296106,77.1888522335366,61.73339610381474,15.455456129721853,41.959773451743274,29.423126210054683,73.61646530125844,26.383534698741556,58.040226548256726,21.953316247783544
18,310,00000,DISTRICT,Dibrugarh,Total,276867,1326335,676434,649901,163210,83168,80042,58876,30517,28359,102871,51835,51036,884531,491361,393170,441804,185073,256731,560557,368013,192544,391597,284955,106642,86082,66299,19783,21792,13440,8352,6528,4682,1846,277195,200534,76661,168960,83058,85902,49112,22963,26149,39417,17303,22114,7834,2929,4905,72597,39863,32734,765778,308421,457357,960.7751827968435,12.3053376409429,4.438999197035439,7.756034486008437,76.04780225685116,82.82305070575426,68.99425998360998,13.828790722144277,42.26360610253066,29.626666215315872,69.85855140512027,30.141448594879737,57.73639389746934,19.24407330565848
18,311,00000,DISTRICT,Sivasagar,Total,248367,1151050,589216,561834,139380,71102,68278,42347,21568,20779,49039,24989,24050,813505,444767,368738,337545,144449,193096,485717,325071,160646,318950,237590,81360,70255,59184,11071,14008,9654,4354,6143,4513,1630,228544,164239,64305,166767,87481,79286,67845,36361,31484,34460,16332,18128,8389,2765,5624,56073,32023,24050,665333,264145,401188,953.5280779883778,12.108944007645194,3.6789887494027194,4.260370965640068,80.41209089920626,85.8434630216516,74.71046851826337,11.132994503388232,42.197732505104035,28.593143170402648,65.66580951459389,34.33419048540611,57.802267494895965,17.348167760238987
18,312,00000,DISTRICT,Jorhat,Total,236262,1092256,556805,535451,124594,63428,61166,88665,45194,43471,139971,70795,69176,794929,432335,362594,297327,124470,172857,498618,320746,177872,338635,249021,89614,98667,73535,25132,20176,12529,7647,14432,8304,6128,205360,154653,50707,159983,71725,88258,47218,20900,26318,32977,12353,20624,17111,4294,12817,62677,34178,28499,593638,236059,357579,961.6490512836631,11.407032783523277,8.117602466820966,12.814852928251252,82.14944887781064,87.62771673588351,76.45065730520678,11.177059430676735,45.65028711217883,33.2190994133917,67.91471627578628,32.085283724213724,54.34971288782117,23.834478498570046
18,313,00000,DISTRICT,Golaghat,Total,227197,1066888,543161,523727,134793,68662,66131,62298,31807,30491,111765,56420,55345,721764,396475,325289,345124,146686,198438,479928,309104,170824,331210,247086,84124,133659,107677,25982,25086,15757,9329,7778,4671,3107,164687,118981,45706,148718,62018,86700,56931,21731,35200,41530,15357,26173,7290,1918,5372,42967,23012,19955,586960,234057,352903,964.220553390247,12.634222148904103,5.839225860633919,10.475795022532825,77.43459625896502,83.55655122560849,71.08650425265955,12.470046972948936,44.98391583746373,32.616993204474845,69.01243519861312,30.987564801386874,55.01608416253627,33.07683652547882
18,314,00000,DISTRICT,Karbi Anglong,Total,177646,956313,490167,466146,151681,77428,74253,44961,23436,21525,538738,272460,266278,557214,314253,242961,399099,175914,223185,383441,246193,137248,260482,200965,59517,163800,128566,35234,20595,12631,7964,5085,2422,2663,71002,57346,13656,122959,45228,77731,59220,22267,36953,40357,12138,28219,4776,1001,3775,18606,9822,8784,572872,243974,328898,950.9942529790867,15.861020398133247,4.701494176069969,56.33490290312899,69.2507879378399,76.13843130889012,61.996769526375815,14.141661782514305,40.095763625507544,29.44313584156037,67.93274584616668,32.06725415383331,59.90423637449245,48.08953659102704
18,315,00000,DISTRICT,Dima Hasao,Total,42252,214102,110802,103300,32414,16480,15934,4337,2340,1997,151843,76520,75323,140873,78559,62314,73229,32243,40986,85028,56323,28705,68297,49811,18486,35375,23693,11682,1833,1367,466,750,517,233,30339,24234,6105,16731,6512,10219,9105,3291,5814,2985,1134,1851,742,143,599,3899,1944,1955,129074,54479,74595,932.2936409090089,15.13951294242931,2.025670007753314,70.92086949211124,77.53566553652416,83.28809821674689,71.32522949431129,11.962868722435601,39.713781281818946,27.787996127783153,80.3229524391965,19.6770475608035,60.28621871818105,43.759702686173966
18,316,00000,DISTRICT,Cachar,Total,379955,1736617,886284,850333,256774,131417,125357,264897,136051,128846,17569,8736,8833,1174128,639946,534182,562489,246338,316151,608062,469752,138310,471259,395681,75578,104295,95599,8696,37204,31159,6045,11226,6707,4519,318534,262216,56318,136803,74071,62732,16061,10498,5563,31460,18248,13212,13240,2953,10287,76042,42372,33670,1128555,416532,712023,959.4362529392384,14.78587391462827,15.253622416456825,1.0116796046566399,79.34138959335552,84.77599365186185,73.68271501401425,11.093278637847604,35.01416835145573,16.265392499173853,77.50180080320757,22.49819919679243,64.98583164854426,23.270488864622358
18,317,00000,DISTRICT,Karimganj,Total,247714,1228686,625864,602822,211960,107638,104322,157890,81384,76506,1940,994,946,795297,435942,359355,433389,189922,243467,399171,319798,79373,293392,256238,37154,80088,75274,4814,36618,32304,4314,8181,4478,3703,168505,144182,24323,105779,63560,42219,14260,9117,5143,30415,20199,10216,9254,2289,6965,51850,31955,19895,829515,306066,523449,963.1836948602253,17.250949388208216,12.850313261484219,0.157892252373674,78.22136937582003,84.12198538861423,72.08726178535608,12.034723603258158,32.48763313002671,13.16690499019611,73.50032943274938,26.49967056725063,67.51236686997328,29.237093877060204
18,318,00000,DISTRICT,Hailakandi,Total,143350,659296,337890,321406,111278,56936,54342,70659,36369,34290,691,354,337,407366,226836,180530,251930,111054,140876,214240,170792,43448,165193,141385,23808,56144,53679,2465,17718,16035,1683,3264,1765,1499,88067,69906,18161,49047,29407,19640,9529,6833,2696,13530,9971,3559,4049,721,3328,21939,11882,10057,445056,167098,277958,951.2148924206103,16.87830655729748,10.717340921225064,0.10480876571373102,74.33441967234653,80.73777201961887,67.59802893688405,13.139743082734824,32.495267679464156,13.518104826916735,77.10651605675878,22.893483943241225,67.50473232053584,34.476288274831965
18,319,00000,DISTRICT,Bongaigaon,Total,150018,738804,375818,362986,116392,59099,57293,82784,42513,40271,18835,9377,9458,434078,237114,196964,304726,138704,166022,255806,197542,58264,191671,167483,24188,66767,62471,4296,24914,19359,5555,4756,3453,1303,95234,82200,13034,64135,30059,34076,16675,5966,10709,22492,10729,11763,4729,1255,3474,20239,12109,8130,482998,178276,304722,965.8558131861698,15.754110697830548,11.205136951072275,2.5493906367588695,69.741264628574,74.8657327157512,64.43196278619399,10.4337699295572,34.624338796216584,16.0513077639358,74.9282659515414,25.071734048458598,65.37566120378341,35.840050663393356
18,320,00000,DISTRICT,Chirang,Total,97395,482162,244860,237302,73215,37201,36014,35135,18105,17030,178688,89273,89415,259902,145869,114033,222260,98991,123269,193894,128762,65132,139027,106201,32826,66774,52686,14088,15896,10355,5541,4241,2081,2160,52116,41079,11037,54867,22561,32306,13554,5295,8259,19328,6687,12641,3431,730,2701,18554,9849,8705,288268,116098,172170,969.1333823409295,15.184730443294992,7.286969939563881,37.0597434057433,63.55395686971661,70.24448735667609,56.65166328842256,13.592824068253528,40.21345522874055,27.446882032178404,71.7025797600751,28.297420239924907,59.78654477125945,42.63669840221977
18,321,00000,DISTRICT,Kamrup,Total,311114,1517542,778461,739081,200061,101716,98345,107827,55237,52590,182038,92094,89944,995319,550219,445100,522223,228242,293981,628954,428492,200462,421244,346863,74381,149738,134767,14971,42121,31540,10581,29452,14420,15032,199933,166136,33797,207710,81629,126081,36065,15025,21040,57401,23829,33572,39654,6724,32930,74590,36051,38539,888588,349969,538619,949.4130084872588,13.183226559792086,7.105371712941058,11.995582329846554,75.5471236397337,81.30374069996823,69.46698796384159,11.836752736126641,41.44557448821845,27.123143471419237,66.97532728943611,33.02467271056389,58.55442551178155,30.504456605729512
18,322,00000,DISTRICT,Kamrup Metropolitan,Total,293112,1253938,647585,606353,125386,64444,60942,101789,52106,49683,75121,37902,37219,1001191,537227,463964,252747,110358,142389,490932,375613,115319,413154,334724,78430,20677,17606,3071,8259,5843,2416,7973,5355,2618,376245,305920,70325,77778,40889,36889,4573,2537,2036,8736,3286,5450,4490,1457,3033,59979,33609,26370,763006,271972,491034,936.3295937984974,9.999377959675837,8.11754648156448,5.990806563003912,88.71465382188858,92.12643254375872,85.06685783748402,7.059574706274702,39.151218002803965,19.018459544192904,84.15707266994207,15.842927330057929,60.848781997196035,5.8940953125891165
18,323,00000,DISTRICT,Nalbari,Total,155248,771639,396006,375633,95333,48458,46875,60216,30654,29562,23364,11692,11672,531771,293184,238587,239868,102822,137046,267623,210202,57421,196773,172308,24465,51345,48028,3317,19603,17452,2151,8578,4913,3665,117247,101915,15332,70850,37894,32956,6725,4371,2354,15381,9555,5826,10724,2299,8425,38020,21669,16351,504016,185804,318212,948.5538097907607,12.354611418033562,7.803649115713436,3.027840738998418,78.62875680535141,84.35784409635504,72.57222637928203,11.78561771707301,34.68240977970268,15.286463116925297,73.52619169503369,26.47380830496631,65.31759022029732,26.51042698123853
18,324,00000,DISTRICT,Baksa,Total,191701,950075,481330,468745,122872,62498,60374,73083,37534,35549,331007,165634,165373,572837,322614,250223,377238,158716,218522,406756,266611,140145,278297,215948,62349,124450,106757,17693,44447,31027,13420,10433,5042,5391,98967,73122,25845,128459,50663,77796,24838,10526,14312,50144,19219,30925,9877,1961,7916,43600,18957,24643,543319,214719,328600,973.8536970477635,12.93287372049575,7.692340078414863,34.84009157171803,69.24986974176835,77.02706574473774,61.27344987768475,15.753615867052993,42.81304107570455,29.89791891113505,68.41865885198989,31.58134114801011,57.18695892429545,41.52292775029748
18,325,00000,DISTRICT,Darrang,Total,187783,928500,475273,453227,156408,79437,76971,40260,20566,19694,8419,4300,4119,487039,268666,218373,441461,206607,234854,324843,246864,77979,241456,209831,31625,107473,98837,8636,46418,39262,7156,4606,2850,1756,82959,68882,14077,83387,37033,46354,21983,8808,13175,35199,16736,18463,5936,1066,4870,20269,10423,9846,603657,228409,375248,953.6140281480328,16.84523424878837,4.336025848142165,0.9067312870220787,63.0804360102164,67.8730585393951,58.038410018710664,9.83464852068444,34.985783521809374,17.205285651560917,74.33006098330578,25.669939016694222,65.01421647819063,47.3739621909661
18,326,00000,DISTRICT,Udalguri,Total,168717,831668,421617,410051,113274,57410,55864,37844,19402,18442,267372,133550,133822,469926,264326,205600,361742,157291,204451,345030,230690,114340,253178,194782,58396,105110,91950,13160,36120,25800,10320,6259,3770,2489,105689,73262,32427,91852,35908,55944,19714,7544,12170,36624,13560,23064,5542,1111,4431,29972,13693,16279,486638,190927,295711,972.5675198106338,13.620098404651856,4.550373466335124,32.148886334450765,65.41340824116014,72.57576048785444,58.04843204296035,14.527328444894088,41.486506634859104,27.884336338650556,73.3785467930325,26.62145320696751,58.5134933651409,40.93267252123004
19,327,00000,DISTRICT,Darjiling,Total,391234,1846823,937259,909564,193169,98933,94236,317275,161495,155780,397389,197251,200138,1315585,717673,597912,531238,219586,311652,683726,479586,204140,532855,396341,136514,51984,41632,10352,32087,23372,8715,10517,7863,2654,438267,323474,114793,150871,83245,67626,24194,13062,11132,33954,16996,16958,6062,2804,3258,86661,50383,36278,1163097,457673,705424,970.4510706218879,10.459529689634579,17.17950231289084,21.517438325167056,79.5562433253873,85.60786615230829,73.3339220534558,12.273944098852496,37.02173949533875,22.443720287962144,77.93399695199538,22.06600304800461,62.97826050466124,12.296007464978661
19,328,00000,DISTRICT,Jalpaiguri,Total,868326,3872846,1983064,1889782,461700,236117,225583,1458278,750841,707437,731704,365868,365836,2498780,1396622,1102158,1374066,586442,787624,1512910,1091361,421549,1153765,922182,231583,181104,167234,13870,212657,166901,45756,18115,13334,4781,741889,574713,167176,359145,169179,189966,33828,15367,18461,137015,53684,83331,11975,4315,7660,176327,95813,80514,2359936,891703,1468233,952.9606709617037,11.921465506245278,37.65391136130897,18.89318604457807,73.25338757121507,79.94644371008394,66.22753649052787,13.718907219556073,39.06455356086971,22.306752842391344,76.26131098346895,23.738689016531055,60.93544643913029,26.02672994427957
19,329,00000,DISTRICT,Koch Bihar,Total,665720,2819086,1451542,1367544,344645,176940,167705,1414336,728506,685830,18125,9388,8737,1850504,1028733,821771,968582,422809,545773,1127977,845308,282669,886357,749848,136509,312014,283599,28415,272435,212822,59613,26147,16063,10084,275761,237364,38397,241620,95460,146160,52783,19146,33637,119440,44603,74837,14446,3206,11240,54951,28505,26446,1691109,606234,1084875,942.1318845751622,12.225416322879118,50.170019644664976,0.6429388816091457,74.7847291570096,80.71013539912852,68.49010575585558,12.220029643272937,40.01215287508079,20.669828539337672,78.57935046547935,21.42064953452065,59.98784712491921,51.81391109925114
19,330,00000,DISTRICT,Uttar Dinajpur,Total,605674,3007134,1551066,1456068,485157,248402,236755,807950,418288,389662,162816,81831,80985,1489667,853495,636172,1517467,697571,819896,1075626,799627,275999,824342,688769,135573,226346,211115,15231,294195,238667,55528,21947,10091,11856,281854,228896,52958,251284,110858,140426,31031,14125,16906,148133,67298,80835,16031,2608,13423,56089,26827,29262,1931508,751439,1180069,938.7530898104917,16.133534455065853,26.86777509748485,5.414324735778319,59.067430036039184,65.51919758279956,52.17462620344408,13.344571379355486,35.76914098274304,18.955090009532523,76.63834827347051,23.36165172652948,64.23085901725696,48.39423740221973
19,331,00000,DISTRICT,Dakshin Dinajpur,Total,396406,1676276,857199,819077,188135,96143,91992,482754,248312,234442,275366,138025,137341,1083685,596474,487211,592591,260725,331866,702987,499560,203427,526470,427578,98892,170682,156797,13885,174690,129402,45288,20485,10375,10110,160613,131004,29609,176517,71982,104535,22594,11167,11427,105242,42188,63054,11805,1919,9886,36876,16708,20168,973289,357639,615650,955.5272462987008,11.223390420193333,28.799195359236784,16.427247064325922,72.82139259653488,78.37452171719296,67.00880914886154,11.365712568331418,41.93742557908125,24.836126518019675,74.89043182875359,25.10956817124641,58.06257442091876,49.12921576074664
19,332,00000,DISTRICT,Maldah,Total,846991,3988845,2051541,1937304,609040,312340,296700,835430,432744,402686,313984,157528,156456,2086432,1152019,934413,1902413,899522,1002891,1537847,1086461,451386,1050995,851932,199063,219241,206232,13009,322452,281043,41409,98383,24882,73501,410919,339775,71144,486852,234529,252323,35941,19899,16042,223307,128291,95016,98304,11040,87264,129300,75299,54001,2450998,965080,1485918,944.3164918468605,15.268580253181058,20.944158020680174,7.871551790054515,61.73231887638488,66.23840487672213,56.95542617231215,9.282978704409977,38.55369160747033,23.299698963095107,68.34197420159482,31.65802579840517,61.44630839252967,35.224115272845744
19,333,00000,DISTRICT,Murshidabad,Total,1570759,7103807,3627564,3476243,1013392,514876,498516,897534,460143,437391,91035,46163,44872,4055834,2177187,1878647,3047973,1450377,1597596,2589907,1985667,604240,2022083,1662624,359459,346049,336521,9528,627126,597348,29778,315687,97611,218076,733221,631144,102077,567824,323043,244781,35027,27007,8020,215168,182494,32674,150320,19900,130420,167309,93642,73667,4513900,1641897,2872003,958.2857807608632,14.26547765163102,12.634549333899415,1.281495964065465,66.59372144591133,69.94555830844594,63.08996761623883,6.855590692207109,36.458014695500594,17.381983940708405,78.07550618612946,21.924493813870534,63.541985304499406,37.575673566657024
19,334,00000,DISTRICT,Birbhum,Total,817899,3502404,1790920,1711484,448485,228909,219576,1033140,529001,504139,242484,119787,122697,2158447,1201481,956966,1343957,589439,754518,1331603,1029770,301833,912844,785648,127196,191661,181962,9699,350669,302096,48573,34042,18272,15770,336472,283318,53154,418759,244122,174637,35593,28244,7349,260841,159244,101597,31020,5733,25287,91305,50901,40404,2170801,761150,1409651,955.6451432783151,12.805061894630088,29.498024785261777,6.923358927182586,70.67793874035297,76.91885652533817,64.14376757816166,12.775088947176513,38.01968590716548,17.635747690308527,68.55226370021695,31.447736299783042,61.98031409283452,40.72760424841338
19,335,00000,DISTRICT,Barddhaman,Total,1730927,7717563,3966889,3750674,832033,426385,405648,2115719,1079584,1036135,489447,243581,245866,5247208,2918040,2329168,2470355,1048849,1421506,2911251,2293083,618168,2166742,1838681,328061,297193,284860,12333,604286,476956,127330,81338,51662,29676,1183925,1025203,158722,744509,454402,290107,44973,34253,10720,368896,223552,145344,43220,13137,30083,287420,183460,103960,4806312,1673806,3132506,945.4950718308478,10.781032820852904,27.414340511376455,6.341989044987388,76.20630510650597,82.41877427620474,69.63078911793211,12.787985158272633,37.72241315036884,16.481517721881453,74.42649225367376,25.573507746326236,62.27758684963116,30.965347886527134
19,336,00000,DISTRICT,Nadia,Total,1232282,5167600,2653768,2513832,525180,267954,257226,1546917,798258,748659,140700,71142,69558,3480555,1878866,1601689,1687045,774902,912143,1842607,1554090,288517,1595880,1405191,190689,293229,286621,6608,461580,436313,25267,130486,78186,52300,710585,604071,106514,246727,148899,97828,15513,10434,5079,94554,76987,17567,38652,8464,30188,98008,53014,44994,3324993,1099678,2225315,947.268939862113,10.16293830791857,29.93492143354749,2.7227339577366667,74.9728589830304,78.75157074273183,70.97778699515999,7.773783747571841,35.656920040250796,11.477179063676491,86.60989565327822,13.390104346721794,64.3430799597492,40.96418823981457
19,337,00000,DISTRICT,North Twenty Four Parganas,Total,2348683,10009781,5119389,4890392,957973,489824,468149,2169084,1115458,1053626,264597,134179,130418,7608693,4056046,3552647,2401088,1063343,1337745,3571624,2945189,626435,3055630,2630907,424723,261515,249178,12337,434463,395470,38993,103443,67025,36418,2256209,1919234,336975,515994,314282,201712,26543,17329,9214,164576,113931,50645,52319,14409,37910,272556,168613,103943,6438157,2174200,4263957,955.2686853841346,9.570369221864095,21.66964492030345,2.643384505615058,84.05716294468463,87.61181666096059,80.33586123602886,7.275955424931723,35.68134008126651,12.809504841329694,85.55295854210857,14.447041457891425,64.31865991873349,19.48631770869498
19,338,00000,DISTRICT,Hugli,Total,1287423,5519145,2814653,2704492,533210,273116,260094,1344021,680992,663029,229243,113249,115994,4078388,2211777,1866611,1440757,602876,837881,2152870,1713608,439262,1714645,1463433,251212,231407,221390,10017,370014,287249,82765,75215,55325,19890,1038009,899469,138540,438225,250175,188050,28273,18140,10133,213366,128701,84665,36613,11299,25314,159973,92035,67938,3366275,1101045,2265230,960.8616053204428,9.661097869325774,24.351978431441825,4.153596254492317,81.79785737278966,87.02517413675268,76.36280998429879,10.66236415245389,39.00731000906843,16.241941185257712,79.64461393395793,20.355386066042076,60.99268999093157,27.935778751155432
19,339,00000,DISTRICT,Bankura,Total,766902,3596674,1838095,1758579,418650,214846,203804,1174447,593440,581007,368690,183467,185223,2232992,1299337,933655,1363682,538758,824924,1466220,1050822,415398,916393,762088,154305,238179,226414,11765,303270,219998,83272,31479,22070,9409,343465,293606,49859,549827,288734,261093,71544,50567,20977,344104,165051,179053,29907,7929,21978,104272,65187,39085,2130454,787273,1343181,956.7399943963724,11.639920660032018,32.65369616484563,10.250859544123266,70.26353482541353,80.04545205325861,60.050811210625334,19.99464084263328,40.76599658462235,23.621230550347754,62.50037511423934,37.49962488576066,59.23400341537766,36.92822359536768
19,340,00000,DISTRICT,Puruliya,Total,567824,2930115,1496996,1433119,410227,210003,200224,567767,290789,276978,540652,271803,268849,1624905,1002058,622847,1305210,494938,810272,1249642,801254,448388,613398,493232,120166,166814,145180,21634,128475,88883,39592,45114,25457,19657,272995,233712,39283,636244,308022,328222,101986,58355,43631,363730,150855,212875,42446,13586,28860,128082,85226,42856,1680473,695742,984731,957.3298793049547,14.00037199905123,19.376952781716756,18.451562481336055,64.4832230638822,77.86040794316675,50.519062856123185,27.341345087043564,42.648223704530366,31.287562302921113,49.08589820124484,50.91410179875516,57.351776295469634,23.629887599808587
19,341,00000,DISTRICT,Haora,Total,1061336,4850029,2500819,2349210,522802,266472,256330,718951,367053,351898,15094,7761,7333,3605206,1942824,1662382,1244823,557995,686828,1819845,1498170,321675,1496267,1304435,191832,67686,63162,4524,116736,109125,7611,212552,162796,49756,1099293,969352,129941,323578,193735,129843,12889,8001,4888,64926,51405,13521,85222,36199,49023,160541,98130,62411,3030184,1002649,2027535,939.3762603371135,10.779358226517822,14.823643322545083,0.31121463397435356,83.31446443646243,86.95265328080195,79.43035434425289,7.522298936549063,37.522352959126636,13.692901017788959,82.2194747354857,17.780525264514285,62.477647040873364,10.133939978404754
19,342,00000,DISTRICT,Kolkata,Total,1024928,4496694,2356766,2139928,339323,175564,163759,241932,128053,113879,10684,5729,4955,3588137,1926915,1661222,908557,429851,478706,1795740,1412466,383274,1576419,1294266,282153,7413,4702,2711,8903,6767,2136,53463,41487,11976,1506640,1241310,265330,219321,118200,101121,8626,3454,5172,3485,2006,1479,14975,6312,8663,192235,106428,85807,2700954,944300,1756654,907.9934113102446,7.546054946144879,5.380219334471057,0.23759677665413748,86.30783733277593,88.34188672117483,84.0627496939786,4.279137027196228,39.934672005700186,17.910602599713634,87.78659494136122,12.213405058638777,60.065327994299814,0.9085947854366444
19,343,00000,DISTRICT,South Twenty Four Parganas,Total,1781221,8161961,4173778,3988183,1025679,522552,503127,2464032,1266504,1197528,96976,49195,47781,5531657,3043277,2488380,2630304,1130501,1499803,2964494,2356571,607923,2003685,1748714,254971,263077,242788,20289,388993,357354,31639,124062,90889,33173,1227553,1057683,169870,960809,607857,352952,92273,59330,32943,417569,297908,119661,116914,42898,74016,334053,207721,126332,5197467,1817207,3380260,955.5330925602656,12.566575606033892,30.18921555738872,1.1881458389717863,77.5145516951264,83.34945577184212,71.4014351562787,11.948020615563422,36.320854755370675,15.243106948703206,67.5894435947585,32.4105564052415,63.67914524462932,21.99599661864723
19,344,00000,DISTRICT,Paschim Medinipur,Total,1301610,5913457,3007885,2905572,685012,349031,335981,1128269,570125,558144,880015,439831,440184,4078412,2266913,1811499,1835045,740972,1094073,2509159,1757358,751801,1510548,1252207,258341,436384,403904,32480,489199,363115,126084,57613,39114,18499,527352,446074,81278,998611,505151,493460,135884,82917,52967,616002,311038,304964,84989,19421,65568,161736,91775,69961,3404298,1250527,2153771,965.9850692430064,11.583951654675092,19.079685537579792,14.881565892844067,78.00430147013118,85.25902512887131,70.49756167421197,14.76146345465935,42.4313392318571,25.874457765975166,60.20136627451668,39.79863372548332,57.5686607681429,36.88817647666011
19,345,00000,DISTRICT,Purba Medinipur,Total,1114170,5095875,2629834,2466041,587654,301989,285665,745434,383718,361716,27952,14196,13756,3923194,2149073,1774121,1172681,480761,691920,1910320,1516096,394224,1127312,1000203,127109,241789,227108,14681,277268,250205,27063,58040,36537,21503,550215,486353,63862,783008,515893,267115,103426,68845,34581,425036,293496,131540,60776,20465,40311,193770,133087,60683,3185555,1113738,2071817,937.7173616281483,11.531954767336327,14.628184561042017,0.5485220889444894,87.02310734101101,92.32027905638047,81.3676631920366,10.95261586434387,37.48757573527608,15.986108908975966,59.011683906361235,40.98831609363876,62.51242426472392,27.171206918212654
20,346,00000,DISTRICT,Garhwa,Total,254697,1322784,683575,639209,239664,122305,117359,319946,165313,154633,205874,104499,101375,653476,405161,248315,669308,278414,390894,571431,335451,235980,175126,135273,39853,47082,35512,11570,57365,39564,17801,4283,2902,1381,66396,57295,9101,396305,200178,196127,66479,31333,35146,271308,129817,141491,10204,4469,5735,48314,34559,13755,751353,348124,403229,935.097099806166,18.11815080920241,24.18732007644483,15.56368991460435,60.332742447743556,72.18646996988971,47.583596819009294,24.60287315088042,43.199116409028235,36.91750272602545,30.64691975059106,69.35308024940893,56.80088359097177,18.2781473178739
20,347,00000,DISTRICT,Chatra,Total,182271,1042886,533935,508951,195321,99312,96009,340553,172668,167885,45563,23141,22422,510061,303902,206159,532825,230033,302792,397690,251213,146477,195502,145553,49949,75717,56865,18852,63773,43233,20540,6073,4051,2022,49939,41404,8535,202188,105660,96528,43580,22004,21576,124740,63543,61197,8137,3012,5125,25731,17101,8630,645196,282722,362474,953.2077874647663,18.728892707352482,32.65486352295457,4.3689339007331585,60.179573248069474,69.92312878057535,49.92444459512474,19.998684185450614,38.133602330456064,28.780177266573798,49.15939550906485,50.84060449093515,61.866397669543936,35.07505846262164
20,348,00000,DISTRICT,Kodarma,Total,116155,716259,367222,349037,132375,67916,64459,109003,55346,53657,6903,3594,3309,390249,238780,151469,326010,128442,197568,257418,173993,83425,143324,117881,25443,39007,30171,8836,24197,17377,6820,3912,2600,1312,76208,67733,8475,114094,56112,57982,44119,16831,27288,40078,18307,21771,4022,1757,2265,25875,19217,6658,458841,193229,265612,950.4795464324033,18.48144316511206,15.218377709739075,0.9637575234656738,66.83673469387756,79.77788617668874,53.22582912241987,26.55205705426887,35.93923427140183,23.901477493790058,55.67753614743336,44.32246385256664,64.06076572859818,24.553061557466844
20,349,00000,DISTRICT,Giridih,Total,396521,2445474,1258098,1187376,460251,237056,223195,325493,166447,159046,238188,120646,117542,1253475,783736,469739,1191999,474362,717637,1036277,623946,412331,412912,327651,85261,134666,97777,36889,78621,56328,22293,13020,9387,3633,186605,164159,22446,623365,296295,327070,235247,94587,140660,283989,133140,150849,19524,7043,12481,84605,61525,23080,1409197,634152,775045,943.7865730650553,18.82052313784567,13.310016790200999,9.739952254654925,63.14026182449025,76.75844872199184,48.718964592747625,28.039484129244215,42.375302293134176,34.72623667650348,39.84571692703785,60.15428307296216,57.624697706865824,20.582045148160194
20,350,00000,DISTRICT,Deoghar,Total,264347,1492073,775022,717051,268453,137658,130795,190036,98295,91741,180962,91012,89950,793538,489837,303701,698535,285185,413350,551467,383691,167776,297146,238224,58922,72898,58619,14279,69187,51776,17411,22041,11797,10244,133020,116032,16988,254321,145467,108854,55758,31630,24128,140506,76418,64088,17320,5757,11563,40737,31662,9075,940606,391331,549275,925.2008330086113,17.991948115139138,12.736374158637009,12.128226970128138,64.85166963599809,76.85357189926007,51.803478343931666,25.05009355532841,36.95978682008186,23.398056763047535,53.882825264249725,46.11717473575028,63.04021317991813,25.76491431037578
20,351,00000,DISTRICT,Godda,Total,253648,1313551,677927,635624,241784,123368,118416,115567,59835,55732,279208,138510,140698,604519,376212,228307,709032,301715,407317,552191,344019,208172,235735,182438,53297,76990,63170,13820,87229,61535,25694,10546,6705,3841,60970,51028,9942,316456,161581,154875,67613,35464,32149,220538,108314,112224,8173,3273,4900,20132,14530,5602,761360,333908,427452,937.5994760497812,18.406898552092763,8.798059610932503,21.25596950556164,56.40395720338469,67.83985112494794,44.142201976767566,23.697649148180375,42.03803278289156,32.75080865417291,42.69084429119634,57.30915570880366,57.96196721710844,29.739528532699737
20,352,00000,DISTRICT,Sahibganj,Total,227023,1150567,589391,561176,221955,113220,108735,72341,37317,35024,308343,153435,154908,483263,287303,195960,667304,302088,365216,490202,295690,194512,322572,226729,95843,82755,63299,19456,110168,80311,29857,32917,5736,27181,96732,77383,19349,167630,68961,98669,27220,12976,14244,96734,39176,57558,10262,2106,8156,33414,14703,18711,660365,293701,366664,952.1285530318582,19.290923518578232,6.287421766833222,26.799221601175766,52.04143388196577,60.33609774639783,43.311724622657984,17.02437312373985,42.60525462663191,34.66149657148559,65.80389308897149,34.196106911028515,57.39474537336808,39.355816581735695
20,353,00000,DISTRICT,Pakur,Total,182317,900422,452661,447761,177623,89935,87688,28469,14352,14117,379054,186967,192087,352881,206989,145892,547541,245672,301869,404584,234012,170572,252017,167872,84145,68549,54103,14446,57797,39644,18153,13965,3178,10787,111706,70947,40759,152567,66140,86427,36785,17060,19725,92231,36982,55249,5506,1473,4033,18045,10625,7420,495838,218649,277189,989.1751222217068,19.726639286912135,3.161739717599081,42.09737212107212,48.82145658751603,57.0648368189763,40.51733953948227,16.54749727949403,44.93270932962544,38.094429840919595,62.290401993158405,37.709598006841595,55.06729067037456,31.228620014632313
20,354,00000,DISTRICT,Dhanbad,Total,507064,2684487,1405956,1278531,373394,194879,178515,437309,226362,210947,233119,117256,115863,1722204,1014950,707254,962283,391006,571277,844504,658851,185653,546714,476848,69866,32963,25780,7183,25466,19163,6303,14488,10748,3740,473797,421157,52640,297790,182003,115787,64155,27545,36610,78022,36516,41506,11401,5619,5782,144212,112323,31889,1839983,747105,1092878,909.3677184776764,13.909324202352256,16.290226028287712,8.683931045298413,74.51902627890786,83.8055714046258,64.29488298352024,19.510688421105556,31.458673482121537,14.520805518208006,64.73788164413668,35.26211835586332,68.54132651787846,6.9187357312694795
20,355,00000,DISTRICT,Bokaro,Total,394918,2062330,1072807,989523,293786,152803,140983,299227,154297,144930,255626,129233,126393,1273520,759088,514432,788810,313719,475091,685368,507677,177691,380304,327840,52464,50940,40804,10136,23861,18013,5848,10564,7646,2918,294939,261377,33562,305064,179837,125227,86581,42525,44056,102545,50105,52440,11107,4611,6496,104831,82596,22235,1376962,565130,811832,922.3681426388903,14.245343858645318,14.509171665058455,12.39500952805807,72.00951743354986,82.50920648171095,60.62554505385721,21.88366142785374,33.232702816717016,17.95723798234099,55.489021956087825,44.510978043912175,66.76729718328298,10.91399073198632
20,356,00000,DISTRICT,Lohardaga,Total,88638,461790,232629,229161,77649,39412,38237,15330,7862,7468,262734,130814,131920,259707,149568,110139,202083,83061,119022,221332,121605,99727,103001,71000,32001,52916,36663,16253,21281,11784,9497,2173,1441,732,26631,21112,5519,118331,50605,67726,46864,19734,27130,59559,23907,35652,2276,975,1301,9632,5989,3643,240458,111024,129434,985.0921424242034,16.814785941661796,3.3196907685311507,56.89469239264601,67.60720672877927,77.40933768767758,57.68735203536486,19.721985652312718,47.92914528248771,43.518312452817014,46.53687672817306,53.46312327182694,52.07085471751229,33.522942909294635
20,357,00000,DISTRICT,Purbi Singhbhum,Total,476931,2293919,1176902,1117017,296626,154229,142397,111414,56147,55267,653923,325989,327934,1507699,856526,651173,786220,320376,465844,837167,616249,220918,529578,445404,84174,49893,41395,8498,39661,26733,12928,12926,9293,3633,427098,367983,59115,307589,170845,136744,62166,39014,23152,170141,81040,89101,8512,3853,4659,66770,46938,19832,1456752,560653,896099,949.116409012815,12.930970971512071,4.856928252479708,28.506804294310307,75.48712181938254,83.75365341609684,66.8130143030104,16.940639113086434,36.49505496924695,19.77749667193964,63.258346303664624,36.74165369633538,63.50494503075305,10.69726828697261
20,358,00000,DISTRICT,Palamu,Total,358754,1939869,1006302,933567,329728,169543,160185,536382,277119,259263,181208,92577,88631,1024563,621706,402857,915306,384596,530710,713175,473042,240133,283702,225344,58358,68895,55028,13867,95734,69692,26042,7062,5085,1977,112011,95539,16472,429473,247698,181775,64690,36012,28678,285242,158696,126546,12849,5789,7060,66692,47201,19491,1226694,533260,693434,927.720505375126,16.99743642483075,27.650423817278387,9.341249331784775,63.631880686225614,74.29929047670835,52.090299489773486,22.208990986934865,36.7640804611033,25.7220960038219,39.78013811476846,60.21986188523154,63.2359195388967,23.083955550881623
20,359,00000,DISTRICT,Latehar,Total,133381,726978,369666,357312,137699,69971,67728,154910,78266,76644,331096,166427,164669,350682,209706,140976,376296,159960,216336,313379,180106,133273,117311,82884,34427,47375,33135,14240,33198,20716,12482,3164,1985,1179,33574,27048,6526,196068,97222,98846,56318,27710,28608,109531,52593,56938,6041,2292,3749,24178,14627,9551,413599,189560,224039,966.5806430669847,18.94128845714726,21.30876037514203,45.54415676953085,59.510350784602885,69.97313935834765,48.68224763799105,21.290891720356605,43.10708164483657,37.29877530001791,37.43422501188656,62.56577498811343,56.89291835516344,25.711039986725336
20,360,00000,DISTRICT,Hazaribagh,Total,304749,1734495,890881,843614,281863,145821,136042,303515,155013,148502,121768,60796,60972,1013249,596113,417136,721246,294768,426478,654636,423472,231164,327316,261999,65317,112671,83221,29450,43404,29331,14073,8106,5827,2279,163135,143620,19515,327320,161473,165847,129789,53922,75867,128981,57632,71349,8044,3772,4272,60506,46147,14359,1079859,467409,612450,946.9435311786872,16.250436005869144,17.498753239415507,7.020371923816442,69.7526283325715,80.00872412960031,58.95315247070263,21.055571658897676,37.74216702844343,27.40163155187088,49.99969448670712,50.000305513292886,62.25783297155656,23.841493593386247
20,361,00000,DISTRICT,Ramgarh,Total,179375,949443,494230,455213,134226,69661,64565,106356,54986,51370,201166,101901,99265,596497,350031,246466,352946,144199,208747,312125,234202,77923,221112,183137,37975,59360,44107,15253,21342,15224,6118,5247,4121,1126,135163,119685,15478,91013,51065,39948,31410,12696,18714,25473,12921,12552,3089,1494,1595,31041,23954,7087,637318,260028,377290,921.0549744046294,14.137341578167408,11.201936293173997,21.187791157552375,73.17033378842689,82.44384305024624,63.09158116770085,19.352261882545392,32.8745380186067,17.117920621774864,70.84084901882258,29.15915098117741,67.1254619813933,25.855666800160193
20,362,00000,DISTRICT,Dumka,Total,275019,1321442,668514,652928,219449,111641,107808,79614,40802,38812,571077,282125,288952,672409,406275,266134,649033,262239,386794,624779,367108,257671,237479,171817,65662,83224,60983,22241,72157,46876,25281,10346,6717,3629,71752,57241,14511,387300,195291,192009,110178,55521,54657,230927,111850,119077,12760,5346,7414,33435,22574,10861,696663,301406,395257,976.6856041907873,16.606782590533676,6.02478201843138,43.216198667818944,61.01753822392701,72.95649097729644,48.82117698855298,24.135313988743462,47.280092505005896,39.4639225151931,38.01008036441686,61.98991963558315,52.719907494994104,24.869753944994947
20,363,00000,DISTRICT,Jamtara,Total,155275,791042,404830,386212,130993,67051,63942,72885,37212,35673,240489,120035,120454,426312,258260,168052,364730,146570,218160,326631,214740,111891,122434,96117,26317,42802,33437,9365,26814,19440,7374,6154,4006,2148,46664,39234,7430,204197,118623,85574,63206,34995,28211,108853,60588,48265,5393,2781,2612,26745,20259,6486,464411,190090,274321,954.01032532174,16.55955056747935,9.213796486153706,30.40154631486065,64.58793210807076,76.45827597334352,52.14633692245633,24.31193905088719,41.291233588102784,28.971393949437097,37.48388854701483,62.51611145298517,58.708766411897216,21.313347477734816
20,364,00000,DISTRICT,Ranchi,Total,569444,2914253,1494937,1419316,401214,207029,194185,152943,78613,74330,1042016,520582,521434,1911433,1085244,826189,1002820,409693,593127,1142867,743967,398900,756176,553949,202227,208011,135622,72389,103770,60822,42948,23609,16096,7513,420786,341409,79377,386691,190018,196673,109476,49440,60036,163590,72231,91359,14843,6070,8773,98782,62277,36505,1771386,750970,1020416,949.4152596397039,13.767301603532706,5.248103030176172,35.755852357362244,76.06061823951002,84.26409339797564,67.43678839242497,16.82730500555067,39.21646473384431,28.10508723920536,66.16482932834704,33.83517067165296,60.78353526615569,27.28060220480598
20,365,00000,DISTRICT,Khunti,Total,103700,531885,266335,265550,86292,43947,42345,24037,12223,11814,389626,193710,195916,284575,164741,119834,247310,101594,145716,259984,141123,118861,153087,93812,59275,107222,64568,42654,16422,8583,7839,4874,2839,2035,24569,17822,6747,106897,47311,59586,59068,26386,32682,33026,12974,20052,4371,1769,2602,10432,6182,4250,271901,125212,146689,997.0525841515386,16.223807777997123,4.519209979600854,73.25380486383335,63.86433359590479,74.07818767199669,53.68786541520127,20.390322256795415,48.879739041334126,44.76030879307098,58.88323896855191,41.11676103144809,51.120260958665874,47.5583112806942
20,366,00000,DISTRICT,Gumla,Total,188988,1025213,514390,510823,173647,88472,85175,32459,16446,16013,706754,352514,354240,559720,321795,237925,465493,192595,272898,487508,264774,222734,278931,176067,102864,196517,122451,74066,33161,18103,15058,7482,4678,2804,41771,30835,10936,208577,88707,119870,124755,52105,72650,64757,26515,38242,5289,2222,3067,13776,7865,5911,537705,249616,288089,993.0655728144015,16.937651005205748,3.1660737817409648,68.93728425215053,65.72831700655028,75.55327551312693,55.89712626395519,19.656149249171747,47.55187458606163,43.60297010902015,57.21567646069398,42.78432353930602,52.44812541393837,47.11266276655973
20,367,00000,DISTRICT,Simdega,Total,118288,599578,300309,299269,94414,47962,46452,44674,22150,22524,424407,211546,212861,343483,191991,151492,256095,108318,147777,288645,159867,128778,155510,105703,49807,96004,67365,28639,29589,17064,12525,5284,3249,2035,24633,18025,6608,133135,54164,78971,62015,25808,36207,60643,22425,38218,2727,1207,1520,7750,4724,3026,310933,140442,170491,996.5369003259975,15.746741875118833,7.4509071380204075,70.78428494707944,67.99435430869974,76.08214086159138,59.92160337319089,16.160537488400493,48.14135942279403,43.03085184232246,53.875868281106555,46.12413171889345,51.858640577205975,43.51123352214658
20,368,00000,DISTRICT,Pashchimi Singhbhum,Total,302046,1502338,749385,752953,261493,131836,129657,56986,28144,28842,1011296,500949,510347,727561,439273,288288,774777,310112,464665,694863,392690,302173,343008,239844,103164,137464,95888,41576,72410,39213,33197,14751,8763,5988,118383,95980,22403,351855,152846,199009,106708,50054,56654,195065,75690,119375,10074,4236,5838,40008,22866,17142,807475,356695,450780,1004.7612375481227,17.40573692471335,3.793154403336666,67.3148119797276,58.63431774315083,71.13168347774833,46.252181948865385,24.87950152888294,46.25210838040441,40.13172136906288,49.3633996917378,50.6366003082622,53.74789161959559,30.203651655074452
20,369,00000,DISTRICT,Saraikela-Kharsawan,Total,221232,1065056,544411,520645,159596,82120,77476,56195,28243,27952,374642,187149,187493,612993,365332,247661,452063,179079,272984,430051,283281,146770,228598,181056,47542,57441,43996,13445,32167,19060,13107,6061,3802,2259,132929,114198,18731,201453,102225,99228,59290,31871,27419,110799,50735,60064,4190,1897,2293,27174,17722,9452,635005,261130,373875,956.3454816306063,14.984751975482979,5.276248385061442,35.175802962473334,67.69962229143198,79.0264140984791,55.884098391358606,23.14231570712049,40.37825241114083,28.190033516119428,53.15602103006387,46.843978969936124,59.62174758885917,20.836598449951286
21,370,00000,DISTRICT,Bargarh,Total,370308,1481255,749161,732094,162922,83267,79655,298780,150420,148360,281135,140542,140593,983783,557217,426566,497472,191944,305528,762092,473305,288787,474390,372806,101584,173496,153167,20329,152438,103347,49091,34886,23513,11373,113570,92779,20791,287702,100499,187203,42917,15194,27723,208212,68350,139862,13259,4130,9129,23314,12825,10489,719163,275856,443307,977.218515112239,10.998916459353723,20.170733600899236,18.97951399320171,74.6232552776878,83.6795345805789,65.38021178991445,18.299322790664448,51.44907527738303,39.44671039511319,62.248389958167785,37.751610041832215,48.55092472261697,42.768327183594636
21,371,00000,DISTRICT,Jharsuguda,Total,136061,579505,296690,282815,64794,33341,31453,104620,52580,52040,176758,88273,88485,405879,228092,177787,173626,68598,105028,247707,172018,75689,172069,137683,34386,32716,28281,4435,21048,13460,7588,9320,4250,5070,108985,91692,17293,75638,34335,41303,8151,4320,3831,35761,13304,22457,6516,1652,4864,25210,15059,10151,331798,124672,207126,953.2340153021672,11.180921648648416,18.053338625205996,30.5015487355588,78.85570737753808,86.61206232034296,70.72946586994057,15.882596450402389,42.74458373957084,26.76272474939448,69.46473050822141,30.535269491778593,57.25541626042916,21.704675281683603
21,372,00000,DISTRICT,Sambalpur,Total,249597,1041099,526877,514222,117848,60744,57104,191827,96511,95316,355261,177565,177696,703691,393192,310499,337408,133685,203723,505840,313161,192679,336854,242724,94130,72629,61066,11563,73078,46353,26725,34007,10304,23703,157140,125001,32139,168986,70437,98549,14171,7684,6487,87720,34544,53176,25281,3582,21699,41814,24627,17187,535259,213716,321543,975.9811113409771,11.31957671652744,18.425433124035273,34.123652025407765,76.2188180678927,84.35189098390373,67.92534969088945,16.42654129301428,48.58711803584481,37.47000322817771,66.59299383204174,33.40700616795825,51.41288196415519,28.80495808951447
21,373,00000,DISTRICT,Debagarh,Total,75452,312520,158230,154290,39917,20718,19199,52112,26343,25769,110400,55126,55274,197819,112649,85170,114701,45581,69120,165435,92384,73051,83408,59636,23772,32084,24947,7137,24462,14941,9521,4772,2595,2177,22090,17153,4937,82027,32748,49279,10576,4794,5782,58028,21704,36324,3315,1210,2105,10108,5040,5068,147085,65846,81239,975.0995386462744,12.772622552156662,16.67477281453987,35.32573915269423,72.56669955943258,81.91939612542906,63.04639095128469,18.873005174144367,52.93581210802508,47.346555188281805,50.41738447124248,49.582615528757515,47.06418789197491,34.180191616042556
21,374,00000,DISTRICT,Sundargarh,Total,479109,2093437,1061147,1032290,263160,135204,127956,191660,96465,95195,1062349,526856,535493,1342322,750147,592175,751115,311000,440115,873227,584687,288540,535112,430698,104414,132555,111715,20840,59287,37982,21305,16490,13009,3481,326780,267992,58788,338115,153989,184126,51718,29905,21813,194040,67412,126628,10480,4998,5482,81877,51674,30203,1220210,476460,743750,972.8058412265219,12.570715048984038,9.155279093662719,50.746642960834265,73.33982779655757,81.01438209479417,65.48189054044191,15.532491554352262,41.7125999015017,27.95144775208517,61.27982758206056,38.72017241793944,58.28740009849831,21.969316111389134
21,375,00000,DISTRICT,Kendujhar,Total,405272,1801733,906487,895246,259403,131885,127518,209357,104684,104673,818878,405927,412951,1052518,605119,447399,749215,301368,447847,766514,498077,268437,442497,362695,79802,158838,142255,16583,84638,54786,29852,12007,8812,3195,187014,156842,30172,324017,135382,188635,39206,23226,15980,225437,77830,147607,9307,3476,5831,50067,30850,19217,1035219,408410,626809,987.5993809067312,14.397416265340093,11.6197572004287,45.449464487801464,68.242075301654,78.11998936227896,58.2757174415939,19.84427192068506,42.54315151024042,29.984719283861644,57.728495500408336,42.27150449959166,57.45684848975958,31.76406432237376
21,376,00000,DISTRICT,Mayurbhanj,Total,586253,2519738,1256213,1263525,351834,179536,172298,184682,92127,92555,1479576,730487,749089,1369397,794171,575226,1150341,462042,688299,1223534,697782,525752,548390,407902,140488,171380,149432,21948,145285,89712,55573,35730,17663,18067,195995,151095,44900,675144,289880,385264,67392,43840,23552,423470,168487,254983,78078,17979,60099,106204,59574,46630,1296204,558431,737773,1005.8206689470654,13.96311838770539,7.3294128199042925,58.71943829080642,63.16686532244971,73.76130445806866,52.71368835265257,21.047616105416097,48.55798499685285,41.60994044439168,44.8201684628298,55.1798315371702,51.442015003147155,25.881176984047848
21,377,00000,DISTRICT,Baleshwar,Total,533001,2320529,1185787,1134742,288672,148565,140107,478586,243597,234989,275678,137748,137930,1621232,902359,718873,699297,283428,415869,932707,684020,248687,618064,540777,77287,227102,216254,10848,165636,133637,31999,17203,13887,3316,208123,176999,31124,314643,143243,171400,61716,26272,35444,192578,85902,106676,11533,4737,6796,48816,26332,22484,1387822,501767,886055,956.9526398923247,12.439922103968534,20.62400426799234,11.879963577270528,79.7906545588592,86.99767262938889,72.27505567368935,14.722616955699536,40.193723069179484,21.91573062423,66.26561181592933,33.73438818407067,59.80627693082051,42.10732845363013
21,378,00000,DISTRICT,Bhadrak,Total,306333,1506337,760260,746077,184560,95048,89512,334896,168687,166209,30428,15361,15067,1094140,596269,497871,412197,163991,248206,468599,409559,59040,328097,302986,25111,130597,126524,4073,75320,69718,5602,8648,7514,1134,113532,99230,14302,140502,106573,33929,25359,20620,4739,76057,60437,15620,5803,3393,2410,33283,22123,11160,1037738,350701,687037,981.3445400257806,12.252238376936901,22.232475203092005,2.0199995087420675,82.77795724997485,89.63593561150431,75.82965890658198,13.806276704922325,31.108510247042993,7.913392317414958,70.01658134140277,29.983418658597223,68.891489752957,43.943115542286684
21,379,00000,DISTRICT,Kendrapara,Total,321934,1440361,717814,722547,161159,83654,77505,309780,155531,154249,9484,4748,4736,1089265,579970,509295,351096,137844,213252,466890,386382,80508,322265,295890,26375,122975,119443,3532,70136,65120,5016,9261,8045,1216,119893,103282,16611,144625,90492,54133,26289,15930,10359,73728,50013,23715,7283,3346,3937,37325,21203,16122,973471,331432,642039,1006.5936301047346,11.188792254164062,21.507108287436274,0.6584460423463284,85.15191502202154,91.45483789579917,78.9553238393779,12.499514056421276,32.414790458780814,11.142250953917184,69.02375291824627,30.976247081753733,67.58520954121919,41.36113431429245
21,380,00000,DISTRICT,Jagatsinghapur,Total,261307,1136971,577865,559106,110249,57155,53094,248152,125184,122968,7862,4226,3636,889027,481049,407978,247944,96816,151128,403649,325589,78060,290170,256080,34090,92062,87651,4411,56051,46849,9202,10212,8674,1538,131845,112906,18939,113479,69509,43970,19258,11540,7718,54272,35044,19228,6145,3335,2810,33804,19590,14214,733322,252276,481046,967.5374006039473,9.696729292127944,21.82571059420161,0.6914864143412629,86.58887215818888,92.38328436173686,80.62615115847055,11.757133203266307,35.50213681791356,13.961574370512924,71.88671345649314,28.11328654350686,64.49786318208643,36.693513423791465
21,381,00000,DISTRICT,Cuttack,Total,579170,2624470,1352760,1271710,271816,142037,129779,498633,254456,244177,93745,47437,46308,2011469,1103033,908436,613001,249727,363274,936365,761876,174489,696274,615670,80604,119181,114861,4320,132637,117492,15145,36649,30518,6131,407807,352799,55008,240091,146206,93885,19517,12937,6580,115661,70195,45466,15160,7387,7773,89753,55687,34066,1688105,590884,1097221,940.0854549217895,10.356986362960903,18.999378922220487,3.571959290828244,85.49786751473017,91.10531475820646,79.55261745236795,11.552697305838507,35.67825122786696,13.720816852898853,74.3592509331297,25.64074906687029,64.32174877213303,26.893145301244708
21,382,00000,DISTRICT,Jajapur,Total,407851,1827192,926034,901158,216804,112558,104246,433387,220553,212834,151432,76048,75384,1290455,706396,584059,536737,219638,317099,552234,486091,66143,407564,375457,32107,106239,102670,3569,106247,98586,7661,14067,12772,1295,181011,161429,19582,144670,110634,34036,14642,11268,3374,79774,62028,17746,6871,4822,2049,43383,32516,10867,1274958,439943,835015,973.1370554428887,11.865419726005806,23.71874439029943,8.287689525786014,80.13317287510836,86.83673519562961,73.2902754632883,13.546459732341319,30.223096423364375,7.339778374047615,73.8027720133132,26.197227986686805,69.77690357663563,38.477529453094164
21,383,00000,DISTRICT,Dhenkanal,Total,279364,1192811,612593,580218,139096,74093,65003,234079,118755,115324,162056,80878,81178,829910,464093,365817,362901,148500,214401,435533,340552,94981,277338,245235,32103,59655,57261,2394,66856,55563,11293,10672,8984,1688,140155,123427,16728,158195,95317,62878,11575,8562,3013,96780,53280,43500,6640,3654,2986,43200,29821,13379,757278,272041,485237,947.1508815804294,11.661193600662637,19.62414833531884,13.586058478669294,78.76038587284037,86.18254410399257,71.0027852449948,15.179758858997772,36.51316092826106,16.36988166516723,63.67783841867322,36.32216158132679,63.48683907173894,29.047397097349688
21,384,00000,DISTRICT,Anugul,Total,297050,1273821,655718,618103,152403,80666,71737,239552,121459,118093,179603,89980,89623,869456,494425,375031,404365,161293,243072,526520,360947,165573,317547,257720,59827,80508,67911,12597,57414,38834,18580,19840,13934,5906,159785,137041,22744,208973,103227,105746,27099,14288,12811,115000,50418,64582,15229,6208,9021,51645,32313,19332,747301,294771,452530,942.6354011938058,11.964239873577213,18.80578197407642,14.099547738654017,77.53183915364298,85.97918101319533,68.64098424865384,17.338196764541493,41.33390798236173,26.78728302564459,60.31052951454835,39.68947048545164,58.66609201763827,26.19501633366254
21,385,00000,DISTRICT,Nayagarh,Total,228315,962789,502636,460153,106871,57599,49272,136399,69813,66586,58691,29173,29518,688362,392333,296029,274427,110303,164124,343633,284591,59042,229076,207430,21646,68996,65958,3038,59247,53970,5277,9553,7591,1962,91280,79911,11369,114557,77161,37396,14026,10467,3559,60882,41712,19170,8004,3684,4320,31645,21298,10347,619156,218045,401111,915.4795915931211,11.100147592047687,14.167070874303716,6.095935869645374,80.42382564684935,88.15738916090123,72.0473811152134,16.110008045687835,35.69141317568024,12.830949705858705,66.66298056356636,33.337019436433636,64.30858682431976,37.31975683359864
21,386,00000,DISTRICT,Khordha,Total,494212,2251673,1167137,1084536,237394,123879,113515,297472,151528,145944,115051,59094,55957,1749936,957515,792421,501737,209622,292115,792193,645880,146313,632625,543178,89447,79793,76265,3528,64072,54637,9435,29066,24378,4688,459694,387898,71796,159568,102702,56866,12869,9285,3584,52202,35197,17005,10405,5552,4853,84092,52668,31424,1459480,521257,938223,929.2276742147666,10.543005134404506,13.211154550416513,5.109578522280989,86.87654490763195,91.78122765413733,81.6069889322682,10.17423872186913,35.18241769564231,13.49083847839076,79.85743373142657,20.142566268573443,64.81758230435769,18.160347289107577
21,387,00000,DISTRICT,Puri,Total,367269,1698730,865380,833350,172888,89496,83392,325133,164366,160767,6129,3240,2889,1291939,704857,587082,406791,160523,246268,621676,498461,123215,450536,399235,51301,147402,141427,5975,79505,67708,11797,15648,12636,3012,207981,177464,30517,171140,99226,71914,25359,16391,8968,84437,49763,34674,9467,4337,5130,51877,28735,23142,1077054,366919,710135,962.987358154799,10.177485533310179,19.13976912163793,0.3607989498036769,84.67056222072796,90.84566765134994,78.2819837910923,12.56368386025764,36.596516220941524,14.785504289914202,72.47119078104993,27.528809218950062,63.403483779058476,36.499237544959115
21,388,00000,DISTRICT,Ganjam,Total,758267,3529031,1779218,1749813,420158,220159,199999,688235,342111,346124,118928,59172,59756,2210050,1262652,947398,1318981,516566,802415,1501772,990027,511745,900744,718163,182581,234066,203094,30972,185015,114155,70860,34534,28425,6109,447129,372489,74640,601028,271864,329164,50877,27487,23390,380433,137310,243123,21740,13349,8391,147978,93718,54260,2027259,789191,1238068,983.4730763740025,11.90576109985999,19.502095617748893,3.369990232446244,71.08846196033096,80.9880831963383,61.129787187365714,19.85829600897258,42.55479762008324,29.24569654014458,59.978745109111095,40.0212548908889,57.44520237991675,27.905767320205733
21,389,00000,DISTRICT,Gajapati,Total,128523,577817,282882,294935,86984,44212,42772,39175,19037,20138,313714,151902,161812,262537,153663,108874,315280,129219,186061,293933,155907,138026,170371,111464,58907,52867,40655,12212,68824,34980,33844,2649,1830,819,46031,33999,12032,123562,44443,79119,12195,5441,6754,84375,26669,57706,2721,1011,1710,24271,11322,12949,283884,126975,156909,1042.6078718334852,15.053901148633564,6.779828215507679,54.292968188890256,53.48804990699484,64.38303934302594,43.17604089418353,21.206998448842413,50.86956596984859,46.79878617322461,57.96252887562812,42.037471124371876,49.13043403015141,41.40093150479871
21,390,00000,DISTRICT,Kandhamal,Total,172022,733110,359945,373165,109709,55915,53794,115544,56987,58557,392820,190506,202314,399786,233900,165886,333324,126045,207279,355349,193515,161834,167112,123078,44034,60098,48359,11739,42795,26504,16291,4094,2719,1375,60125,45496,14629,188237,70437,117800,19123,8639,10484,120137,40284,79853,7852,1481,6371,41125,20033,21092,377761,166430,211331,1036.7278334189946,14.964875666680308,15.760799879963445,53.58268199860867,64.1298297564489,76.93319738183732,51.94147245679789,24.991724925039428,48.471443575998144,43.36794715474388,47.02757007899277,52.97242992100723,51.528556424001856,28.955477572752418
21,391,00000,DISTRICT,Baudh,Total,106961,441162,221625,219537,61847,31260,30587,104934,52497,52437,55364,27362,28002,271612,158648,112964,169550,62977,106573,219457,125627,93830,123724,92432,31292,53126,44871,8255,35244,20717,14527,7251,5083,2168,28103,21761,6342,95733,33195,62538,10531,5342,5189,69441,20626,48815,4423,1415,3008,11338,5812,5526,221705,95998,125707,990.5786802030458,14.01911316024499,23.785820174901737,12.549584959720011,71.60592120005799,83.33884905313477,59.78512834083091,23.553720712303857,49.74521830982723,42.73994816363529,56.37733132230915,43.62266867769085,50.25478169017277,40.267569501086776
21,392,00000,DISTRICT,Subarnapur,Total,151136,610183,311312,298871,74821,38335,36486,156219,79725,76494,57192,28794,28398,398421,230393,168028,211762,80919,130843,286661,181595,105066,170218,136043,34175,62626,56619,6007,53939,37275,16664,12928,9236,3692,40725,32913,7812,116443,45552,70891,11379,5965,5414,85474,30197,55277,5828,1794,4034,13762,7596,6166,323522,129717,193805,960.0368761885182,12.262059087191874,25.601991533687436,9.372925827169881,74.42085915698163,84.4001509284665,64.0387217257084,20.361429202758103,46.97951270356598,35.15429733898572,59.37954587474403,40.62045412525597,53.02048729643401,40.66301310607302
21,393,00000,DISTRICT,Balangir,Total,414749,1648997,830097,818900,216320,110658,105662,294777,148356,146421,347164,172489,174675,927260,545672,381588,721737,284425,437312,720601,469956,250645,402227,332355,69872,133145,121287,11858,107920,78800,29120,16721,12974,3747,144441,119294,25147,318374,137601,180773,33420,18995,14425,218496,81897,136599,11929,4824,7105,54529,31885,22644,928396,360141,568255,986.5112149543969,13.118277352839334,17.876139253133875,21.05304012075219,64.72219488412252,75.84687513465353,53.50079496605621,22.346080168597318,43.699351787783726,30.607522285993404,55.8182683621033,44.181731637896696,56.300648212216274,33.45332576557624
21,394,00000,DISTRICT,Nuapada,Total,152210,610382,301962,308420,88344,44600,43744,82159,40742,41417,206327,100469,105858,299383,180903,118480,310999,121059,189940,305438,168155,137283,151694,116827,34867,71311,59897,11414,37130,22594,14536,4438,3249,1189,38815,31087,7728,153744,51328,102416,23381,10177,13204,112704,32059,80645,4203,1493,2710,13456,7599,5857,304944,133807,171137,1021.3867970141939,14.473559180971915,13.46025931302037,33.80292996844599,57.348890310667045,70.2912628904034,44.76416448790219,25.52709840250121,50.0404664619861,44.51170481810518,49.66441634636162,50.33558365363838,49.9595335380139,35.503440960194865
21,395,00000,DISTRICT,Kalahandi,Total,401251,1576869,787101,789768,222570,113726,108844,286580,142133,144447,449456,221171,228285,802036,484177,317859,774833,302924,471909,751930,447290,304640,376757,299835,76922,112897,102007,10890,143873,100376,43497,9198,7080,2118,110789,90372,20417,375173,147455,227718,32094,17000,15094,292860,104218,188642,9255,3676,5579,40964,22561,18403,824939,339811,485128,1003.3883834476134,14.114679152168,18.173989088503863,28.50306525145716,59.221486540269176,71.90302580285874,46.68053997215548,25.222485830703256,47.68500110028163,38.57335318726512,50.105328953493014,49.894671046506986,52.31499889971837,34.14812549040469
21,396,00000,DISTRICT,Rayagada,Total,226144,967911,471960,495951,148522,75598,72924,139514,68068,71446,541905,259040,282865,407735,241959,165776,560176,230001,330175,467122,258032,209090,227815,164965,62850,75669,60170,15499,67059,38038,29021,4787,3704,1083,80300,63053,17247,239307,93067,146240,23596,12426,11170,181116,63183,117933,5172,1789,3383,29423,15669,13754,500789,213928,286861,1050.8326976862445,15.344592633000348,14.413928553348395,55.98706905903539,49.76085839570705,61.04495385531408,39.18804237081794,21.856911484496138,48.26084216420725,42.15940687688905,48.76991449771152,51.23008550228848,51.739157835792746,30.554758713997625
21,397,00000,DISTRICT,Nabarangapur,Total,273423,1220946,604812,616134,207911,104077,103834,177384,88252,89132,681173,335028,346145,470379,286984,183395,750567,317828,432739,610906,342641,268265,279115,227544,51571,135056,122637,12419,72307,49029,23278,6778,5070,1708,64974,50808,14166,331791,115097,216694,38030,20742,17288,256476,76296,180180,7631,2748,4883,29654,15311,14343,610040,262171,347869,1018.7198666693121,17.028681039128678,14.528406661719684,55.79059188530861,46.4326504020098,57.31255055069049,35.798360335740774,21.514190214949714,50.035464303908604,43.54004161432415,45.68869842496227,54.31130157503773,49.96453569609139,33.94351995233309
21,398,00000,DISTRICT,Koraput,Total,337677,1379647,678809,700838,225126,113742,111384,196540,96789,99751,697583,337373,360210,568090,340843,227247,811557,337966,473591,693406,384053,309353,396460,286001,110459,160768,124222,36546,89164,49965,39199,7786,5681,2105,138742,106133,32609,296946,98052,198894,46426,19314,27112,201462,56618,144844,6630,2198,4432,42428,19922,22506,686241,294756,391485,1032.4524277079415,16.31765226902244,14.245672987365609,50.562426475757924,49.205687900003554,60.31904181274079,38.55211772250252,21.76692409023827,50.259667871564254,44.14044329788054,57.17573831204229,42.8242616879577,49.74033212843575,36.04410691571749
21,399,00000,DISTRICT,Malkangiri,Total,137599,613192,303624,309568,109092,54770,54322,138295,70052,68243,354614,171717,182897,244706,147001,97705,368486,156623,211863,310666,170495,140171,179030,131904,47126,119932,93631,26301,23913,11703,12210,2291,1046,1245,32894,25524,7370,131636,38591,93045,31328,12762,18566,82440,20028,62412,5434,779,4655,12434,5022,7412,302526,133129,169397,1019.5768450451874,17.790838758496523,22.553294889691973,57.83082623387128,48.54314620115056,59.07118229966165,38.2787585309858,20.792423768675853,50.663739905282526,45.27955085796982,57.62780606825336,42.37219393174663,49.336260094717474,46.30213798742057
22,400,00000,DISTRICT,Koriya,Total,153274,658917,334737,324180,95784,48666,47118,54776,27682,27094,304280,152659,151621,397823,229923,167900,261094,104814,156280,307071,185483,121588,173057,129471,43586,70245,50779,19466,27213,16196,11017,2559,1778,781,73040,60718,12322,134014,56012,78002,48253,16960,31293,67435,28090,39345,2271,1053,1218,16055,9909,6146,351846,149254,202592,968.4618073293361,14.536580479787286,8.313034873891551,46.17880552482331,70.64459017674332,80.37270467820925,60.60015447805907,19.772550200150178,46.602379358857036,37.5063236473564,56.35732452755226,43.64267547244774,53.397620641142964,31.737936828941844
22,401,00000,DISTRICT,Surguja,Total,526049,2359886,1193129,1166757,380445,193952,186493,115652,58281,57371,1300628,652799,647829,1187941,694686,493255,1171945,498443,673502,1155807,649888,505919,622589,459988,162601,316824,246740,70084,168037,105981,62056,7157,4962,2195,130571,102305,28266,533218,189900,343318,148463,48017,100446,355319,125229,230090,5486,2292,3194,23950,14362,9588,1204079,543241,660838,977.8967739448124,16.12132958964967,4.90074520548874,55.11401821952416,60.01396353819083,69.52581974965396,50.31858764577706,19.207232103876905,48.97723873102345,43.361128324064055,53.86617315866749,46.13382684133251,51.02276126897656,41.949996842033315
22,402,00000,DISTRICT,Jashpur,Total,192570,851669,424747,426922,122266,61744,60522,48844,24317,24527,530378,262731,267647,495415,280656,214759,356254,144091,212163,487360,263645,223715,291349,199035,92314,148091,107457,40634,93151,55100,38051,5035,3257,1778,45072,33221,11851,196011,64610,131401,78775,25070,53705,104407,32754,71653,2518,1058,1460,10311,5728,4583,364309,161102,203207,1005.1206953786607,14.356046774040149,5.735091919513332,62.27513271000823,67.92061452996492,77.31506351187181,58.61326419213974,18.701799319732075,57.224109366432266,52.40184389654316,59.781065331582404,40.218934668417596,42.775890633567734,49.4997537754432
22,403,00000,DISTRICT,Raigarh,Total,367962,1493984,750278,743706,195069,100204,94865,224942,112111,112831,505609,250473,255136,951639,542756,408883,542345,207522,334823,690167,429211,260956,484875,354032,130843,163917,125480,38437,181281,114647,66634,7199,4828,2371,132478,109077,23401,205292,75179,130113,44396,13002,31394,142507,51788,90719,2760,1117,1643,15629,9272,6357,803817,321067,482750,991.240580158288,13.056967142887741,15.056520016278622,33.842999657292175,73.26414738454787,83.49141790011598,63.01744186942564,20.473976030690338,46.19641174202669,35.08859683799781,70.2547354480872,29.745264551912797,53.80358825797331,50.01659018759228
22,404,00000,DISTRICT,Korba,Total,280073,1206640,612915,593725,172016,87487,84529,124679,63446,61233,493559,246323,247236,748759,433391,315368,457881,179524,278357,521186,333329,187857,350314,260251,90063,89644,66074,23570,94589,55088,39501,5496,3835,1661,160585,135254,25331,170872,73078,97794,23427,10668,12759,127217,49693,77524,2403,1074,1329,17825,11643,6182,685454,279586,405868,968.6906014700244,14.25578465822449,10.332742160047736,40.90358350460784,72.37015572807127,82.48342303798046,61.934500663791546,20.548922374188912,43.193164489822976,31.64040591182787,67.21477553119232,32.785224468807684,56.806835510177024,35.3488006201241
22,405,00000,DISTRICT,Janjgir - Champa,Total,364532,1619707,815717,803990,224218,114957,109261,397908,199633,198275,187196,93186,94010,1019634,593679,425955,600073,222038,378035,846466,478278,368188,461887,318536,143351,180480,128409,52071,153721,88771,64950,10634,7310,3324,117052,94046,23006,384579,159742,224837,100786,41250,59536,248638,100056,148582,5194,2154,3040,29961,16282,13679,773241,337439,435802,985.6236905691558,13.843121008923218,24.56666545245529,11.557398961664054,73.06643047705857,84.71930475483761,61.31239663235593,23.40690812248168,52.26043969680936,45.79509695394221,54.566515370965874,45.433484629034126,47.739560303190636,39.48191658022886
22,406,00000,DISTRICT,Bilaspur,Total,600822,2663629,1351574,1312055,407835,207995,199840,552992,281221,271771,498469,248172,250297,1596560,932474,664086,1067069,419100,647969,1203197,715467,487730,826568,558289,268279,212544,147852,64692,311256,171329,139927,14254,9868,4386,288514,229240,59274,376629,157178,219451,64147,29197,34950,261036,98843,162193,7404,3165,4239,44042,25973,18069,1460432,636107,824325,970.7607574576012,15.311253932135443,20.760849202347625,18.713904977006933,70.77596624514473,81.53997231498654,59.70841968504291,21.83155262994363,45.17134330644395,37.172984364222536,68.69764469160079,31.302355308399203,54.82865669355604,43.53401812005848
22,407,00000,DISTRICT,Kabeerdham,Total,178446,822526,412058,410468,141904,71571,70333,119798,60154,59644,167043,82597,84446,414167,248503,165664,408359,163555,244804,404156,217073,187083,316976,183042,133934,150164,86675,63489,120669,61539,59130,2599,1596,1003,43544,33232,10312,87180,34031,53149,17498,6036,11462,65181,25388,39793,447,206,241,4054,2401,1653,418370,194985,223385,996.1413199112746,17.252220598497797,14.564645980795742,20.308537359305358,60.851250767680156,72.9845779721399,48.705366986637664,24.27921098550224,49.135954364968406,45.5779744096982,78.42912142835935,21.57087857164065,50.864045635031594,67.01199536812517
22,408,00000,DISTRICT,Rajnandgaon,Total,318488,1537133,762855,774278,209575,105508,104067,156623,76979,79644,405194,198032,207162,1008379,561355,447024,528754,201500,327254,800092,436611,363481,595959,358946,237013,276807,157024,119783,165948,82177,83771,8866,5502,3364,144338,114243,30095,204133,77665,126468,65309,25715,39594,124160,43052,81108,1981,901,1080,12683,7997,4686,737041,326244,410797,1014.974012099285,13.634148769169615,10.189293964803307,26.360373500536387,75.95743462809158,85.39705817475397,66.69899479417676,18.69806338057721,52.05092857937472,46.94450830321926,74.48630907445644,25.513690925543564,47.94907142062528,55.3380111287202
22,409,00000,DISTRICT,Durg,Total,701707,3343872,1682101,1661771,430536,219341,211195,458040,229067,228973,397416,196008,201408,2303378,1284612,1018766,1040494,397489,643005,1496805,921729,575076,1206793,803118,403675,339130,203655,135475,363454,188909,174545,18670,13140,5530,485539,397414,88125,290012,118611,171401,53211,19531,33680,196961,73523,123438,3895,1800,2095,35945,23757,12188,1847067,760372,1086695,987.9139243125115,12.87537322002756,13.697892742305925,11.884904685346807,79.06324570869958,87.82110530777435,70.23182515083664,17.589280156937704,44.76262847381718,34.6062122879747,80.62459705840106,19.375402941598942,55.23737152618282,46.938913218488715
22,410,00000,DISTRICT,Raipur,Total,871225,4063872,2048186,2015686,583382,296441,286941,724250,362284,361966,476446,235271,241175,2629749,1493158,1136591,1434123,555028,879095,1757664,1099964,657700,1259138,879956,379182,303519,203110,100409,354429,195620,158809,27637,19585,8052,573553,461641,111912,498526,220008,278518,79760,38892,40868,354564,142934,211630,6441,3046,3395,57761,35136,22625,2306208,948222,1357986,984.1323004844287,14.355324183438848,17.821673517276135,11.723942092664336,75.55686124654862,85.23831950426575,65.7465965194404,19.491722984825344,43.25096853444203,32.62909004676324,71.63701367269285,28.362986327307155,56.74903146555798,37.43309301436452
22,411,00000,DISTRICT,Mahasamund,Total,248561,1032754,511967,520787,134448,68207,66241,139581,68968,70613,279896,137339,142557,637963,364089,273874,394791,147878,246913,499260,291858,207402,340802,230609,110193,111246,82011,29235,156599,92026,64573,4962,3239,1723,67995,53333,14662,158458,61249,97209,27953,10228,17725,121474,45767,75707,1173,525,648,7858,4729,3129,533494,220109,313385,1017.2276728773535,13.018395474624162,13.515416062295571,27.101904228887037,71.01845028308838,82.04637641968631,60.25220769735077,21.79416872233554,48.3425869084022,39.82472680769681,68.2614269118295,31.73857308817049,51.6574130915978,53.64839963145456
22,412,00000,DISTRICT,Dhamtari,Total,170951,799781,397897,401884,101909,51652,50257,58581,28887,29694,207633,102058,105575,546833,303924,242909,252948,93973,158975,402895,226382,176513,335368,202027,133341,121639,73750,47889,135855,68566,67289,6405,3403,3002,71469,56308,15161,67527,24355,43172,13796,4447,9349,46747,15731,31016,905,385,520,6079,3792,2287,396886,171515,225371,1010.0201811021445,12.742113153475765,7.324630117494664,25.96123188722913,78.3572059059541,87.77715201663561,69.08144141377083,18.69571060286478,50.37566533838639,43.921380298792684,83.23955372987999,16.760446270120006,49.62433466161362,63.91094453889971
22,413,00000,DISTRICT,Uttar Bastar Kanker,Total,160937,748941,373338,375603,100099,50598,49501,31543,15582,15961,414770,203934,210836,456042,258298,197744,292899,115040,177859,389359,217513,171846,285536,179902,105634,164441,107189,57252,64677,30379,34298,6083,3152,2931,50335,39182,11153,103823,37611,66212,29577,11542,18035,64465,22633,41832,1728,642,1086,8053,2794,5259,359582,155825,203757,1006.0668884496087,13.365405285596596,4.21168022581218,55.38086444726621,70.28552405670409,80.03284377517507,60.63869586816395,19.394147907011117,51.987940305044056,45.752030734578796,73.33489144979313,26.665108550206877,48.012059694955944,58.84492203852999
22,414,00000,DISTRICT,Bastar,Total,311538,1413199,698487,714712,216713,108662,108051,37963,18815,19148,931780,456841,474939,650863,382335,268528,762336,316152,446184,726531,404364,322167,394824,287983,106841,195389,149625,45764,83458,49523,33935,7056,4775,2281,108921,84060,24861,331707,116381,215326,89083,33666,55417,204370,65620,138750,3765,1506,2259,34489,15589,18900,686668,294123,392545,1023.2287787746945,15.334924522307192,2.6863166475492837,65.93409703799678,54.39787845407301,64.82176916882126,44.26327059098904,20.558498577832225,51.41038169429783,45.07647835771611,54.343723805315946,45.656276194684054,48.58961830570217,38.38060592046313
22,415,00000,DISTRICT,Narayanpur,Total,27982,139820,70104,69716,23358,11744,11614,4979,2518,2461,108161,53518,54643,56621,33449,23172,83199,36655,46544,71089,38186,32903,42056,27787,14269,28876,18349,10527,3018,1491,1527,365,239,126,9797,7708,2089,29033,10399,18634,15513,6344,9169,10802,3022,7780,574,121,453,2144,912,1232,68731,31918,36813,994.4653657423257,16.705764554427123,3.561007009011586,77.35731654984981,48.61757483127544,57.314941740918435,39.88158755292417,17.43335418799427,50.84322700615077,47.195765677893164,59.1596449521023,40.84035504789771,49.15677299384924,44.86488767601176
22,416,00000,DISTRICT,Dakshin Bastar Dantewada,Total,120850,533638,264142,269496,79637,39718,39919,12996,6648,6348,410255,199731,210524,191237,116529,74708,342401,147613,194788,286595,153294,133301,184285,119699,64586,121878,76612,45266,18108,8273,9835,1265,898,367,43034,33916,9118,102310,33595,68715,43511,14311,29200,51277,15383,35894,1045,358,687,6477,3543,2934,247043,110848,136195,1020.2694005497044,14.923412500609027,2.435358801284766,76.87889543098505,42.12259444362457,51.9235910597797,32.5415873541339,19.3820037056458,53.70588301432806,49.463071808115885,64.30154050140442,35.69845949859558,46.294116985671934,48.84453671557424
22,417,00000,DISTRICT,Bijapur,Total,54757,255230,128663,126567,42495,21488,21007,10122,5145,4977,204189,101519,102670,86919,54076,32843,168311,74587,93724,134525,71591,62934,69338,44783,24555,43260,26983,16277,10536,5143,5393,454,357,97,15088,12300,2788,65187,26808,38379,23244,11375,11869,39323,14285,25038,945,229,716,1675,919,756,120705,57072,63633,983.7093803191283,16.649688516240253,3.9658347372957725,80.0019590173569,40.85787482078642,50.45579659435503,31.11311102690413,19.3426855674509,52.70736198722721,49.72386167010358,51.542835904107044,48.457164095892956,47.29263801277279,39.989593012451216
23,418,00000,DISTRICT,Sheopur,Total,146043,687861,361784,326077,116639,61490,55149,108391,57838,50553,161448,82637,78811,328025,208201,119824,359836,153583,206253,277455,183788,93667,196189,153183,43006,93775,76613,17162,57548,39846,17702,2882,1706,1176,41984,35018,6966,81266,30605,50661,12970,2853,10117,57713,21718,35995,1284,455,829,9299,5579,3720,410406,177996,232410,901.3029874179068,16.95676888208519,15.757689416902544,23.471021034773013,57.42513418600824,69.3323875934917,44.2272485678852,25.105139025606505,40.33591088897321,28.725423749605156,70.7102052585104,29.28979474148961,59.6640891110268,54.539655079202035
23,419,00000,DISTRICT,Morena,Total,362646,1965970,1068417,897553,305156,166858,138298,421519,228548,192971,17030,8947,8083,1179685,747652,432033,786285,320765,465520,675993,525329,150664,520970,448528,72442,275721,250316,25405,84783,70816,13967,9365,6116,3249,151101,121280,29821,155023,76801,78222,28953,10767,18186,63439,38791,24648,6989,2650,4339,55642,24593,31049,1289977,543088,746889,840.0774229537717,15.52190521727188,21.440764609836364,0.8662390575644594,71.03053081199941,82.92879334574886,56.90222652468538,26.026566821063476,34.38470576865364,16.78608394156111,77.06736608219316,22.93263391780684,65.61529423134635,53.32954631187009
23,420,00000,DISTRICT,Bhind,Total,299233,1703005,926843,776162,248230,134705,113525,374799,204212,170587,6131,3283,2848,1094917,676513,418404,608088,250330,357758,520768,455775,64993,422111,387993,34118,216818,205813,11005,101241,91215,10026,6425,4641,1784,97627,86324,11303,98657,67782,30875,14367,8240,6127,57025,41189,15836,3413,1687,1726,23852,16666,7186,1182237,471068,711169,837.4255402479168,14.575999483266344,22.00809745126996,0.3600106869915238,75.2636662026774,85.40342718061751,63.142263411188935,22.261163769428578,30.579358252030968,8.37363849299502,81.05547959936095,18.944520400639057,69.42064174796904,61.0749892466511
23,421,00000,DISTRICT,Gwalior,Total,383845,2032036,1090327,941709,261418,142098,119320,393068,210354,182714,72133,37704,34429,1357210,803114,554096,674826,287213,387613,685311,548820,136491,559845,479461,80384,113038,101306,11732,63755,48209,15546,17588,12467,5121,365464,317479,47985,125466,69359,56107,17548,6409,11139,56593,27581,29012,5004,2285,2719,46321,33084,13237,1346725,541507,805218,863.6941027783408,12.864831134881468,19.343554937018833,3.5497894722337593,76.65176791380185,84.696207350756,67.37638757327737,17.319819777478628,33.725337543232506,14.49396788179788,81.6921076708239,18.307892329176095,66.2746624567675,25.797484645657224
23,422,00000,DISTRICT,Datia,Total,160215,786754,420157,366597,110114,59335,50779,200270,107132,93138,15061,7870,7191,491445,303815,187630,295309,116342,178967,321160,225662,95498,247229,198191,49038,128141,107241,20900,57194,40350,16844,4252,2641,1611,57642,47959,9683,73931,27471,46460,24762,5799,18963,36550,14859,21691,2587,756,1831,10032,6057,3975,465594,194495,271099,872.5238422780056,13.995988580928728,25.455224886050786,1.914321376186203,72.6302021754552,84.20079706891487,59.41079989107651,24.78999717783836,40.82089191793115,26.04985856403626,76.98000996388093,23.01999003611907,59.17910808206885,57.70799601444763
23,423,00000,DISTRICT,Shivpuri,Total,359969,1726050,919795,806255,285770,150950,134820,321515,171565,149950,227802,117111,110691,900846,573242,327604,825204,346553,478651,759281,481001,278280,577723,414527,163196,322926,231369,91557,131673,82206,49467,7891,5453,2438,115233,95499,19734,181558,66474,115084,60414,14831,45583,88767,33989,54778,5188,1856,3332,27189,15798,11391,966769,438794,527975,876.5594507471774,16.556299064337647,18.62721242142464,13.197879551577302,62.54658816341268,74.55885126390885,48.791617952594066,25.767233311314783,43.989513629385016,34.51513478986177,76.08816762173689,23.91183237826312,56.010486370614984,59.87230024193941
23,424,00000,DISTRICT,Tikamgarh,Total,296116,1445166,760355,684811,227564,120303,107261,361604,190666,170938,67857,34923,32934,747940,459353,288587,697226,301002,396224,655318,402776,252542,470432,335876,134556,251049,187192,63857,126209,75717,50492,10008,6067,3941,83166,66900,16266,184886,66900,117986,54810,13520,41290,97643,34459,63184,5614,2226,3388,26819,16695,10124,789848,357579,432269,900.6464085854634,15.74656475449879,25.02162381345811,4.695446751445854,61.42729726133827,71.76807509389862,49.96744870573976,21.800626388158854,45.34551740076919,36.877620248506524,71.78682715872294,28.21317284127706,54.65448259923081,57.568691841212974
23,425,00000,DISTRICT,Chhatarpur,Total,356297,1762375,936121,826254,282794,148861,133933,405313,215258,190055,73597,38081,35516,943033,572010,371023,819342,364111,455231,751797,481518,270279,553862,403408,150454,258880,192284,66596,130732,81120,49612,16105,10204,5901,148145,119800,28345,197935,78110,119825,43348,12112,31236,107632,40573,67059,10285,3522,6763,36670,21903,14767,1010578,454603,555975,882.6358985643949,16.046187672884603,22.998113341371727,4.1760124831548335,63.736490263121794,72.65833396844754,53.59118096952137,19.06715299892617,42.658174338605576,32.711369627257476,73.67174915568964,26.328250844310364,57.34182566139443,51.824096132333594
23,426,00000,DISTRICT,Panna,Total,228709,1016520,533480,483040,163620,85494,78126,207990,109421,98569,170879,87697,83182,552559,332140,220419,463961,201340,262621,431998,275375,156623,276633,205293,71340,107059,86817,20242,99961,64770,35191,7229,4752,2477,62384,48954,13430,155365,70082,85283,28386,11282,17104,98886,42618,56268,4972,2198,2774,23121,13984,9137,584522,258105,326417,905.451000974732,16.096092551056547,20.46098453547397,16.810195569196868,64.78590690585064,74.14070975432267,54.43600369461169,19.70470605971098,42.49773737850706,32.42443689963564,64.03571312830152,35.964286871698484,57.50226262149294,47.92151815517664
23,427,00000,DISTRICT,Sagar,Total,517850,2378458,1256257,1122201,356903,185400,171503,501630,266306,235324,221936,114771,107165,1545719,908607,637112,832739,347650,485089,1006035,682077,323958,779093,585116,193977,180735,157814,22921,249084,182529,66555,102061,40914,61147,247213,203859,43354,226942,96961,129981,22865,8606,14259,129476,57544,71932,38397,8165,30232,36204,22646,13558,1372423,574180,798243,893.2893508255079,15.005646515515513,21.090555309364305,9.331087620634882,76.46188206603333,84.84858389121983,67.01518252904708,17.83340136217275,42.29778284922416,28.868090475770387,77.44193790474486,22.558062095255135,57.70221715077584,42.72406029611296
23,428,00000,DISTRICT,Damoh,Total,297608,1264219,661873,602346,191968,99544,92424,246337,129877,116460,166295,84809,81486,747715,445737,301978,516504,216136,300368,574595,367711,206884,389993,286957,103036,99158,86368,12790,143256,99701,43555,37556,15623,21933,110023,85265,24758,184602,80754,103848,15453,6620,8833,106909,48850,58059,29827,6620,23207,32413,18664,13749,689624,294162,395462,910.0628066109359,15.18471087683384,19.48531069379593,13.153970949653502,69.7332061243123,79.2662302673346,59.22042979122297,20.045800476111637,45.45059044358612,34.346372350775134,67.87267553668237,32.12732446331764,54.549409556413885,42.18867202116273
23,429,00000,DISTRICT,Satna,Total,478741,2228935,1157495,1071440,330661,173093,157568,398569,205987,192582,319975,163166,156809,1371781,801051,570730,857154,356444,500710,911349,590487,320862,612510,451772,160738,176388,138402,37986,191105,119797,71308,30561,18024,12537,214456,175549,38907,298839,138715,160124,51579,19772,31807,180479,80614,99865,15495,5851,9644,51286,32478,18808,1317586,567008,750578,925.6541064972203,14.8349323780191,17.88158918945595,14.355510591381085,72.2646467264473,81.37437754088269,62.45185321357914,18.92252432730355,40.88719500568657,29.946800567460613,67.20915916953878,32.790840830461214,59.11280499431343,40.324069044899375
23,430,00000,DISTRICT,Rewa,Total,526065,2365106,1225100,1140006,351983,186697,165286,383508,198144,185364,311985,161696,150289,1441757,845572,596185,923349,379528,543821,991946,617184,374762,630251,448668,181583,189670,142153,47517,241629,150494,91135,30654,19759,10895,168298,136262,32036,361695,168516,193179,68651,27660,40991,221877,101533,120344,20224,8627,11597,50943,30696,20247,1373160,607916,765244,930.5411803118113,14.882335083501545,16.21525631409332,13.191163525017483,71.61792895913463,81.43004209348393,61.164744747209454,20.26529734627448,41.940868612231334,32.873686629719494,63.53682559332867,36.46317440667133,58.05913138776867,43.480088633857086
23,431,00000,DISTRICT,Umaria,Total,145024,644758,330674,314084,103414,53237,50177,58147,29902,28245,300687,151988,148699,356672,210907,145765,288086,119767,168319,289691,175698,113993,138600,101257,37343,47879,36134,11745,41545,25150,16395,3873,2552,1321,45303,37421,7882,151091,74441,76650,17490,9718,7772,104145,48910,55235,4894,2189,2705,24562,13624,10938,355067,154976,200091,949.829741679116,16.039196101483036,9.01842241585215,46.6356369366491,65.88638647514334,76.0197810674135,55.23347239747335,20.786308669940155,44.93019086230803,36.293794016887205,47.84408214269688,52.15591785730312,55.06980913769197,30.868753257781567
23,432,00000,DISTRICT,Neemuch,Total,179746,826067,422653,403414,107384,55724,51660,111162,56400,54762,71441,36738,34703,508834,307889,200945,317233,114764,202469,418682,245708,172974,358500,223764,134736,163683,93311,70372,96350,48435,47915,3378,2370,1008,95089,79648,15441,60182,21944,38238,11919,3479,8440,39980,13347,26633,642,289,353,7641,4829,2812,407385,176945,230440,954.4803893501288,12.999429828331117,13.45677771899858,8.64832997807684,70.80089552695695,83.90969370096121,57.1265714107018,26.783122290259413,50.68378230821471,42.87754019444045,85.62584491332323,14.374155086676762,49.31621769178529,62.10751835521947
23,433,00000,DISTRICT,Mandsaur,Total,286808,1340411,682851,657560,177659,92188,85471,249024,126822,122202,33092,17023,16069,834591,502898,331693,505820,179953,325867,679723,397714,282009,535066,352137,182929,246723,161249,85474,169713,91748,77965,6537,4871,1666,112093,94269,17824,144657,45577,99080,34742,7370,27372,96637,30231,66406,2019,853,1166,11259,7123,4136,660688,285137,375551,962.9626375300029,13.254069087764872,18.578182363469114,2.4687950188412358,71.77721474570674,85.14127345034309,57.97926546394005,27.16200798640304,50.71004341205795,42.8871890017641,78.71824257822672,21.281757421773282,49.28995658794206,61.265544935216255
23,434,00000,DISTRICT,Ratlam,Total,296683,1455069,738241,716828,218354,112637,105717,198612,100629,97983,409865,206290,203575,825880,485090,340790,629189,253151,376038,690980,411446,279534,471139,320563,150576,179267,120919,58348,148234,80850,67384,8913,6856,2057,134725,111938,22787,219841,90883,128958,39425,13857,25568,157712,62915,94797,3015,1411,1604,19689,12700,6989,764089,326795,437294,970.9945668149019,15.006436120898734,13.649661974792949,28.16808000170439,66.7801393207004,77.5394658601927,55.765646502844824,21.773819357347882,47.48778236633452,38.99596555938105,68.18417320327652,31.815826796723496,52.51221763366548,47.39659613881733
23,435,00000,DISTRICT,Ujjain,Total,391438,1986864,1016289,970575,271306,140597,130709,523869,267235,256634,48730,24925,23805,1240990,730817,510173,745874,285472,460402,897442,569425,328017,682115,485641,196474,242673,169461,73212,170365,98266,72099,15461,10452,5009,253616,207462,46154,215327,83784,131543,46340,10584,35756,131638,50757,80881,4217,1628,2589,33132,20815,12317,1089422,446864,642558,955.0187003893577,13.654985947704523,26.366625999565148,2.4526087341660023,72.3373969285795,83.45594112998634,60.74457115777994,22.711369972206406,45.16876847131962,33.79615176570589,76.00658315523454,23.993416844765456,54.83123152868037,46.02392132304929
23,436,00000,DISTRICT,Shajapur,Total,300025,1512681,780520,732161,217759,113404,104355,353914,182961,170953,37836,19416,18420,894612,543509,351103,618069,237011,381058,717871,431857,286014,508833,363707,145126,233307,171895,61412,166691,99605,67086,6076,4606,1470,102759,87601,15158,209038,68150,140888,54617,10751,43866,136466,46722,89744,2733,1126,1607,15222,9551,5671,794810,348663,446147,938.0425869932866,14.395566547077673,23.39647288489774,2.5012543953417805,69.08616889665942,81.47143825061909,55.92539733611975,25.546040914499336,47.456866318807464,39.06435879540156,70.88084070814952,29.119159291850487,52.543133681192536,55.72003883706126
23,437,00000,DISTRICT,Dewas,Total,308871,1563715,805359,758356,229339,119566,109773,292007,150260,141747,272701,139174,133527,925369,550716,374653,638346,254643,383703,742676,451501,291175,528526,382531,145995,199256,146937,52319,177162,108110,69052,8699,6397,2302,143409,121087,22322,214150,68970,145180,60966,13165,47801,133444,43876,89568,3117,1357,1760,16623,10572,6051,821039,353858,467181,941.6372077545542,14.666291491736025,18.67392715424486,17.439303197833365,69.34844451638818,80.30353182374273,57.764850450906046,22.538681372836685,47.49433240712022,38.395555649325644,71.165084101277,28.834915898722997,52.50566759287978,50.68401294777265
23,438,00000,DISTRICT,Dhar,Total,425914,2185793,1112725,1073068,359949,186684,173265,145436,74291,71145,1222814,614619,608195,1077338,638479,438859,1108455,474246,634209,1027974,597079,430895,783019,501438,281581,338679,217202,121477,266422,139651,126771,11158,7742,3416,166760,136843,29917,244955,95641,149314,46843,15208,31635,171015,65204,105811,4672,1936,2736,22425,13293,9132,1157819,515646,642173,964.3604664225213,16.4676618508706,6.653695020525731,55.94372385674215,59.00493141801819,68.94716324655172,48.772786932250725,20.174376314301,47.02979650863554,40.15542351463281,76.17108993029007,23.828910069709934,52.970203491364465,58.86345374493908
23,439,00000,DISTRICT,Indore,Total,649540,3276697,1699627,1577070,421380,221612,199768,545239,280184,265055,217679,112687,104992,2309130,1289631,1019499,967567,409996,557571,1268195,939055,329140,1137251,878391,258860,136449,97786,38663,133745,77608,56137,38832,29605,9227,828225,673392,154833,130944,60664,70280,14458,3331,11127,51783,19216,32567,4752,1981,2771,59951,36136,23815,2008502,760572,1247930,927.8918256770456,12.859901296946285,16.639896822928698,6.643244706483388,80.87123076001718,87.25425655355325,74.02145644165186,13.232800111901383,38.703456560066435,20.87034817731616,89.67477398980441,10.325226010195593,61.29654343993357,21.30539861772046
23,440,00000,DISTRICT,Khargone (West Nimar),Total,367988,1873046,953121,919925,299990,154758,145232,209091,107013,102078,730169,366827,363342,986234,575428,410806,886812,377693,509119,894119,518254,375865,756735,466922,289813,278958,171251,107707,333076,176265,156811,9031,6347,2684,135670,113059,22611,137384,51332,86052,28127,7072,21055,92636,33858,58778,2493,1152,1341,14128,9250,4878,978927,434867,544060,965.1712636695655,16.016157638413578,11.163153494361591,38.98297212134673,62.69541580210749,72.0759854852993,53.02823182860824,19.047753656691057,47.736094041470416,40.85822213767427,84.63470746064003,15.365292539359974,52.26390595852958,68.45106747535843
23,441,00000,DISTRICT,Barwani,Total,243277,1385881,699340,686541,265299,136212,129087,87991,44478,43513,962145,482182,479963,549926,313642,236284,835955,385698,450257,653897,365928,287969,525791,321855,203936,253478,156742,96736,185335,94818,90517,5712,4077,1635,81266,66218,15048,128106,44073,84033,34226,8513,25713,81861,28418,53443,1739,735,1004,10280,6407,3873,731984,333412,398572,981.6984585466296,19.14298558101309,6.349102123486793,69.42479188328579,49.07503422328754,55.696395846059865,42.38627761214378,13.310118233916086,47.18276677434787,41.94490933534924,80.40884114776486,19.59115885223514,52.817233225652124,67.10735788663965
23,442,00000,DISTRICT,Rajgarh,Total,345297,1545814,790212,755602,231987,120815,111172,295718,151260,144458,53751,27477,26274,804245,488797,315448,741569,301415,440154,745603,429768,315835,471773,331533,140240,229782,165034,64748,139546,81661,57885,6946,5326,1620,95499,79512,15987,273830,98235,175595,55313,14939,40374,191274,67957,123317,5177,2000,3177,22066,13339,8727,800211,360444,439767,956.201626905185,15.007432977059334,19.130244647803682,3.477197127209354,61.21391933641187,73.02049456451104,48.94992473969244,24.070569824818598,48.23368141315837,41.79912175986829,63.274021161395545,36.725978838604455,51.76631858684162,49.534135458145954
23,443,00000,DISTRICT,Vidisha,Total,299676,1458875,769568,689307,235391,122200,113191,292144,154504,137640,67603,34993,32610,862918,512344,350574,595957,257224,338733,550402,401583,148819,397283,329342,67941,148108,133240,14868,119295,90301,28994,8398,5596,2802,121482,100205,21277,153119,72241,80878,20507,7712,12795,109013,50460,58553,4010,1414,2596,19589,12655,6934,908473,367985,540488,895.7064223044617,16.135104104189875,20.02529346242824,4.633913117984748,70.52956965518143,79.14262058056623,60.8512868936117,18.29133368695453,37.72783823151401,21.58965453709305,72.18051533242975,27.81948466757025,62.27216176848599,48.583217357495066
23,444,00000,DISTRICT,Bhopal,Total,501805,2371061,1236130,1134931,304713,158721,145992,357516,185902,171614,69429,35966,33463,1660690,920314,740376,710371,315816,394555,867457,644960,222497,706036,559122,146914,59379,47109,12270,54950,36397,18553,18622,13725,4897,573085,461891,111194,161421,85838,75583,13967,5037,8930,50245,21922,28323,6110,3000,3110,91099,55879,35220,1503604,591170,912434,918.1323970779772,12.851335330470198,15.078313042135989,2.9281827839941696,80.36836002454571,85.41918621433457,74.86568939034662,10.553496823987956,36.585182751519255,19.60445172437796,81.39146954834648,18.60853045165351,63.414817248480745,13.179788738807801
23,445,00000,DISTRICT,Sehore,Total,257311,1311332,683743,627589,197429,103240,94189,271281,141366,129915,145512,74391,71121,780362,469208,311154,530970,214535,316435,586087,364559,221528,372150,287341,84809,156629,126304,30325,103531,68156,35375,5427,4114,1313,106563,88767,17796,213937,77218,136719,44678,11794,32884,123495,44761,78734,4490,1836,2654,41274,18827,22447,725245,319184,406061,917.872650981436,15.055607580688948,20.68743842139138,11.096503402647079,70.05654890955496,80.82783379241796,58.334083239595046,22.493750552822917,44.694021041200855,35.29826048576377,63.497398850341334,36.50260114965867,55.30597895879914,44.389314214442564
23,446,00000,DISTRICT,Raisen,Total,278895,1331597,700358,631239,207699,107499,100200,225891,119226,106665,205006,105627,99379,820220,479093,341127,511377,221265,290112,517838,370366,147472,370241,301008,69233,120238,107428,12810,125867,93001,32866,11271,5844,5427,112865,94735,18130,147597,69358,78239,18487,7233,11254,102284,46337,55947,6045,1878,4167,20781,13910,6871,813759,329992,483767,901.3090448028008,15.597737153207763,16.963916259949517,15.39549878829706,72.97993234261472,80.81061432819608,64.23765486150734,16.572959466688744,38.88849253940945,23.362308095665828,71.49745673357305,28.50254326642695,61.11150746059055,47.5254809419162
23,447,00000,DISTRICT,Betul,Total,329832,1575362,799236,776126,211433,108034,103399,159296,81621,77675,667018,333166,333852,939769,529783,409986,635593,269453,366140,786980,453887,333093,511287,345729,165558,204175,145621,58554,171105,91911,79194,7225,5084,2141,128782,103113,25669,275693,108158,167535,49427,17884,31543,187052,67727,119325,4624,1949,2675,34590,20598,13992,788382,345349,443033,971.0848860661932,13.421232707149214,10.111707658303299,42.3406175850376,68.90160704846073,76.64662428638806,60.94388957184712,15.702734714540938,49.955502290902025,42.91738712528636,64.96823299194389,35.031767008056114,50.04449770909797,47.68609113319271
23,448,00000,DISTRICT,Harda,Total,113379,570465,294838,275627,84191,43667,40524,92865,48553,44312,159678,81446,78232,352550,203807,148743,217915,91031,126884,230979,156852,74127,163781,127309,36472,58268,48764,9504,56157,37186,18971,4360,3372,988,44996,37987,7009,67198,29543,37655,9751,3103,6648,45099,19042,26057,2099,796,1303,10249,6602,3647,339486,137986,201500,934.8421845216695,14.758311202264817,16.27882516894113,27.990849570087562,72.5002776212588,81.14272746455602,63.26716375375899,17.875563710797024,40.48960058899319,26.893954510987676,70.90731192013126,29.092688079868733,59.51039941100681,49.53913559241316
23,449,00000,DISTRICT,Hoshangabad,Total,257199,1241350,648725,592625,164602,85781,78821,205007,107237,97770,197300,101041,96259,810644,469199,341445,430706,179526,251180,478082,345435,132647,361648,289812,71836,104205,91935,12270,104560,71995,32565,6981,5127,1854,145902,120755,25147,116434,55623,60811,12235,4433,7802,77407,34148,43259,3001,1345,1656,23791,15697,8094,763268,303290,459978,913.5226791013141,13.259918636967818,16.51484271156402,15.893986385789665,75.28632511971232,83.34736670077308,66.45432888805848,16.893037812714596,38.51307044749668,22.38295718202911,75.64560054551312,24.354399454486884,61.48692955250332,43.667195167356226
23,450,00000,DISTRICT,Katni,Total,289551,1292042,662013,630029,193395,99761,93634,155717,79369,76348,317699,159799,157900,790773,460583,330190,501269,201430,299839,543874,348410,195464,316144,235991,80153,83277,66242,17035,83913,54168,29745,16965,9107,7858,131989,106474,25515,227730,112419,115311,29535,15170,14365,139989,64645,75344,14296,4809,9487,43910,27795,16115,748168,313603,434565,951.6867493538647,14.968166669504551,12.05200759727625,24.58890655257337,71.97698623852794,81.91753875486437,61.55724792363836,20.36029083122601,42.09414245047762,31.024603629356744,58.12816939217539,41.871830607824606,57.90585754952239,30.74057594222191
23,451,00000,DISTRICT,Jabalpur,Total,539060,2463289,1277278,1186011,296565,154210,142355,348029,179858,168171,375231,189915,185316,1756468,980307,776161,706821,296971,409850,1005624,705970,299654,744287,564532,179755,89065,74050,15015,144856,91815,53041,50365,29463,20902,460001,369204,90797,261337,141438,119899,17817,8986,8831,138780,67684,71096,19581,7752,11829,85159,57016,28143,1457665,571308,886357,928.5457042241392,12.039391236675842,14.128630461143619,15.232926384196087,81.06560872543065,87.28830311254528,74.369428240723,12.918874871822283,40.82444244260417,25.26570158286896,74.01245395893496,25.987546041065052,59.17555755739582,23.26127856932611
23,452,00000,DISTRICT,Narsimhapur,Total,250286,1091854,568810,523044,142250,74445,67805,184155,96079,88076,145879,74127,71752,718785,413491,305294,373069,155319,217750,477818,323464,154354,358203,267439,90764,102383,87433,14950,165445,107426,58019,8282,5904,2378,82093,66676,15417,119615,56025,63590,11483,4493,6990,92420,41615,50805,2312,1163,1149,13400,8754,4646,614036,245346,368690,919.5407956962782,13.028298655314721,16.866266002597417,13.360669100447495,75.69313103146153,83.64083217865343,67.06235625682334,16.57847592183009,43.762078080036346,29.510710380006273,74.96640980456995,25.03359019543006,56.23792191996366,56.052304433905796
23,453,00000,DISTRICT,Dindori,Total,169630,704524,351913,352611,111820,56767,55053,39782,20366,19416,455789,225699,230090,378714,222759,155955,325810,129154,196656,389925,203383,186542,250137,142645,107492,122721,73178,49543,95422,48034,47388,3898,2226,1672,28096,19207,8889,139788,60738,79050,27363,12690,14673,95540,39621,55919,4060,1749,2311,12825,6678,6147,314599,148530,166069,1001.9834447718612,15.87170912559402,5.646649368935622,64.69460231305109,63.895975056689345,75.47417210465329,52.41163067368378,23.06254143096951,55.34587891966775,52.90305747693635,64.15002885170225,35.84997114829775,44.65412108033225,55.944861191254724
23,454,00000,DISTRICT,Mandla,Total,250146,1054905,525272,529633,150263,76288,73975,48425,24652,23773,610528,299918,310610,604962,348033,256929,449943,177239,272704,559649,300235,259414,325159,196325,128834,116267,72688,43579,138833,71549,67284,5228,3464,1764,64831,48624,16207,234490,103910,130580,32664,15533,17131,180076,76555,103521,4225,1900,2325,17525,9922,7603,495256,225037,270219,1008.3023652507652,14.244221043601083,4.590460752390026,57.875164114304134,66.87308349601278,77.51567984605242,56.38636872391135,21.12931112214107,53.05207577933558,48.979954043649094,58.10052372111806,41.89947627888194,46.94792422066442,45.58214166379284
23,455,00000,DISTRICT,Chhindwara,Total,443361,2090922,1064468,1026454,272289,139220,133069,232244,118465,113779,769778,385785,383993,1294198,731294,562904,796724,333174,463550,957984,582263,375721,673845,464437,209408,237158,171201,65957,233522,131562,101960,9980,7601,2379,193185,154073,39112,284139,117826,166313,45953,16830,29123,189146,69760,119386,4605,2274,2331,44435,28962,15473,1132938,482205,650733,964.2882641845504,13.022436991910746,11.107253163915248,36.815242271112936,71.163230844266,79.03762018399392,63.00799767177645,16.029622512217472,45.81634322083751,36.603783511,70.3399012927147,29.6600987072853,54.18365677916249,49.13234459030631
23,456,00000,DISTRICT,Seoni,Total,314767,1379131,695879,683252,180784,92567,88217,130797,66830,63967,519856,258121,261735,864194,485341,378853,514937,210538,304399,684434,394660,289774,397575,270675,126900,131232,96141,35091,164802,95966,68836,6814,4766,2048,94727,73802,20925,286859,123985,162874,42433,17608,24825,211602,87389,124213,5143,2242,2901,27681,16746,10935,694697,301219,393478,981.8546040331724,13.108544438490616,9.484015659136078,37.69446122232043,72.11550577587293,80.44610417163922,63.66902787231004,16.77707629932918,49.62791787002105,42.41099916282718,58.088142903479365,41.91185709652063,50.37208212997895,43.25238079931739
23,457,00000,DISTRICT,Balaghat,Total,391836,1701698,842178,859520,212931,108278,104653,125426,61576,63850,383026,186979,196047,1147623,626468,521155,554075,215710,338365,893014,488610,404404,530506,338314,192192,193135,124805,68330,199662,110622,89040,12561,7390,5171,125148,95497,29651,362508,150296,212212,64650,25526,39124,260134,103732,156402,6684,2765,3919,31040,18273,12767,808684,353568,455116,1020.5918463792689,12.512854807374751,7.370638033305557,22.508459197813007,77.08546736997798,85.36149339147022,69.03931421031785,16.322179181152364,52.47781921351498,47.04998138495905,59.40623551254516,40.59376448745484,47.52218078648503,43.98553662092644
23,458,00000,DISTRICT,Guna,Total,244401,1241519,649362,592157,207177,108473,98704,193115,100646,92469,190819,98206,92613,653980,400537,253443,587539,248825,338714,514897,335454,179443,353671,276196,77475,170502,136205,34297,78934,53110,25824,8631,5673,2958,95604,81208,14396,161226,59258,101968,43447,11174,32273,96681,35017,61664,3448,1464,1984,17650,11603,6047,726622,313908,412714,911.9058398859188,16.68738053948429,15.55473577126085,15.369801026001213,63.22666970885839,74.05160763114058,51.361122538519375,22.69048509262121,41.47314700781865,30.303281055530878,68.6877181261495,31.3122818738505,58.526852992181354,48.44386352998755
23,459,00000,DISTRICT,Ashoknagar,Total,172680,845071,443837,401234,138787,72239,66548,175764,92216,83548,82072,42447,39625,469109,290304,178805,375962,153533,222429,315270,231829,83441,241288,199418,41870,103749,94377,9372,72632,52150,20482,8404,5227,3177,56503,47664,8839,73982,32411,41571,13164,4134,9030,49755,21853,27902,2155,877,1278,8908,5547,3361,529801,212008,317793,904.0120584809288,16.423117110869974,20.79872578753738,9.711846696904756,66.41931574267575,78.12313306314888,53.42470255702359,24.69843050612529,37.30692450693492,20.796094049856194,76.53376470961398,23.466235290386017,62.69307549306507,55.94601452723062
23,460,00000,DISTRICT,Shahdol,Total,251452,1066063,540021,526042,159806,81943,77863,89733,45547,44186,476008,236947,239061,604194,348761,255433,461869,191260,270609,493057,292402,200655,240811,170300,70511,63247,46805,16442,83059,48508,34551,7355,5196,2159,87150,69791,17359,252246,122102,130144,32548,17202,15346,175932,79896,96036,6974,3239,3735,36792,21765,15027,573006,247619,325387,974.1139696419214,14.990296070682502,8.417232377448611,44.6510196864538,66.66916779677288,76.13572361038949,56.99352267732313,19.142200933066363,46.25026851133563,38.14429266104227,48.84039776334176,51.159602236658245,53.74973148866437,29.67324264740182
23,461,00000,DISTRICT,Anuppur,Total,170715,749237,379114,370123,106071,54388,51683,74385,37841,36544,358543,177977,180566,436595,254120,182475,312642,124994,187648,346471,207401,139070,227040,154768,72272,89496,59466,30030,58550,30415,28135,4041,2923,1118,74953,61964,12989,119431,52633,66798,25952,11849,14103,71826,28865,42961,3010,1412,1598,18643,10507,8136,402766,171713,231053,976.2841783737873,14.157202594105737,9.92810018725717,47.85441722712573,67.88216416912586,78.25674568713316,57.30278859439769,20.95395709273547,46.24317805981285,37.573995671709135,65.52929393802079,34.470706061979214,53.75682194018715,42.72969454875011
23,462,00000,DISTRICT,Sidhi,Total,238448,1127033,575912,551121,194528,101633,92895,130202,66174,64028,313304,159192,154112,600785,353030,247755,526248,222882,303366,461760,284289,177471,275482,194774,80708,77085,57533,19552,128978,82572,46406,8758,5826,2932,60661,48843,11818,186278,89515,96763,25559,11647,13912,133052,62064,70988,6896,3151,3745,20771,12653,8118,665273,291623,373650,956.9534928947478,17.260186702607644,11.552634217454147,27.79900854722089,64.42700039141882,74.43508989434488,54.06829817600922,20.366791718335662,40.97129365333579,32.20182137860832,59.65913028413028,40.340869715869715,59.02870634666421,44.62556306306306
23,463,00000,DISTRICT,Singrauli,Total,243925,1178273,613637,564636,209792,109094,100698,150664,77882,72782,383994,196133,187861,585054,359923,225131,593219,253714,339505,499439,304234,195205,348393,242234,106159,122734,84908,37826,127134,72552,54582,5229,3679,1550,93296,81095,12201,151046,62000,89046,24998,8514,16484,101338,37791,63547,3627,1854,1773,21083,13841,7242,678834,309403,369431,920.1466013294505,17.805041785732172,12.786849906600592,32.5895611628205,60.40944530661933,71.33643713221667,48.52609615940061,22.810340972816064,42.387375421485515,34.57183034733882,69.75686720500401,30.243132794995987,57.612624578514485,50.02973336083085
23,464,00000,DISTRICT,Jhabua,Total,194157,1025048,515023,510025,211869,109040,102829,17427,8770,8657,891818,446359,445459,352081,214582,137499,672967,300441,372526,515121,265489,249632,370641,211155,159486,267795,150773,117022,48469,19982,28487,3573,2324,1249,50804,38076,12728,144480,54334,90146,61380,22881,38499,67180,23258,43922,1559,600,959,14361,7595,6766,509927,249534,260393,990.2955790323928,20.669178418961845,1.7001155067860236,87.00255988012269,43.29686329824061,52.85492249675479,33.76727669230542,19.087645804449366,50.2533539892766,48.945051713151315,71.95222093449888,28.047779065501118,49.7466460107234,61.396060343103855
23,465,00000,DISTRICT,Alirajpur,Total,123800,728999,362542,366457,147961,74818,73143,26877,13481,13396,648638,321842,326796,209754,120905,88849,519245,241637,277608,366797,188698,178099,265029,152147,112882,209125,118684,90441,26185,11511,14674,2817,1790,1027,26902,20162,6740,101768,36551,65217,47268,16821,30447,47508,16457,31051,1249,526,723,5743,2747,2996,362202,173844,188358,1010.7987488346178,20.29646131201826,3.686836333108825,88.97652808851589,36.099876428047736,42.02117306863522,30.29142829868332,11.7297447699519,50.31515818265868,48.60024504921451,72.25495301215659,27.745046987843413,49.684841817341315,64.1526511939847
23,466,00000,DISTRICT,Khandwa (East Nimar),Total,266655,1310061,674329,635732,208140,107730,100410,156601,80697,75904,459122,234867,224255,731615,432259,299356,578446,242070,336376,612976,369676,243300,492393,323266,169127,160061,109847,50214,221197,121944,99253,7908,6197,1711,103227,85278,17949,120583,46410,74173,19276,5638,13638,85426,30911,54515,1944,841,1103,13937,9020,4917,697085,304653,392432,942.7623608060753,15.88780980427629,11.953718185641737,35.04584901008426,66.3945055952287,76.29010993665715,55.920735557290755,20.36937437936639,46.78988230319046,38.27084368885002,80.32826733836235,19.67173266163765,53.21011769680953,62.19786745321188
23,467,00000,DISTRICT,Burhanpur,Total,146341,757847,388504,369343,122869,63874,58995,64254,33037,31217,230095,116420,113675,408679,233073,175606,349168,155431,193737,328339,211925,116414,274900,189074,85826,61467,42403,19064,117409,65941,51468,7279,5134,2145,88745,75596,13149,53439,22851,30588,6332,1965,4367,38886,15707,23179,798,337,461,7423,4842,2581,429508,176579,252929,950.6800444783065,16.21290313216256,8.478492360595212,30.36166930792099,64.36112747213289,71.79650679234821,56.58357714565584,15.212929646692373,43.325235832562505,31.51921113978064,83.72444333448053,16.275556665519478,56.67476416743749,54.479059752268235
24,468,00000,DISTRICT,Kachchh,Total,445672,2092371,1096737,995634,318412,165739,152673,258859,133224,125635,24228,12825,11403,1252319,739239,513080,840052,357498,482554,776228,624704,151524,686937,591369,95568,99241,88516,10725,140410,104117,36293,8170,5625,2545,439116,393111,46005,89291,33335,55956,6635,1852,4783,43561,11765,31796,2632,431,2201,36463,19287,17176,1316143,472033,844110,907.8147267758816,15.21776013909579,12.371563169246754,1.1579208467332036,70.59458533145354,79.40285586005555,60.86639832685024,18.536457533205315,37.09800986536326,15.2188454793629,88.49680763899266,11.503192361007333,62.90199013463673,30.87378965973915
24,469,00000,DISTRICT,Banas Kantha,Total,560411,3120506,1610379,1510127,510310,268858,241452,327460,169288,158172,284155,144355,139800,1704923,1048402,656521,1415583,561977,853606,1248600,836268,412332,1012080,779716,232364,435409,379070,56339,239333,162991,76342,8755,6737,2018,328583,230918,97665,236520,56552,179968,40176,9480,30696,111208,28309,82899,3057,1021,2036,82079,17742,64337,1871906,774111,1097795,937.7463317641375,16.353437551474023,10.493810939636072,9.106055235913663,65.31781521387666,78.15024885931714,51.74855656492009,26.40169229439706,40.01274152332987,27.30445849918583,81.05718404613167,18.942815953868333,59.98725847667012,54.03988467083133
24,470,00000,DISTRICT,Patan,Total,267633,1343734,694397,649337,184779,97762,87017,123408,64190,59218,13303,6835,6468,837913,494631,343282,505821,199766,306055,554830,383074,171756,446240,353815,92425,126099,113449,12650,158550,111370,47180,4538,2902,1636,157053,126094,30959,108590,29259,79331,10491,2558,7933,68530,15379,53151,1854,812,1042,27715,10510,17205,788904,311323,477581,935.1091666582661,13.751159083568623,9.18396051599498,0.9900024856109915,72.2990107467503,82.90345018311027,61.04744629392517,21.856003889185097,41.29016605965169,26.450979999599593,80.42823928050034,19.571760719499668,58.70983394034831,51.30382279256709
24,471,00000,DISTRICT,Mahesana,Total,424479,2035064,1056520,978544,237932,129169,108763,162288,84470,77818,9392,4879,4513,1502645,847499,655146,532419,209021,323398,812064,588699,223365,698768,552121,146647,178862,164786,14076,192521,136785,55736,6980,5191,1789,320405,245359,75046,113296,36578,76718,10898,3261,7637,50448,13000,37448,3302,927,2375,48648,19390,29258,1223000,467821,755179,926.1954340665582,11.691622474772293,7.974589496939653,0.461508827240814,83.6135019575635,91.3892366536511,75.32309857308908,16.066138080562013,39.90360991103965,22.82626023970307,86.04839027465816,13.951609725341847,60.09639008896035,45.73321807148205
24,472,00000,DISTRICT,Sabar Kantha,Total,481414,2428589,1244231,1184358,345490,181529,163961,187685,96527,91158,542156,272531,269625,1578734,918625,660109,849855,325606,524249,1084878,681435,403443,795096,598804,196292,320408,288961,31447,188289,117834,70455,6402,4535,1867,279997,187474,92523,289782,82631,207151,46303,12734,33569,145578,45872,99706,4507,1079,3428,93394,22946,70448,1343711,562796,780915,951.8795143345569,14.22595589455441,7.728149966914945,22.32390906818733,75.78775660686314,86.44238930575081,64.69138972380358,21.750999581947227,44.6711238501039,34.06427786193026,73.28897811551161,26.711021884488396,55.32887614989609,46.88978852921711
24,473,00000,DISTRICT,Gandhinagar,Total,289990,1391753,723864,667889,167377,90604,76773,108608,56919,51689,18204,9711,8493,1030494,582686,447808,361259,141178,220081,534976,408075,126901,451951,372747,79204,98153,91309,6844,97287,73049,24238,5666,4301,1365,250845,204088,46757,83025,35328,47697,5994,2550,3444,32069,11994,20075,2934,789,2145,42028,19995,22033,856777,315789,540988,922.6719383751644,12.026343754962268,7.803683555918327,1.307990713869487,84.16483171836103,92.01370685026687,75.7563659247931,16.25734092547377,38.439004622228225,19.00031292624972,84.48061221437972,15.519387785620289,61.560995377771775,36.532479961717904
24,474,00000,DISTRICT,Ahmadabad,Total,1510134,7214225,3788051,3426174,842518,453790,388728,759483,399075,360408,89138,47106,42032,5435760,3025463,2410297,1778465,762588,1015877,2594952,2127547,467405,2332409,2005714,326695,127916,118005,9911,191480,144697,46783,42553,28907,13646,1970460,1714105,256355,262543,121833,140710,14754,5243,9511,77474,23100,54374,12323,3748,8575,157992,89742,68250,4619273,1660504,2958769,904.4688152297844,11.678565611690791,10.527575727122455,1.2355866361251555,85.31089078640936,90.73863743720123,79.35275227938209,11.385885157819146,35.96993440043803,13.642185131286386,89.88254888722412,10.117451112775882,64.03006559956198,12.308358690257084
24,475,00000,DISTRICT,Surendranagar,Total,343213,1756268,909917,846351,240011,126572,113439,179461,93427,86034,21453,11068,10385,1093626,643221,450405,662642,266696,395946,723500,504038,219462,586364,470081,116283,166352,139524,26828,180888,124958,55930,7151,5604,1547,231973,199995,31978,137136,33957,103179,18883,3216,15667,89973,18540,71433,2367,589,1778,25913,11612,14301,1032768,405879,626889,930.1408809814523,13.665966697565521,10.218315200185849,1.2215106122755754,72.1266909237682,82.11209620282251,61.45417185146375,20.657924351358766,41.195307322117124,25.930376404116025,81.04547339322737,18.954526606772635,58.804692677882876,47.994471319972355
24,476,00000,DISTRICT,Rajkot,Total,786586,3804558,1974445,1830113,438580,235534,203046,290169,149782,140387,24017,12504,11513,2725056,1514075,1210981,1079502,460370,619132,1479050,1159480,319570,1324783,1106368,218415,304782,237042,67740,171235,115268,55967,18792,13505,5287,829974,740553,89421,154267,53112,101155,44575,6729,37846,43050,9207,33843,4988,1399,3589,61654,35777,25877,2325508,814965,1510543,926.8999642937636,11.527751712551103,7.626878076244337,0.6312691250862781,80.95881791265421,87.0702985949252,74.4272362478005,12.643062347124712,38.875737996371726,17.46176329002635,89.56985903113484,10.43014096886515,61.12426200362828,32.18396943984314
24,477,00000,DISTRICT,Jamnagar,Total,430941,2160119,1114192,1045927,263972,138608,125364,173895,89597,84298,24187,12415,11772,1396534,795140,601394,763585,319052,444533,847440,646822,200618,721253,604615,116638,226459,185333,41126,106658,75414,31244,8392,5928,2464,379744,337940,41804,126187,42207,83980,37859,5366,32493,40535,9541,30994,2967,819,2148,44826,26481,18345,1312679,467370,845309,938.7313856139697,12.220252680523618,8.0502509352494,1.119706830966257,73.65114624551788,81.50400170564502,65.32893457590626,16.175067129738764,39.23117198635816,19.180879736348714,85.10962428018503,14.89037571981497,60.76882801364184,39.30862361937129
24,478,00000,DISTRICT,Porbandar,Total,124556,585449,300209,285240,65926,34648,31278,51830,26607,25223,13039,6730,6309,393678,221621,172057,191771,78588,113183,231169,174118,57051,195437,160952,34485,54807,44971,9836,36278,24878,11400,1847,1396,451,102505,89707,12798,35732,13166,22566,10895,2221,8674,12686,3495,9191,524,198,326,11627,7252,4375,354280,126091,228189,950.1380704775672,11.260758836380283,8.853034166938539,2.2271794810478798,75.77681835067938,83.45389571510877,67.74911207188477,15.704783643224005,39.485762209859445,20.00105174589819,84.54291016529034,15.457089834709672,60.514237790140555,39.401909425571766
24,479,00000,DISTRICT,Junagadh,Total,527326,2743082,1404356,1338726,311930,163535,148395,265793,136319,129474,55571,28463,27108,1842818,1046981,795837,900264,357375,542889,1123709,801859,321850,942709,756431,186278,300899,243421,57478,258569,174770,83799,7436,6020,1416,375805,332220,43585,181000,45428,135572,66412,8976,57436,75427,15701,59726,2209,796,1413,36952,19955,16997,1619373,602497,1016876,953.2668354747657,11.371515689286722,9.689575448346059,2.0258599633550873,75.8001967791401,84.37808515490953,66.8584620580326,17.519623096876927,40.96519899879041,24.04151409623777,83.89262700574615,16.10737299425385,59.034801001209594,49.787622952205595
24,480,00000,DISTRICT,Amreli,Total,294837,1514190,771049,743141,173555,92047,81508,132915,68518,64397,7322,3856,3466,995459,558180,437279,518731,212869,305862,657139,453642,203497,529153,425753,103400,185004,149840,35164,149563,102874,46689,4591,3658,933,189995,169381,20614,127986,27889,100097,47122,6367,40755,60372,11859,48513,1492,428,1064,19000,9235,9765,857051,317407,539644,963.805153758062,11.461903724103315,8.77796049372932,0.48355886645665336,74.25279811432642,82.20594342873807,66.09086910719387,16.1150743215442,43.39871482442758,27.383363318670344,80.52375524812862,19.47624475187137,56.601285175572414,50.91266840044496
24,481,00000,DISTRICT,Bhavnagar,Total,538605,2880365,1490201,1390164,381470,201720,179750,157034,80827,76207,9110,4751,4359,1887255,1087371,799884,993110,402830,590280,1150632,838781,311851,992140,790944,201196,204915,166590,38325,252904,155751,97153,14129,10892,3237,520192,457711,62481,158492,47837,110655,26881,5270,21611,81121,15240,65881,3867,1389,2478,46623,25938,20685,1729733,651420,1078313,932.8701295999667,13.243807642434206,5.4518784945657925,0.31627936042827903,75.52358142298897,84.39169844180861,66.08350531305818,18.308193128750432,39.947437217158246,22.432677007892593,86.22565685640588,13.774343143594129,60.052562782841754,39.78848146062338
24,482,00000,DISTRICT,Anand,Total,427605,2092745,1087224,1005521,254008,134827,119181,104465,54476,49989,24824,12761,12063,1551253,874481,676772,541492,212743,328749,844794,627561,217233,690031,570226,119805,144417,138673,5744,263622,207235,56387,12472,10423,2049,269520,213895,55625,154763,57335,97428,7995,3997,3998,82707,27978,54729,3988,1556,2432,60073,23804,36269,1247951,459663,788288,924.8517324856699,12.137551397805275,4.991769183536456,1.186193253358627,84.36513759172738,91.81895785056022,76.35580025723763,15.463157593322592,40.3677466676542,21.604024182488484,81.68038598758987,18.319614012410128,59.6322533323458,48.300414065440805
24,483,00000,DISTRICT,Kheda,Total,466856,2299885,1185727,1114158,291133,153591,137542,115631,59734,55897,40336,21057,19279,1660243,942480,717763,639642,243247,396395,933983,674586,259397,722134,593568,128566,221856,207953,13903,239743,185075,54668,8474,6254,2220,252061,194286,57775,211849,81018,130831,17385,8117,9268,120099,44986,75113,3981,1175,2806,70384,26740,43644,1365902,511141,854761,939.6412496299739,12.658589451211691,5.027686166917041,1.7538268217758712,82.65047153655604,91.31354782703055,73.49490485513242,17.81864297189813,40.609987021090184,23.281886411083526,77.31768137107422,22.682318628925792,59.39001297890981,49.42263403081213
24,484,00000,DISTRICT,Panch Mahals,Total,446611,2390776,1226961,1163815,361311,186998,174313,100446,51278,49168,721604,368348,353256,1440805,858054,582751,949971,368907,581064,1097507,673565,423942,685141,561301,123840,366140,323005,43135,131350,84293,47057,5873,4497,1376,181778,149506,32272,412366,112264,300102,90628,21149,69479,244688,65043,179645,4898,1803,3095,72152,24269,47883,1293269,553396,739873,948.5346315001048,15.112708175086247,4.201397370560855,30.182836033154086,70.99432609086631,82.50812769300447,58.89336251973215,23.614765173272318,45.9058899704531,36.426923523068524,62.42702780027827,37.57297219972173,54.0941100295469,45.32909585086929
24,485,00000,DISTRICT,Dohad,Total,334272,2127086,1068651,1058435,414798,212968,201830,41444,20680,20764,1580850,793305,787545,1007171,599035,408136,1119915,469616,650299,999124,540881,458243,553395,416295,137100,311832,269743,42089,128264,55740,72524,4406,3455,951,108893,87357,21536,445729,124586,321143,76780,21991,54789,310333,75279,235054,4409,1447,2962,54207,25869,28338,1127962,527770,600192,990.4402840590614,19.50076301569377,1.9483932478517558,74.31998518160525,58.820186791007124,70.00664965881056,47.645764383817514,22.360885274993045,46.971490574429055,43.2943921922461,55.38801990543716,44.61198009456284,53.028509425570945,44.04818621112094
24,486,00000,DISTRICT,Vadodara,Total,877106,4165626,2153736,2011890,499811,263506,236305,221629,114602,107027,1149901,586665,563236,2893080,1614087,1278993,1272546,539649,732897,1693473,1233312,460161,1360660,1121791,238869,279563,253431,26132,343509,235462,108047,13376,10694,2682,724212,622204,102008,332813,111521,221292,32563,9410,23153,226852,57800,169052,4304,1698,2606,69094,42613,26481,2472153,920424,1551729,934.1395602803686,11.998460735553312,5.3204248293053675,27.60451850454169,78.9205129009511,85.39103706956296,72.03220347096872,13.35883359859423,40.65350561956354,22.87207551108659,80.34730993644422,19.65269006355578,59.346494380436454,36.79255588958312
24,487,00000,DISTRICT,Narmada,Total,122174,590297,301086,289211,78123,40250,37873,8733,4465,4268,481392,244524,236868,370336,211767,158569,219961,89319,130642,294795,174282,120513,193916,141516,52400,56266,46192,10074,103360,68519,34841,1580,1159,421,32710,25646,7064,100879,32766,68113,6557,2558,3999,84670,25733,58937,1014,335,679,8638,4140,4498,295502,126804,168698,960.5594414884783,13.234524315725812,1.4794247641441511,81.55081255706872,72.30667702772887,81.18779616310631,63.08994262705997,18.097853536046344,49.94011489131742,41.66957688331357,65.77994877796435,34.22005122203565,50.05988510868258,54.14813684085551
24,488,00000,DISTRICT,Bharuch,Total,333483,1551019,805707,745312,179103,93265,85838,62235,31979,30256,488194,250398,237796,1118276,623047,495229,432743,182660,250083,627124,468919,158205,526541,423884,102657,71035,63735,7300,194819,134186,60633,6634,5419,1215,254053,220544,33509,100583,45035,55548,7085,2911,4174,58758,21210,37548,2268,1007,1261,32472,19907,12565,923895,336788,587107,925.0409888458211,11.547440747018573,4.012523379790963,31.475694366090938,81.51198761440205,87.45231190749563,75.09454504650677,12.35776686098886,40.43303144577855,21.22668090678803,83.96122616898731,16.038773831012687,59.566968554221454,42.39257307964613
24,489,00000,DISTRICT,The Dangs,Total,44699,228291,113821,114470,40743,20743,20000,992,490,502,216073,107539,108534,140968,77314,63654,87323,36507,50816,118257,61329,56928,88038,53926,34112,54775,35001,19774,22131,10878,11253,758,469,289,10374,7578,2796,30219,7403,22816,9786,1827,7959,18355,4712,13643,414,119,295,1664,745,919,110034,52492,57542,1005.7019354952075,17.846958487193977,0.4345331178189241,94.64805883718587,75.16369142832768,83.0636670319517,67.3801206732296,15.683546358722097,51.80099084063761,49.73180746046999,74.44633298663081,25.553667013369186,48.19900915936239,65.0329367394742
24,490,00000,DISTRICT,Navsari,Total,295131,1329672,678165,651507,135170,70298,64872,35464,17959,17505,639659,319740,319919,1001909,539471,462438,327763,138694,189069,591834,407881,183953,510004,375375,134629,98259,76928,21331,162145,95054,67091,5323,3761,1562,244277,199632,44645,81830,32506,49324,14550,4422,10128,44463,15426,29037,1850,741,1109,20967,11917,9050,737838,270284,467554,960.6909822830727,10.16566491585895,2.66712392229061,48.10652551907538,83.876711801236,88.74819656273493,78.82891406070213,9.9192825020328,44.50977383896179,28.234999777439075,86.17348783611621,13.826512163883791,55.490226161038215,43.999499859757975
24,491,00000,DISTRICT,Valsad,Total,364403,1705678,887222,818456,215439,111889,103550,38237,19557,18680,902794,450976,451818,1170657,655528,515129,535021,231694,303327,743245,516188,227057,577327,450394,126933,119731,93410,26321,89867,54008,35859,8554,6533,2021,359175,296443,62732,165918,65794,100124,27838,10150,17688,93158,30474,62684,3279,1297,1982,41643,23873,17770,962433,371034,591399,922.4929048197633,12.630695828872742,2.2417478562776796,52.92874739546386,78.55498346238421,84.5479297282587,72.0554870150761,12.492442713182598,43.57475443782472,27.742114420323144,77.676540037269,22.323459962730997,56.42524556217528,28.200391526347303
24,492,00000,DISTRICT,Surat,Total,1333200,6081322,3402224,2679098,736286,401315,334971,158115,82202,75913,856952,432089,424863,4571410,2687468,1883942,1509912,714756,795156,2553542,2142819,410723,2405288,2075920,329368,101747,87774,13973,274736,159418,115318,32933,20738,12195,1995872,1807990,187882,148254,66899,81355,7802,2583,5219,51003,15267,35736,9107,1769,7338,80342,47280,33062,3527780,1259405,2268375,787.4549118458984,12.10733455653228,2.60001032670199,14.091541280004577,85.52627147880763,89.55513146183372,80.36859777648566,9.186533685348067,41.98991600839423,15.330644866294552,94.194182042042,5.805817957958006,58.010083991605775,14.743560121587976
24,493,00000,DISTRICT,Tapi,Total,177091,807022,402188,404834,89075,45619,43456,8168,4139,4029,679320,335958,343362,490036,269007,221029,316986,133181,183805,450902,251049,199853,337579,214069,123510,92029,68385,23644,174240,94337,79903,6428,3498,2930,64882,47849,17033,113323,36980,76343,13697,4464,9233,80546,23720,56826,3251,1088,2163,15829,7708,8121,356120,151139,204981,1006.5790127999841,11.037493401666868,1.012116150489082,84.17614389694457,68.25517761060357,75.44318210500633,61.162826735440454,14.280355369565875,55.8723306180005,49.366653986572274,74.86748783549419,25.132512164505812,44.1276693819995,59.05252139045734
25,494,00000,DISTRICT,Diu,Total,10580,52074,25642,26432,6476,3357,3119,1862,927,935,123,69,54,38058,20327,17731,14016,5315,8701,15750,12932,2818,14718,12659,2059,402,212,190,189,40,149,48,31,17,14079,12376,1703,1032,273,759,69,26,43,102,9,93,227,6,221,634,232,402,36324,12710,23614,1030.808829264488,12.436148557821562,3.575680761992549,0.2362023274570803,83.46418702574674,91.21382095579986,76.05627761334878,15.157543342451078,30.245419979260284,10.661319612590798,93.44761904761904,6.552380952380952,69.75458002073972,3.7523809523809524
25,495,00000,DISTRICT,Daman,Total,50376,191173,124659,66514,20458,10787,9671,4262,2224,2038,15240,7702,7538,150348,104316,46032,40825,20343,20482,105521,94502,11019,101717,91955,9762,1247,1088,159,302,232,70,332,264,68,99836,90371,9465,3804,2547,1257,598,166,432,179,81,98,77,31,46,2950,2269,681,85652,30157,55495,533.5675723373362,10.701301962097158,2.2293943182353155,7.971837027195263,88.06958966698885,91.60812139946607,80.98094752212234,10.627173877343736,55.19660203062148,16.56643714105301,96.3950303731011,3.6049696268989107,44.80339796937852,1.4679542460742412
26,496,00000,DISTRICT,Dadra & Nagar Haveli,Total,76458,343709,193760,149949,50895,26431,24464,6186,3339,2847,178564,88844,89720,223230,142521,80709,120479,51239,69240,157161,119293,37868,130299,109125,21174,22707,16486,6221,6184,3119,3065,1566,1151,415,99842,88369,11473,26862,10168,16694,5457,1810,3647,11615,2334,9281,629,218,411,9161,5806,3355,186548,74467,112081,773.8903798513626,14.807584322784681,1.7997783008300627,51.95208737623979,76.23610892921786,85.17411805485003,64.31764752759294,20.856470527257088,45.72501738389161,25.25391966601978,82.90797335216752,17.09202664783248,54.27498261610839,18.383059410413523
27,497,00000,DISTRICT,Nandurbar,Total,323521,1648295,833170,815125,240222,123582,116640,47985,24273,23712,1141933,568026,573907,906509,512099,394410,741786,321071,420715,792065,442898,349167,664193,395928,268265,192433,127705,64728,350630,175727,174903,10154,6043,4111,110976,86453,24523,127872,46970,80902,19239,7524,11715,87546,28808,58738,4445,1364,3081,16642,9274,7368,856230,390272,465958,978.3417549839769,14.573968858729778,2.9111900478979793,69.27964957729047,64.37940362467003,72.16849777617435,56.46649534349342,15.702002432680928,48.05359477520711,42.83600674743138,83.85587041467556,16.14412958532444,51.94640522479289,68.56293359762141
27,498,00000,DISTRICT,Dhule,Total,408874,2050862,1054031,996831,273507,144121,129386,127571,65068,62503,647315,327034,320281,1293916,723388,570528,756946,330643,426303,936370,570448,365922,825875,526267,299608,220641,148256,72385,365828,185067,180761,16557,10334,6223,222849,182610,40239,110495,44181,66314,18498,7029,11469,63708,20916,42792,4089,1563,2526,24200,14673,9527,1114492,483583,630909,945.7321463979712,13.33619716977544,6.22036002422396,31.56306957757275,72.800087770873,79.50104955435154,65.77108635129605,13.72996320305549,45.65738699142117,36.708529329445014,88.19964330339502,11.800356696604975,54.34261300857883,62.63218599485246
27,499,00000,DISTRICT,Jalgaon,Total,903643,4229917,2197365,2032552,532005,288827,243178,389273,199427,189846,604367,310150,294217,2891882,1629223,1262659,1338035,568142,769893,1863571,1186472,677099,1643955,1082936,561019,358786,243593,115193,808872,443822,365050,30550,19754,10796,445747,375767,69980,219616,103536,116080,25573,10001,15572,128302,52201,76101,8380,3278,5102,57361,38056,19305,2366346,1010893,1355453,924.9951646631306,12.5771971412205,9.202851970854274,14.28791628771912,78.20310488729857,85.36497570391577,70.56428672820773,14.800688975708042,44.05691648323123,33.31275165407822,88.21531350294676,11.784686497053238,55.943083516768766,62.657017092453145
27,500,00000,DISTRICT,Buldana,Total,561504,2586258,1337560,1248698,332125,179072,153053,470895,241445,229450,124837,64153,60684,1879874,1048892,830982,706384,288668,417716,1219641,734024,485617,1107542,682638,424904,363983,223649,140334,537970,289944,248026,11125,7305,3820,194464,161740,32724,112099,51386,60713,21464,8290,13174,65257,26012,39245,2645,1078,1567,22733,16006,6727,1366617,603536,763081,933.5641017973026,12.841912910467556,18.20758021821489,4.826935286425407,83.39676496462276,90.53973800332848,75.8440918363156,14.695646167012882,47.15852014764188,38.88986768618193,90.80885276897054,9.19114723102946,52.84147985235812,73.952335154361
27,501,00000,DISTRICT,Akola,Total,395690,1813906,932334,881572,211080,110372,100708,364059,186244,177815,100280,51359,48921,1411281,758977,652304,402625,173357,229268,768154,520362,247792,691025,480913,210112,120136,89372,30764,340583,201264,139319,7894,5357,2537,222412,184920,37492,77129,39449,37680,9544,4416,5128,47938,21566,26372,1766,781,985,17881,12686,5195,1045752,411972,633780,945.553846582877,11.636766183032638,20.070444664718018,5.5284011409632035,88.04954499115937,92.3372370012239,83.53618555856077,8.801051442663123,42.348059932543364,28.10797076132182,89.95917485295917,10.040825147040827,57.65194006745664,59.977426401476784
27,502,00000,DISTRICT,Washim,Total,259464,1197160,620302,576858,152190,81686,70504,229462,117867,111595,80471,41403,39068,869917,487703,382214,327243,132599,194644,569792,340353,229439,502755,309242,193513,154583,98272,56311,265060,144017,121043,5697,3376,2321,77415,63577,13838,67037,31111,35926,11015,4463,6552,45135,19784,25351,1425,530,895,9462,6334,3128,627368,279949,347419,929.9631469832436,12.712586454609243,19.167195696481674,6.721824985799726,83.24803582877978,90.54744010575251,75.48355498327257,15.063885122479945,47.595308897724614,39.77391316407157,88.23482955183646,11.765170448163541,52.40469110227538,73.64845417275076
27,503,00000,DISTRICT,Amravati,Total,647451,2888445,1480768,1407677,311391,160934,150457,506374,259398,246976,404128,205834,198294,2251875,1207104,1044771,636570,273664,362906,1236322,837577,398745,1061544,753682,307862,181436,144691,36745,552820,336746,216074,16717,11728,4989,310571,260517,50054,174778,83895,90883,17357,8234,9123,115123,48206,66917,4281,1732,2549,38017,25723,12294,1652123,643191,1008932,950.639803129187,10.78057570769047,17.53102447856892,13.991195954916918,87.38175451503926,91.45877436101813,83.10168466934984,8.357089691668293,42.802338282363,28.326455571839276,85.86306803567355,14.136931964326447,57.197661717637,59.39035299865245
27,504,00000,DISTRICT,Wardha,Total,309846,1300774,668385,632389,128901,67187,61714,188830,96569,92261,149507,76698,72809,1019458,552617,466841,281316,115768,165548,608235,392316,215919,529623,357852,171771,124563,89599,34964,233609,126301,107308,11070,8144,2926,160381,133808,26573,78612,34464,44148,8426,3127,5299,48561,17549,31012,2715,1102,1613,18910,12686,6224,692539,276069,416470,946.1448117477203,9.90956153797662,14.516741570787852,11.493695292187574,86.99389780291892,91.91930112874627,81.80505541683094,10.11424571191533,46.75946782454139,34.14338326567983,87.07539026856395,12.92460973143604,53.24053217545861,58.88710777906566
27,505,00000,DISTRICT,Nagpur,Total,1041544,4653570,2384975,2268595,497087,257438,239649,867713,439205,428508,437571,223566,214005,3673808,1959220,1714588,979762,425755,554007,1868560,1334211,534349,1654778,1224048,430730,188844,130703,58141,338352,181784,156568,43599,30492,13107,1083983,881069,202914,213782,110163,103619,17762,7533,10229,85235,32116,53119,8820,3924,4896,101965,66590,35375,2785010,1050764,1734246,951.2028427970944,10.681842112614616,18.64617916997058,9.402910023917121,88.38741792039086,92.08864522685151,84.50633974487246,7.5823054819790485,40.153258680969664,23.55418221410168,88.5589973027358,11.441002697264203,59.846741319030336,28.21402577385794
27,506,00000,DISTRICT,Bhandara,Total,278076,1200334,605520,594814,126025,64626,61399,200372,100421,99951,88886,44515,44371,899860,488709,411151,300474,116811,183663,597305,345054,252251,413838,263217,150621,101040,65226,35814,182433,98086,84347,12281,7060,5221,118084,92845,25239,183467,81837,101630,22059,10102,11957,129750,53021,76729,4888,2338,2550,26770,16376,10394,603029,260466,342563,982.3193288413264,10.499161066836397,16.693020442643462,7.405105578947194,83.7617482493398,90.35208377242121,77.07900977662796,13.273073995793254,49.76156636402868,42.408383124808765,69.28420153857743,30.715798461422555,50.238433635971326,47.458668519433125
27,507,00000,DISTRICT,Gondiya,Total,292369,1322507,661554,660953,140365,71764,68601,175961,87434,88527,214253,105944,108309,1004243,542837,461406,318264,118717,199547,665419,383151,282268,433962,281710,152252,137183,89403,47780,147366,83385,63981,20354,9021,11333,129059,99901,29158,231457,101441,130016,49326,22479,26847,134048,53467,80581,12171,3481,8690,35912,22014,13898,657088,278403,378685,999.0915329663187,10.61355440840767,13.305109160102743,16.200519165494022,84.95113108239111,92.03903084148595,77.89388741829183,14.145143423194128,50.3149699774746,42.70621360369043,65.21635240352319,34.78364759647681,49.6850300225254,42.76237979378406
27,508,00000,DISTRICT,Gadchiroli,Total,250435,1072942,541328,531614,120272,61320,58952,120745,61041,59704,415306,207377,207929,708365,395110,313255,364577,146218,218359,584237,323338,260899,392886,239961,152925,178169,110552,67617,130112,65683,64429,7473,4766,2707,77132,58960,18172,191351,83377,107974,47189,24002,23187,117701,45222,72479,3848,1701,2147,22613,12452,10161,488705,217990,270715,982.0552419235657,11.209552799685351,11.253637195673205,38.70721809752997,74.35575802743867,82.31321144647589,66.27463176646314,16.038579680012745,54.451871582993306,49.076773749374546,67.2477094056008,32.75229059439919,45.5481284170067,52.76642869246556
27,509,00000,DISTRICT,Chandrapur,Total,536686,2204307,1123834,1080473,231316,118471,112845,348365,176898,171467,389441,196753,192688,1578615,872565,706050,625692,251269,374423,1058172,648565,409607,804433,536752,267681,192568,125517,67051,303057,158251,144806,16174,11759,4415,292634,241225,51409,253739,111813,141926,28410,12774,15636,170926,64984,105942,5172,2532,2640,49231,31523,17708,1146135,475269,670866,961.4168996488805,10.49381959953854,15.803833132136313,17.667275928443722,80.01126208887926,86.79103965433382,72.9670906588069,13.82394899552692,48.00474707016763,37.909970910888106,76.02100603682577,23.97899396317423,51.99525292983237,46.83784866732441
27,510,00000,DISTRICT,Yavatmal,Total,646886,2772348,1419965,1352383,330180,171782,158398,328518,167009,161509,514057,260896,253161,2022574,1115980,906594,749774,303985,445789,1355999,815475,540524,1195100,743702,451398,310818,203946,106872,633145,336983,296162,14446,9658,4788,236691,193115,43576,160899,71773,89126,22686,9527,13159,106573,42000,64573,3453,1543,1910,28187,18703,9484,1416349,604490,811859,952.4058691587469,11.909760246549135,11.849811062680443,18.542296998789475,82.8187905172781,89.40836399790736,75.93009962436714,13.478264373540213,48.911572428858136,39.968263428333536,88.13428328486967,11.865716715130322,51.08842757114186,69.61384189811349
27,511,00000,DISTRICT,Nanded,Total,665434,3361292,1730075,1631217,459572,240620,218952,640483,328797,311686,281695,143892,137803,2189425,1255222,934203,1171867,474853,697014,1493953,925232,568721,1317791,850493,467298,416826,271253,145573,539588,289385,250203,23448,13443,10005,337929,276412,61517,176162,74739,101423,30997,9792,21205,92807,33524,59283,5710,2000,3710,46648,29423,17225,1867339,804843,1062496,942.8591246044247,13.672480700873354,19.054667074446375,8.380557238109631,75.45266255875825,84.27391226992424,66.14927085214177,18.12464141778247,44.44579643779832,34.86482791682529,88.20833051642187,11.791669483578131,55.55420356220168,64.01901532377524
27,512,00000,DISTRICT,Hingoli,Total,228868,1177345,606294,571051,165716,88052,77664,182565,93379,89186,111954,57674,54280,790743,450551,340192,386602,155743,230859,569182,330903,238279,514371,308332,206039,227284,134861,92423,198494,102908,95586,6967,4411,2556,81626,66152,15474,54811,22571,32240,14329,4331,9998,27989,10609,17380,1301,449,852,11192,7182,4010,608163,275391,332772,941.8714353102621,14.075398460094535,15.50649979402809,9.509022419087014,78.16531554552112,86.93834154699928,68.95033715926849,17.988004387730797,48.34453792218933,41.726395715969325,90.37021550224709,9.629784497752917,51.65546207781067,74.8052468279039
27,513,00000,DISTRICT,Parbhani,Total,361130,1836086,942870,893216,257320,136605,120715,247308,125883,121425,40514,20570,19944,1157814,666291,491523,678272,276579,401693,822797,501422,321375,756417,473246,283171,281771,172500,109271,288438,148417,140021,10939,6870,4069,175269,145459,29810,66380,28176,38204,13259,4046,9213,29368,9916,19452,2271,809,1462,21482,13405,8077,1013289,441448,571841,947.3373847932377,14.014594087640775,13.469303725424625,2.2065415236541206,73.33664393583344,82.63920671243325,63.627490449850555,19.011716262582695,44.81255235321221,35.97953910364347,91.93239644772648,8.067603552273525,55.18744764678779,69.30129789000203
27,514,00000,DISTRICT,Jalna,Total,391701,1959046,1011473,947573,287338,153642,133696,272266,138957,133309,42263,21988,20275,1195523,699428,496095,763523,312045,451478,930886,545030,385856,844492,508298,336194,398646,234548,164098,261713,128920,132793,12844,7042,5802,171289,137788,33501,86394,36732,49662,20306,7459,12847,39224,13431,25793,3861,1415,2446,23003,14427,8576,1028160,466443,561717,936.8248089667248,14.667241095921177,13.897887032770031,2.1573255553978825,71.51506124275292,81.53447473919688,60.95454227112942,20.57993246806746,47.51731199777851,40.72045108925645,90.71916432302129,9.280835676978706,52.48268800222149,70.9387615669373
27,515,00000,DISTRICT,Aurangabad,Total,751915,3701282,1924469,1776813,532659,286721,245938,539368,277228,262140,143366,73876,69490,2503837,1430936,1072901,1197445,493533,703912,1575079,1015864,559215,1446636,958515,488121,525657,313782,211875,351679,176578,175101,22634,13697,8937,546666,454458,92208,128443,57349,71094,28861,9634,19227,44951,15216,29735,5399,1788,3611,49232,30711,18521,2126203,908605,1217598,923.2744201127687,14.391202831883657,14.572464351540898,3.8734146709167256,79.0197192913136,87.37217203135037,70.08416755123704,17.28800448011333,42.55495798482796,31.47292371228711,91.84529791839012,8.154702081609875,57.44504201517204,55.70107912047586
27,516,00000,DISTRICT,Nashik,Total,1222887,6107187,3157186,2950001,827935,438050,389885,554687,282213,272474,1564369,792547,771822,4345366,2397538,1947828,1761821,759648,1002173,2763328,1746286,1017042,2523023,1639881,883142,900810,527133,373677,644052,317542,326510,45904,27451,18453,932257,767755,164502,240305,106405,133900,66575,21528,45047,86176,31586,54590,10228,3335,6893,77326,49956,27370,3343859,1410900,1932959,934.3766886081467,13.556732420343442,9.082528502893394,25.615213681847305,82.31025910488835,88.17278723829922,76.08358371261302,12.089203525686202,45.24714897382379,34.4759883132243,91.30378297473192,8.696217025268083,54.75285102617621,55.905849757972994
27,517,00000,DISTRICT,Thane,Total,2529165,11060148,5865078,5195070,1327146,689665,637481,730089,377885,352204,1542451,769192,773259,8227161,4591396,3635765,2832987,1273682,1559305,4492767,3363123,1129644,3930511,3059503,871008,272871,169437,103434,273218,153460,119758,98301,61384,36917,3286121,2675222,610899,562256,303620,258636,77060,33773,43287,144786,63289,81497,26160,8817,17343,314250,197741,116509,6567381,2501955,4065426,885.7631560910188,11.999351184089036,6.6010780325905225,13.946024953734796,84.52850415524419,88.71554791859123,79.77386727938828,8.941680639202943,40.6212195352178,21.744538572146286,87.48530693890869,12.514693061091306,59.37878046478221,12.154848003468686
27,518,00000,DISTRICT,Mumbai Suburban,Total,2105604,9356962,5031323,4325639,930884,486696,444188,583302,300291,283011,104560,55033,49527,7575485,4223029,3352456,1781477,808294,973183,3735021,2944322,790699,3515922,2811481,704441,10396,6730,3666,17621,13511,4110,104796,72748,32048,3383109,2718492,664617,219099,132841,86258,5690,2924,2766,3101,1878,1223,14020,5552,8468,196288,122487,73801,5621941,2087001,3534940,859.741861136723,9.948570914363017,6.23388232206137,1.1174567129801318,89.90523230380731,92.92355566254392,86.37120499524534,6.552350667298583,39.91702648787074,18.279357107701312,94.13392856425706,5.866071435742932,60.08297351212926,0.7501162644065456
27,519,00000,DISTRICT,Mumbai,Total,674339,3085411,1684608,1400803,272886,142566,130320,219934,111564,108370,25093,13488,11605,2509022,1410680,1098342,576389,273928,302461,1284396,1021009,263387,1209334,975508,233826,3907,2700,1207,5086,4027,1059,40839,30385,10454,1159502,938396,221106,75062,45501,29561,2144,1095,1049,659,399,260,4699,2151,2548,67560,41856,25704,1801015,663599,1137416,831.53054004255,8.844397067359907,7.1281913495479206,0.8132790088581391,89.2088781433054,91.48129558079482,86.45074353611972,5.030552044675105,41.628035940754735,18.80257252447346,94.15585224494626,5.844147755053737,58.371964059245265,0.70017346675013
27,520,00000,DISTRICT,Raigarh,Total,611790,2634200,1344345,1289855,300815,155437,145378,134952,67980,66972,305125,153657,151468,1939994,1059692,880302,694206,284653,409553,1072969,753843,319126,858825,641655,217170,166000,104617,61383,115250,64838,50412,24186,15963,8223,553389,456237,97152,214144,112188,101956,40975,19751,21224,75932,33338,42594,8733,3553,5180,88504,55546,32958,1561231,590502,970729,959.4672498502988,11.419596082302027,5.123073418874801,11.583213119732747,83.14075902605013,89.13153919394941,76.9174041942302,12.214134999719207,40.73225267633437,24.74123060343992,80.0419210620251,19.95807893797491,59.26774732366563,26.212313682874345
27,521,00000,DISTRICT,Pune,Total,2151503,9429408,4924105,4505303,1104959,586665,518294,1180703,602755,577948,348876,179132,169744,7171723,3940210,3231513,2257685,983895,1273790,4048993,2809816,1239177,3751221,2658832,1092389,832261,482112,350149,366010,180005,186005,90460,53765,36695,2462490,1942950,519540,297772,150984,146788,54269,18458,35811,48451,16083,32368,15251,5166,10085,179801,111277,68524,5380415,2114289,3266126,914.9486048733729,11.718222395297776,12.521496577515789,3.6998717204728018,86.15252492987824,90.84183297060017,81.05105857548854,9.790774395111626,42.94005519752672,27.504853724599656,92.64577636958128,7.3542236304187245,57.05994480247328,29.594296655983353
27,522,00000,DISTRICT,Ahmadnagar,Total,930024,4543159,2342825,2200334,556014,300238,255776,573698,291521,282177,378230,191165,187065,3151890,1773355,1378535,1391269,569470,821799,2204590,1300309,904281,2039455,1227314,812141,968974,549538,419436,501873,243329,258544,47491,25151,22340,521117,409296,111821,165135,72995,92140,44076,16297,27779,57136,20995,36141,9665,3100,6565,54258,32603,21655,2338569,1042516,1296053,939.1798363087298,12.238488681553958,12.62773325784988,8.325264425039935,79.0513011189711,86.81906817188204,70.89194562466123,15.927122547220804,48.52548634111199,41.09744247918725,92.50949156078909,7.4905084392109185,51.47451365888801,66.7174848838106
27,523,00000,DISTRICT,Bid,Total,535835,2585049,1349106,1235943,352890,195245,157645,351254,179777,171477,32722,16806,15916,1718507,987185,731322,866542,361921,504621,1255548,727819,527729,1154708,684533,470175,581109,330449,250660,327830,159120,168710,16800,9889,6911,228969,185075,43894,100840,43286,57554,25171,9384,15787,45736,15928,29808,4293,1376,2917,25640,16598,9042,1329501,621287,708214,916.1200083610925,13.65119191164268,13.587904910119692,1.2658173984322927,76.98855681875708,85.55493252653483,67.82188226260273,17.7330502639321,48.5696015820203,42.698490140726555,91.96844724375333,8.031552756246676,51.430398417979696,72.3938073255662
27,524,00000,DISTRICT,Latur,Total,481572,2454196,1273140,1181056,317811,168237,149574,480913,247918,232995,57488,29872,27616,1650672,932432,718240,803524,340708,462816,1046857,670018,376839,964177,633321,330856,311209,204059,107150,383939,212040,171899,14476,8738,5738,254553,208484,46069,82680,36697,45983,20571,5839,14732,32639,12334,20305,3187,1095,2092,26283,17429,8854,1407339,603122,804217,927.6717407355043,12.949699209028129,19.595541676377927,2.3424371973550606,77.26472522508817,84.3903944509156,69.63185009529977,14.758544355615825,42.65580255203741,31.906954454318846,92.102073158034,7.897926841965999,57.344197447962586,66.40333875591413
27,525,00000,DISTRICT,Osmanabad,Total,351281,1657576,861535,796041,207096,110919,96177,265184,136354,128830,36039,18569,17470,1137810,644304,493506,519766,217231,302535,773916,473795,300121,701894,441657,260237,284235,183034,101201,265167,141208,123959,15261,8369,6892,137231,109046,28185,72022,32138,39884,13126,5509,7617,34358,13624,20734,4570,1475,3095,19968,11530,8438,883660,387740,495920,923.9798731334189,12.49390676505934,15.998301133703674,2.174198950757009,78.44368760686118,85.83669945751224,70.51455711395357,15.322142343558667,46.689623884515704,37.70170129428007,90.6938220685449,9.306177931455094,53.310376115484296,70.98987487014095
27,526,00000,DISTRICT,Solapur,Total,873167,4317756,2227852,2089904,538453,285879,252574,649745,331960,317785,77592,39785,37807,2910676,1651266,1259410,1407080,576586,830494,1898395,1206933,691462,1763175,1148937,614238,607657,400723,206934,508141,261052,247089,63585,24250,39335,583792,462912,120880,135220,57996,77224,29593,8804,20789,50193,16973,33220,7521,2317,5204,47913,29902,18011,2419361,1020919,1398442,938.080267450441,12.470667633835724,15.04821022772014,1.7970445759324982,77.01621171946256,85.03032740414001,68.54566136731017,16.484666036829836,43.967167204446014,33.08582595181406,92.87714095327895,7.122859046721046,56.032832795553986,58.77586066124279
27,527,00000,DISTRICT,Satara,Total,653735,3003741,1510842,1492899,317885,167729,150156,323236,161703,161533,29635,15210,14425,2225694,1201034,1024660,778047,309808,468239,1354947,844805,510142,1184407,780808,403599,521786,340240,181546,243687,115586,128101,30207,17342,12865,388727,307640,81087,170540,63997,106543,64090,18623,45467,53554,17004,36550,9565,2511,7054,43331,25859,17472,1648794,666037,982757,988.1238408781329,10.58296970344647,10.761114223896135,0.9866030393432723,82.86721253857243,89.42166444669957,76.31095451624026,13.110709930459308,45.10864951405597,34.17123328503804,87.41352982810398,12.586470171896021,54.891350485944024,56.494682079815675
27,528,00000,DISTRICT,Ratnagiri,Total,397115,1615069,761121,853948,155560,80333,75227,66948,31967,34981,20374,10402,9972,1199392,619012,580380,415677,142109,273568,714076,407008,307068,554973,344089,210884,232413,116553,115860,97146,48365,48781,11779,7375,4404,213635,171796,41839,159103,62919,96184,64500,21270,43230,55971,19720,36251,5451,2196,3255,33181,19733,13448,900993,354113,546880,1121.9608971503874,9.631786629549573,4.145209895057115,1.2614940909645347,82.17777348409636,90.92580950310523,74.52990223712985,16.39590726597538,44.21334320700849,35.95862979947257,77.71903830964771,22.28096169035229,55.78665679299151,46.15181017146634
27,529,00000,DISTRICT,Sindhudurg,Total,209839,849651,417332,432319,71193,37034,34159,55586,26830,28756,6976,3575,3401,666067,348289,317778,183584,69043,114541,347178,229676,117502,226538,164740,61798,82966,55940,27026,36543,24653,11890,5613,4155,1458,101416,79992,21424,120640,64936,55704,41846,20061,21785,45273,23267,22006,4066,2095,1971,29455,19513,9942,502473,187656,314817,1035.9114565861234,8.379087413538029,6.542215568509895,0.8210429929465157,85.56235532295898,91.58317950659746,79.81163351416515,11.771545992432308,40.861247735835065,27.179467013941093,65.25125439976036,34.748745600239644,59.13875226416493,34.4229761102374
27,530,00000,DISTRICT,Kolhapur,Total,840240,3876001,1980658,1895343,408942,219521,189421,504461,253390,251071,30206,15478,14728,2825845,1559760,1266085,1050156,420898,629258,1704054,1125204,578850,1508563,1050072,458491,594056,373932,220124,207790,106326,101464,48004,31710,16294,658713,538104,120609,195491,75132,120359,66816,20046,46770,58238,18236,40002,11928,3848,8080,58509,33002,25507,2171947,855454,1316493,956.9259306755634,10.550616473009166,13.01498632224295,0.7793083644715262,81.50553538315904,88.56551193916204,74.21705095543642,14.348460983725616,43.964230143387475,30.54064620493494,88.5278870270543,11.472112972945693,56.035769856612525,47.0551989549627
27,531,00000,DISTRICT,Sangli,Total,598386,2822143,1435728,1386415,306777,164355,142422,353093,177108,175985,18333,9406,8927,2049467,1121550,927917,772676,314178,458498,1215104,800214,414890,1074948,749251,325697,432058,316511,115547,245826,128480,117346,32685,17605,15080,364379,286655,77724,140156,50963,89193,48496,13052,35444,44867,14526,30341,8139,2220,5919,38654,21165,17489,1607039,635514,971525,965.6529649070019,10.870356321419573,12.511520500555784,0.6496127233807784,81.47788433174338,88.21565347069664,74.59181844270827,13.623835027988363,43.05607476304355,29.925383092364115,88.46551406299379,11.534485937006215,56.94392523695645,55.78814652902139
28,532,00000,DISTRICT,Adilabad,Total,649849,2741239,1369597,1371642,309992,160291,149701,488596,242844,245752,495794,247472,248322,1483347,856350,626997,1257892,513247,744645,1323667,748939,574728,1066460,639313,427147,343500,220624,122876,332524,156351,176173,69416,16085,53331,321020,246253,74767,257207,109626,147581,20237,10328,9909,152388,56007,96381,15245,4002,11243,69337,39289,30048,1417572,620658,796914,1001.4931399528475,11.308463070896044,17.823911012502013,18.086493005535086,61.01177708394088,70.81334252869,51.3115608691418,19.5017816595482,48.28717962935738,41.90072919901841,80.56860222397326,19.43139777602675,51.71282037064262,51.072059664553095
28,533,00000,DISTRICT,Nizamabad,Total,593234,2551335,1250641,1300694,282417,144977,137440,371074,178798,192276,192941,95679,97262,1389810,790214,599596,1161525,460427,701098,1261076,684320,576756,1055965,590356,465609,267489,170014,97475,330793,172920,157873,149979,21619,128360,307704,225803,81901,205111,93964,111147,10613,5255,5358,117488,52081,65407,21332,4403,16929,55678,32225,23453,1290259,566321,723938,1040.0218767815863,11.069381323895138,14.544307196036584,7.562354610429442,61.254307119076145,71.46963272748322,51.54471852235195,19.924914205131266,49.428083728714576,44.34217425466712,83.73523879607573,16.26476120392427,50.571916271285424,47.44218429341293
28,534,00000,DISTRICT,Karimnagar,Total,976022,3776269,1880800,1895469,336053,173647,162406,709757,352481,357276,106745,53495,53250,2206829,1257238,949591,1569440,623562,945878,1876768,1049463,827305,1590304,935666,654638,344598,219424,125174,584654,281962,302692,144953,38878,106075,516099,395402,120697,286464,113797,172667,15792,6489,9303,172205,60349,111856,23387,5576,17811,75080,41383,33697,1899501,831337,1068164,1007.7993407060826,8.899074721636621,18.795191762027546,2.8267318880090375,64.14797791766563,73.64530302790669,54.792641698541836,18.852661329364857,49.699001845472345,43.64645372728332,84.73631263960169,15.2636873603983,50.300998154527655,49.51341881362001
28,535,00000,DISTRICT,Medak,Total,668626,3033288,1523030,1510258,367603,188312,179291,537947,266413,271534,168985,86574,82411,1637137,953406,683731,1396151,569624,826527,1442203,837874,604329,1195494,728047,467447,337942,215952,121990,420719,196942,223777,53547,17085,36462,383286,298068,85218,246709,109827,136882,15279,7373,7906,150410,57201,93209,14095,4275,9820,66925,40978,25947,1591085,685156,905929,991.6140850803989,12.118961338323297,17.7347815308009,5.57101732509409,61.415245987429124,71.43126862753032,51.37099567457345,20.060272952956865,47.545864421710036,40.01495108782738,82.89360097018242,17.106399029817577,52.454135578289964,52.60431437183254
28,536,00000,DISTRICT,Hyderabad,Total,849051,3943323,2018575,1924748,469126,245127,223999,247927,124313,123614,48937,25556,23381,2892155,1542688,1349467,1051168,475887,575281,1413297,1045585,367712,1096081,861130,234951,14693,9034,5659,16751,10946,5805,32500,21401,11099,1032137,819749,212388,317216,184455,132761,13615,6382,7233,6278,3805,2473,13657,5468,8189,283666,168800,114866,2530026,972990,1557036,953.5181997200996,11.89671756536302,6.287260769660512,1.2410091691702658,83.24671859425358,86.98805941871429,79.34545309154967,7.642606327164614,35.84025452644888,19.104423020572046,77.5548946895097,22.445105310490295,64.15974547355111,2.224868516667056
28,537,00000,DISTRICT,Rangareddy,Total,1235341,5296741,2701008,2595733,633172,327563,305609,652042,328011,324031,218757,112768,105989,3538028,1948784,1589244,1758713,752224,1006489,2196078,1488916,707162,1834777,1308974,525803,250155,159560,90595,258878,116387,142491,54221,36535,17686,1271523,996492,275031,361301,179942,181359,20770,10152,10618,90154,31926,58228,19166,7828,11338,231211,130036,101175,3100663,1212092,1888571,961.0238103700544,11.953992086832262,12.310248887004292,4.130030144951395,75.86524397945007,82.10782217409715,69.39554364741822,12.71227852667893,41.46092852189677,27.243248824127907,83.54789766119418,16.452102338805815,58.53907147810323,23.179185803054352
28,538,00000,DISTRICT,Mahbubnagar,Total,869451,4053028,2050386,2002642,527230,273914,253316,708954,356099,352855,364269,187035,177234,1940646,1158386,782260,2112382,892000,1220382,2082501,1140067,942434,1815643,1030499,785144,548983,348276,200707,762853,311403,451450,46497,24364,22133,457310,346456,110854,266858,109568,157290,20159,9779,10380,168231,56470,111761,11349,4777,6572,67119,38542,28577,1970527,910319,1060208,976.7146283675366,13.008298980416615,17.4919590982347,8.987576695744515,55.04132681452539,65.20710712017977,44.717794167582255,20.489312952597516,51.38136228025072,47.05953435511689,87.18569642943748,12.81430357056251,48.61863771974929,62.993295081250864
28,539,00000,DISTRICT,Nalgonda,Total,875939,3488809,1759772,1729037,371735,193266,178469,637385,318359,319026,394279,203876,190403,2001019,1160757,840262,1487790,599015,888775,1741693,976428,765265,1493419,888549,604870,312130,214219,97911,693259,297120,396139,35330,22111,13219,452700,355099,97601,248274,87879,160395,13094,5337,7757,169872,48597,121275,9794,3479,6315,55514,30466,25048,1747116,783344,963772,982.5346692639728,10.655068821480338,18.269415149983846,11.301249222872332,64.19542814832116,74.09847137514953,54.190593382554006,19.907877992595523,49.92228006749581,44.259608093985264,85.74524901920142,14.254750980798567,50.07771993250418,57.724811433473064
28,540,00000,DISTRICT,Warangal,Total,886279,3512576,1759281,1753295,341168,177444,163724,616102,307709,308393,530656,268976,261680,2065023,1179790,885233,1447553,579491,868062,1705655,960926,744729,1442197,865804,576393,384329,247910,136419,576649,241702,334947,34820,19381,15439,446399,356811,89588,263458,95122,168336,17317,7550,9767,181443,52231,129212,8730,3184,5546,55968,32157,23811,1806921,798355,1008566,996.5974736270101,9.712757816485679,17.53989095182567,15.107317250929233,65.11376019736345,74.58353800043874,55.690057254441605,18.89348074599713,48.558522292471395,42.47596667987988,84.5538517461034,15.446148253896597,51.441477707528605,56.34070195907144
28,541,00000,DISTRICT,Khammam,Total,754034,2797370,1390988,1406382,281922,143956,137966,462896,229905,232991,765565,378532,387033,1630234,901640,728594,1167136,489348,677788,1410062,802906,607156,1215871,722620,493251,213065,146563,66502,667342,312821,354521,15194,9997,5197,320270,253239,67031,194191,80286,113905,11907,5407,6500,137195,49125,88070,4605,1969,2636,40484,23785,16699,1387308,588082,799226,1011.0669538486314,10.078109081029682,16.54754287062491,27.367312868873263,64.80889288905992,72.30287594865248,57.44124955850447,14.861626390148018,50.406703439301914,43.17148541434688,86.22819422124701,13.771805778752992,49.593296560698086,62.43746728867241
28,542,00000,DISTRICT,Srikakulam,Total,681330,2703114,1341738,1361376,281037,143835,137202,255664,125214,130450,166118,81382,84736,1495381,857824,637557,1207733,483914,723819,1290288,766483,523805,936244,619916,316328,145576,105855,39721,442295,241086,201209,25096,15607,9489,323277,257368,65909,354044,146567,207477,19741,8677,11064,258538,96439,162099,9383,3897,5486,66382,37554,28828,1412826,575255,837571,1014.6362404582713,10.39678681698219,9.45812866198022,6.14543078834263,61.73961438880762,71.6104726342617,52.08058658327983,19.529886050981865,47.73339193241573,38.476144724161436,72.5608546309041,27.43914536909589,52.26660806758427,45.56122354079089
28,543,00000,DISTRICT,Vizianagaram,Total,587149,2344474,1161477,1182997,241657,123300,118357,247728,121493,126235,235556,114687,120869,1238388,707503,530885,1106086,453974,652112,1157962,679289,478673,953215,602511,350704,197018,125570,71448,419339,212812,206527,21953,13784,8169,314905,250345,64560,204747,76778,127969,15267,5085,10182,137915,44725,93190,5516,2463,3053,46049,24505,21544,1186512,482188,704324,1018.5281327137774,10.307514606687898,10.56646394884311,10.047285659811113,58.89185792201603,68.14859123251622,49.86521265404268,18.283378578473545,49.391121419985886,40.462739973136024,82.31833168964093,17.68166831035906,50.60887858001411,53.227739770389704
28,544,00000,DISTRICT,Visakhapatnam,Total,1097042,4290589,2138910,2151679,452213,230630,221583,329486,162873,166613,618500,302905,315595,2568249,1422878,1145371,1722340,716032,1006308,1889879,1239064,650815,1481139,1049748,431391,284760,181912,102848,376573,211094,165479,37713,23904,13809,782093,632838,149255,408740,189316,219424,37404,14715,22689,202376,78865,123511,16832,6853,9979,152128,88883,63245,2400710,899846,1500864,1005.9698631545974,10.539648519119403,7.679272006710501,14.415270257766474,66.90978163681723,74.56337644370848,59.34269590735383,15.22068053635465,44.04707605412683,30.246844441015597,78.37216033407431,21.627839665925702,55.95292394587317,34.99340433964291
28,545,00000,DISTRICT,East Godavari,Total,1428528,5154296,2569688,2584608,522054,265244,256810,945269,468883,476386,213195,104422,108773,3288577,1716933,1571644,1865719,852755,1012964,2093681,1545831,547850,1748117,1377605,370512,152451,137260,15191,878084,648809,229275,46366,30550,15816,671216,560986,110230,345564,168226,177338,7956,4898,3058,243962,108092,135870,11487,4028,7459,82159,51208,30951,3060615,1023857,2036758,1005.8061523422299,10.128521916475112,18.339439566528583,4.13625837553761,70.99320372294883,74.50530366543947,67.51633947619166,6.98896418924781,40.620115724824494,21.196637942775073,83.49490681722764,16.505093182772352,59.37988427517551,49.22120418535584
28,546,00000,DISTRICT,West Godavari,Total,1091525,3936966,1964918,1972048,382887,194960,187927,811698,403693,408005,109072,53367,55705,2652389,1379223,1273166,1284577,585695,698882,1773112,1199338,573774,1534166,1100258,433908,149420,138120,11300,888815,564273,324542,25703,16859,8844,470228,381006,89222,238946,99080,139866,5855,3283,2572,172972,67484,105488,8158,2125,6033,51961,26188,25773,2163854,765580,1398274,1003.6286501523219,9.725433239707938,20.617348486118498,2.7704582665941233,74.62943282915208,77.92405243514253,71.3609671092936,6.563085325848931,45.03752381910334,29.09533642183152,86.52391952679808,13.476080473201918,54.96247618089666,58.55439475904512
28,547,00000,DISTRICT,Krishna,Total,1243293,4517398,2267375,2250023,435884,225220,210664,871063,435412,435651,132464,66734,65730,3009718,1598959,1410759,1507680,668416,839264,2048880,1327299,721581,1744978,1193430,551548,140220,119724,20496,813137,447722,365415,39988,24901,15087,751633,601083,150550,303902,133869,170033,9946,4928,5018,193839,71112,122727,8456,3499,4957,91661,54330,37331,2468518,940076,1528442,992.347097414411,9.649005910039362,19.282405490948552,2.932307492056268,73.74023462862066,78.29763166850704,69.17658931066086,9.121042357846179,45.355312947851836,32.069938840625184,85.16740853539496,14.832591464605052,54.644687052148164,46.530641130764124
28,548,00000,DISTRICT,Guntur,Total,1296609,4887813,2440521,2447292,495729,254833,240896,957407,476333,481074,247089,125105,121984,2960441,1634726,1325715,1927372,805795,1121577,2381624,1442370,939254,2106326,1334831,771495,289829,210843,78986,1035569,508448,527121,40093,25565,14528,740835,589975,150860,275298,107539,167759,12512,5370,7142,192387,63392,128995,7343,2780,4563,63056,35997,27059,2506189,998151,1508038,1002.7744075957552,10.142143326678005,19.58763561535599,5.0552056717390785,67.40401595233607,74.79228508368989,60.0850889867458,14.707196096944088,48.725759352904866,38.379318855289846,88.44074463475343,11.559255365246571,51.27424064709514,55.6510179608536
28,549,00000,DISTRICT,Prakasam,Total,860463,3397448,1714764,1682684,378261,195753,182508,787861,397242,390619,151145,76677,74468,1904435,1107686,796749,1493013,607078,885935,1700567,991842,708725,1463508,908090,555418,264818,189321,75497,721512,347300,374212,36286,20408,15878,440892,351061,89831,237059,83752,153307,15211,5025,10186,167706,49154,118552,6317,2277,4040,47825,27296,20529,1696881,722922,973959,981.2918862304084,11.133680338889661,23.18978833524457,4.448780378684236,63.07774245185873,72.92152591390055,53.11036838344301,19.811157530457542,50.054246599212114,42.118722231862904,86.06000234039588,13.93999765960412,49.945753400787886,58.0000670364649
28,550,00000,DISTRICT,Sri Potti Sriramulu Nellore,Total,776854,2963557,1492974,1470583,304309,156907,147402,666588,332673,333915,285997,145168,140829,1832189,1011922,820267,1131368,481052,650316,1314561,859880,454681,1076544,761278,315266,153132,129917,23215,456592,258347,198245,28276,17302,10974,438544,355712,82832,238017,98602,139415,12381,6110,6271,168670,59272,109398,7127,2550,4577,49839,30670,19169,1648996,633094,1015902,985.0024179925438,10.268370070155559,22.49283546764918,9.650463952608302,68.89876386106147,75.73886638918557,61.99204795111175,13.746818438073824,44.35754061757544,30.918418069568325,81.89380333054153,18.106196669458473,55.64245938242457,46.382328397084656
28,551,00000,DISTRICT,Y.S.R.,Total,706204,2882469,1451777,1430692,331586,172902,158684,465794,232123,233671,75886,38571,37315,1716766,994699,722067,1165703,457078,708625,1320404,823886,496518,1079903,734544,345359,217681,166882,50799,398305,204157,194148,44751,25737,19014,419166,337768,81398,240501,89342,151159,25926,9680,16246,144150,43870,100280,11073,3324,7749,59352,32468,26884,1562065,627891,934174,985.4764195878569,11.503540888037305,16.159549330799393,2.6326735864288566,67.30085229310791,77.77922001759359,56.76591656656248,21.013303451031106,45.80809021710208,34.704744277594344,81.78580192123017,18.21419807876983,54.19190978289793,46.65132792690722
28,552,00000,DISTRICT,Kurnool,Total,887652,4053463,2039227,2014236,506239,261217,245022,737945,370215,367730,82831,42052,40779,2127161,1246369,880792,1926302,792858,1133444,2029425,1164122,865303,1757520,1054167,703353,293947,198302,95645,869074,410120,458954,48389,25514,22875,546110,420231,125879,271905,109955,161950,17007,7167,9840,168228,58965,109263,12402,4200,8202,74268,39623,34645,2024038,875105,1148933,987.7448660693489,12.489049486821516,18.20529754434665,2.0434625898891885,59.96692061172342,70.09909955512062,49.784367521396504,20.314732033724113,50.066449354539564,42.95936523823425,86.60186998780442,13.398130012195573,49.93355064546044,57.307907412198034
28,553,00000,DISTRICT,Anantapur,Total,968160,4081148,2064495,2016653,445956,231369,214587,583135,292379,290756,154127,78573,75554,2310960,1338474,972486,1770188,726021,1044167,2036166,1208544,827622,1679655,1065582,614073,377298,264394,112904,653162,314818,338344,87104,54868,32236,562091,431502,130589,356511,142962,213549,35955,13966,21989,226375,79539,146836,18239,6704,11535,75942,42753,33189,2044982,855951,1189031,976.8262940816035,10.927219498043197,14.288504116978851,3.776559928725937,63.5718828606577,73.01593016519323,53.965060103237064,19.05087006195616,49.891991175032125,41.03938555616658,82.49106408809497,17.50893591190502,50.108008824967875,50.60785810194257
28,554,00000,DISTRICT,Chittoor,Total,1039953,4174064,2090204,2083860,444572,230283,214289,785760,389582,396178,159165,79756,79409,2667878,1484794,1183084,1506186,605410,900776,1933357,1202223,731134,1669852,1087163,582689,404573,263643,140930,605110,319664,285446,46139,27079,19060,614030,476777,137253,263505,115060,148445,29971,11029,18942,142983,54117,88866,11130,3897,7233,79421,46017,33404,2240707,887981,1352726,996.9648895514505,10.65081896204754,18.82481916904005,3.8131902146205707,71.53462187343477,79.8310250811728,63.281041479569375,16.549983601603422,46.318336278504596,35.08556236983291,86.37059787716392,13.629402122836082,53.68166372149541,52.22434346062316
29,555,00000,DISTRICT,Belgaum,Total,983854,4779661,2423063,2356598,626269,323761,302508,577418,289096,288322,297198,148673,148525,3052032,1725548,1326484,1727629,697515,1030114,2105668,1372422,733246,1734501,1238010,496491,635257,487717,147540,465995,236735,229260,46305,32769,13536,586944,480789,106155,371167,134412,236755,76723,21467,55256,183522,49246,134276,14037,5553,8484,96885,58146,38739,2673993,1050641,1623352,972.5698423854435,13.102791181215572,12.080731248513231,6.217972362475079,73.4828785725017,82.19627285640657,64.57769620610587,17.618576650300696,44.054756184591334,31.114598247134218,82.37295718033421,17.62704281966578,55.94524381540866,52.29941282291415
29,556,00000,DISTRICT,Bagalkot,Total,361149,1889752,950111,939641,271908,140551,131357,319149,158135,161014,97203,48470,48733,1113412,641388,472024,776340,308723,467617,818081,511575,306506,676407,455410,220997,186478,145344,41134,223373,104773,118600,35805,23989,11816,230751,181304,49447,141674,56165,85509,9721,4134,5587,79870,23560,56310,8992,3899,5093,43091,24572,18519,1071671,438536,633135,988.9802349409701,14.388554688657559,16.888406521067314,5.143690812339397,68.8207268438737,79.22674045160333,58.398285751047894,20.82845470055544,43.29038942676076,32.61947914150191,82.68215494553718,17.317845054462822,56.709610573239246,50.09907331914566
29,557,00000,DISTRICT,Bijapur,Total,408806,2177331,1111022,1066309,318406,164856,153550,442773,226440,216333,39314,19912,19402,1248268,730566,517702,929063,380456,548607,927722,580111,347611,760083,508406,251677,247031,188729,58302,260791,123826,136965,17788,11774,6014,234473,184077,50396,167639,71705,95934,15186,6651,8535,90809,29758,61051,7591,3112,4479,54053,32184,21869,1249609,530911,718698,959.755072356803,14.623683766960557,20.335585172856124,1.805605119295137,67.14999260325189,77.2133008372738,56.71836706074659,20.49493377652722,42.60822079876693,32.59946225718811,81.93003938679905,18.069960613200937,57.39177920123307,54.7385962605177
29,558,00000,DISTRICT,Bidar,Total,319937,1703300,870665,832635,224442,115550,108892,399785,204280,195505,235822,119787,116035,1042673,597198,445475,660627,273467,387160,702608,459050,243558,551763,384430,167333,130304,97388,32916,198559,107089,91470,11687,7873,3814,211213,172080,39133,150845,74620,76225,10998,4724,6274,81532,33429,48103,6408,3305,3103,51907,33162,18745,1000692,411615,589077,956.320743339861,13.176891915693068,23.471202958962014,13.845006751599836,70.50528177823699,79.08702647941041,61.551545230834705,17.535481248575707,41.24980919391769,29.251472734151218,78.53070275317104,21.46929724682896,58.750190806082315,46.80604262974518
29,559,00000,DISTRICT,Raichur,Total,363853,1928812,964511,964301,283733,145468,138265,400933,200359,200574,367071,182101,184970,979769,577213,402556,949043,387298,561745,903413,530373,373040,725985,461421,264564,233257,172348,60909,269528,120968,148560,13243,8522,4721,209957,159583,50374,177428,68952,108476,12042,5318,6724,113998,35884,78114,5852,2337,3515,45536,25413,20123,1025399,434138,591261,999.7822730896796,14.710246514434791,20.786525591918757,19.03093717791055,59.55756532057123,70.47407767357757,48.73346924347123,21.74060843010634,46.83779445586195,38.68501640048076,80.3602560512191,19.639743948780904,53.162205544138054,55.65394786216271
29,560,00000,DISTRICT,Koppal,Total,264595,1389920,699926,689994,201654,103016,98638,258608,129341,129267,164271,82761,81510,809085,468785,340300,580835,231141,349694,654766,387974,266792,508089,329092,178997,152288,115558,36730,180632,79818,100814,12534,8122,4412,162635,125594,37041,146677,58882,87795,11125,4847,6278,92384,30343,62041,6260,2669,3591,36908,21023,15885,735154,311952,423202,985.8099284781534,14.508317025440313,18.60596293311845,11.818737769080235,68.08955233929103,78.53529007723107,57.54570850722745,20.989581570003615,47.10817888799355,38.66584347110265,77.59856192899449,22.40143807100552,52.89182111200644,50.84564561996194
29,561,00000,DISTRICT,Gadag,Total,219096,1064570,537147,527423,132442,68025,64417,174196,87745,86451,61654,30975,30679,700177,397178,302999,364393,139969,224424,495722,310412,185310,423451,282087,141364,120916,92485,28431,157393,75583,81810,12278,8080,4198,132864,105939,26925,72271,28325,43946,6525,2225,4300,42917,12331,30586,3207,1613,1594,19622,12156,7466,568848,226735,342113,981.8969481352405,12.440891627605511,16.36303859774369,5.791446311656349,75.11597119708881,84.66411722323829,65.44170053951784,19.222416683720454,46.56546774754126,35.13498652883928,85.42106261170575,14.578937388294246,53.434532252458744,56.14215225469113
29,562,00000,DISTRICT,Dharwad,Total,382700,1847023,937206,909817,219942,113127,106815,177855,89137,88718,87548,44173,43375,1301664,711776,589888,545359,225430,319929,784833,543776,241057,690948,500900,190048,152978,116261,36717,169525,84698,84827,13054,9260,3794,355391,290681,64710,93885,42876,51009,11301,3283,8018,38117,10900,27217,3409,1634,1775,41058,27059,13999,1062190,393430,668760,970.7759019895306,11.907918851037588,9.62927911563635,4.739951803523833,79.99995083219582,86.37230168466859,73.46034007387279,12.9119616107958,42.4917827227923,26.4951083569553,88.0375825175547,11.96241748244531,57.5082172772077,41.091926562720985
29,563,00000,DISTRICT,Uttara Kannada,Total,324530,1437169,726256,710913,150115,76794,73321,116431,57841,58590,34239,17095,17144,1081906,582099,499807,355263,144157,211106,608526,430565,177961,498304,380745,117559,96547,76210,20337,82131,49259,32872,6853,5700,1153,312773,249576,63197,110222,49820,60402,15034,4681,10353,34205,12043,22162,2639,1433,1206,58344,31663,26681,828643,295691,532952,978.8738406291995,10.445187726704376,8.101413264549958,2.382392049925931,84.06065324376443,89.62787661171862,78.38978531725618,11.238091294462436,42.34199318243018,25.032739589795096,81.88705166254195,18.112948337458054,57.65800681756982,29.362426584895307
29,564,00000,DISTRICT,Haveri,Total,330414,1597668,819128,778540,195317,100369,94948,219976,112212,107764,141380,72109,69271,1085443,603793,481650,512225,215335,296890,730066,490731,239335,601951,438760,163191,189916,160365,29551,230419,132327,98092,14439,8933,5506,167177,137135,30042,128115,51971,76144,13139,4042,9097,80844,27808,53036,5778,2198,3580,28354,17923,10431,867602,328397,539205,950.4497465597562,12.22513062789015,13.768567687404392,8.849147632674622,77.40166334961789,84.00493072086749,70.45869465997262,13.54623606089487,45.69572652140495,30.741516171294986,82.45158656888555,17.548413431114447,54.30427347859506,57.57493158152825
29,565,00000,DISTRICT,Bellary,Total,489118,2452595,1236954,1215641,344152,175543,168609,517409,258582,258827,451406,225451,225955,1421621,813440,608181,1030974,423514,607460,1116880,703258,413622,969388,641681,327707,245581,175754,69827,323923,149833,174090,16485,10777,5708,383399,305317,78082,147492,61577,85915,12499,4978,7521,82169,26159,56010,6347,2554,3793,46477,27886,18591,1335715,533696,802019,982.7697715517311,14.03215777574365,21.09638974229337,18.40524016398957,67.42515685745359,76.63760786349492,58.08619029790876,18.551417565586164,45.53870492274509,34.02501231860393,86.79428407707185,13.205715922928157,54.46129507725491,50.99061671800015
29,566,00000,DISTRICT,Chitradurga,Total,357003,1659456,840843,818613,184280,94629,89651,389117,196819,192298,302554,152939,149615,1087392,607188,480204,572064,233655,338409,856587,513311,343276,667479,444024,223455,257076,189831,67245,192769,93402,99367,16718,10280,6438,200916,150511,50405,189108,69287,119821,29169,9147,20022,101568,31629,69939,9517,3822,5695,48854,24689,24165,802869,327532,475337,973.5622464598029,11.104843997068919,23.448467449573837,18.23211944155193,73.71269597661568,81.36915147665414,65.87503875373476,15.494112722919382,51.61854246210807,41.93385641322578,77.92308311940293,22.076916880597068,48.38145753789193,52.515973275335725
29,567,00000,DISTRICT,Davanagere,Total,410176,1945497,986400,959097,217731,111793,105938,392595,198299,194296,233112,117808,115304,1308540,720637,587903,636957,265763,371194,875207,585639,289568,705099,504373,200726,215082,178310,36772,216553,116814,99739,20397,11295,9102,253067,197954,55113,170108,81266,88842,15764,7183,8581,79320,30729,48591,11041,4716,6325,63983,38638,25345,1070290,400761,669529,972.3205596107056,11.191536147318654,20.179676452854977,11.982131044149643,75.73595035438827,82.39552164572203,68.90896069783007,13.48656094789196,44.986293990687216,30.191732431651857,80.56368379137734,19.436316208622646,55.01370600931279,49.318047044870525
29,568,00000,DISTRICT,Shimoga,Total,406816,1752753,877415,875338,182751,93221,89530,308158,153546,154612,65412,32707,32705,1263016,674938,588078,489737,202477,287260,780598,534487,246111,652789,480996,171793,189098,153192,35906,179780,103742,76038,10772,7438,3334,273139,216624,56515,127809,53491,74318,15395,4555,10840,66684,22976,43708,4315,1871,2444,41415,24089,17326,972155,342928,629227,997.6328191334774,10.426511893004891,17.58137056390718,3.731957668878615,80.44677650092166,86.06773323947901,74.83736485248305,11.230368386995963,44.53553923456414,28.116110576714366,83.62678356849493,16.373216431505078,55.46446076543587,47.255821818656976
29,569,00000,DISTRICT,Udupi,Total,253078,1177361,562131,615230,103160,52689,50471,75429,36988,38441,52897,26228,26669,926429,465704,460725,250932,96427,154505,513241,335399,177842,459446,309998,149448,56860,36320,20540,45390,25262,20128,8915,4948,3967,348281,243468,104813,53795,25401,28394,6283,2157,4126,18000,5770,12230,1665,562,1103,27847,16912,10935,664120,226732,437388,1094.4601881056194,8.761968504137643,6.406616152564931,4.492844590571625,86.243542875123,91.4145280522611,81.5790452210589,9.8354828312022,43.592492022412834,28.90658778017977,89.51856924914416,10.481430750855836,56.407507977587166,19.9224146161355
29,570,00000,DISTRICT,Chikmagalur,Total,276085,1137961,566622,571339,105328,53493,51835,253651,125016,128635,44970,21990,22980,818345,438257,380088,319616,128365,191251,565774,357889,207885,480229,326255,153974,135921,105905,30016,92037,48016,44021,6305,4574,1731,245966,167760,78206,85545,31634,53911,19471,4687,14784,34563,11217,23346,2568,1026,1542,28943,14704,14239,572187,208733,363454,1008.324773835114,9.255853232228521,22.28995545541543,3.9518050267100544,79.24838737479821,85.40873737403265,73.16363300378823,12.24510437024442,49.718224086765716,36.38557843942038,84.88000509037177,15.119994909628225,50.281775913234284,40.291353084447145
29,571,00000,DISTRICT,Tumkur,Total,640081,2678980,1350594,1328386,265742,135671,130071,506901,254535,252366,209559,105265,104294,1813391,1006024,807367,865589,344570,521019,1354646,837512,517134,1078431,738124,340307,459644,341672,117972,220018,106615,113403,37836,17044,20792,360933,272793,88140,276215,99388,176827,46266,13605,32661,132268,35458,96810,16687,5614,11073,80994,44711,36283,1324334,513082,811252,983.5568646092015,9.919521608970578,18.92141785306348,7.822342831973363,75.14347942473971,82.80557697895257,67.37518932834857,15.430387650604004,50.56573770614189,38.92949790196524,79.60980211804413,20.390197881955878,49.43426229385811,50.17266503573627
29,572,00000,DISTRICT,Bangalore,Total,2393845,9621551,5022661,4598890,1052837,541656,511181,1198385,607725,590660,190239,99164,91075,7512276,4078041,3434235,2109275,944620,1164655,4246927,3115361,1131566,3858342,2893953,964389,80410,60149,20261,77294,51519,25775,90861,64162,26699,3609777,2718123,891654,388585,221408,167177,15209,7092,8117,20620,11030,9590,18037,9349,8688,334719,193937,140782,5374624,1907300,3467324,915.6281899176552,10.942487339099486,12.455216419889059,1.977217602442683,87.67098540107652,91.0072851960665,84.01368590572372,6.993599290342786,44.139733812147334,24.605198210872622,90.85020769134954,9.149792308650467,55.86026618785267,3.713367335958447
29,573,00000,DISTRICT,Mandya,Total,428625,1805769,905085,900684,172685,89063,83622,265294,131675,133619,22402,11310,11092,1149649,638668,510981,656120,266417,389703,871408,575203,296205,714901,514148,200753,350990,273975,77015,147093,78180,68913,11266,6914,4352,205552,155079,50473,156507,61055,95452,37991,12065,25926,69066,23042,46024,6568,2547,4021,42882,23401,19481,934361,329882,604479,995.1374732759907,9.562961818482874,14.691469396140924,1.2405794982636207,70.39741985103032,78.26602714142511,62.53882814278475,15.727198998640361,48.256892216003266,32.88667279534221,82.03975634834659,17.960243651653414,51.743107783996734,57.158414887171105
29,574,00000,DISTRICT,Hassan,Total,433453,1776421,883667,892754,165637,83971,81666,345031,169961,175070,32329,15986,16343,1225256,668836,556420,551165,214831,336334,903580,560452,343128,752387,512731,239656,391534,276211,115323,107427,50393,57034,10027,7303,2724,243399,178824,64575,151193,47721,103472,45500,11410,34090,58483,12600,45883,6099,2397,3702,41111,21314,19797,872841,323215,549626,1010.2832854457617,9.32419736087335,19.422817001150065,1.8198951712460054,76.06581639748097,83.6362817870791,68.60168070542284,15.034601081656263,50.86519468076543,38.43477598532182,83.26733659443548,16.732663405564534,49.13480531923457,55.22045640673764
29,575,00000,DISTRICT,Dakshina Kannada,Total,439733,2089649,1034714,1054935,208297,106985,101312,148178,73324,74854,82268,40961,41307,1666323,864019,802304,423326,170695,252631,997721,620903,376818,914476,582498,331978,31574,24131,7443,24717,18761,5956,168112,14461,153651,690073,525145,164928,83245,38405,44840,2236,1171,1065,4557,2623,1934,20095,1688,18407,56357,32923,23434,1091928,413811,678117,1019.542598244539,9.968037694368768,7.0910473481431575,3.936929120632221,88.57050674196005,93.1326928445699,84.1321989926837,9.000493851886205,47.74586545395901,35.7195467019295,91.65648512961037,8.343514870389617,52.25413454604099,5.641958022332896
29,576,00000,DISTRICT,Kodagu,Total,142716,554519,274608,279911,54733,27676,27057,73584,35759,37825,58054,28510,29544,412877,215302,197575,141642,59306,82336,278938,172100,106838,258753,162419,96334,19447,13085,6362,12546,6580,5966,1245,834,411,225515,141920,83595,20185,9681,10504,1727,710,1017,2607,1056,1551,304,155,149,15547,7760,7787,275581,102508,173073,1019.311163549496,9.870356110430842,13.269878940126489,10.469253533242323,82.610757404169,87.19080556590478,78.13797685620952,9.052828709695262,50.30269476789795,38.16856072108635,92.76362489155296,7.236375108447038,49.69730523210206,11.469573883802136
29,577,00000,DISTRICT,Mysore,Total,700968,3001127,1511600,1489527,305561,155807,149754,536643,269331,267312,334547,166697,167850,1962180,1063766,898414,1038947,447834,591113,1314268,921803,392465,1082108,807031,275077,320887,250832,70055,208164,124566,83598,19161,12581,6580,533896,419052,114844,232160,114772,117388,28450,11540,16910,102838,41812,61026,9001,4269,4732,91871,57151,34720,1686859,589797,1097062,985.3975919555438,10.181541800796834,17.88138256061806,11.1473789679677,72.79287541095265,78.46079748162146,67.05718058208369,11.403616899537766,43.79248195761126,26.34829714399269,82.33541408601594,17.66458591398406,56.207518042388735,40.25442299439688
29,578,00000,DISTRICT,Chamarajanagar,Total,244874,1020791,512231,508560,100648,51529,49119,259445,130894,128551,120219,59369,60850,565279,312957,252322,455512,199274,256238,481693,324326,157367,381408,272121,109287,104418,86305,18113,154300,93717,60583,10241,5602,4639,112449,86497,25952,100285,52205,48080,8687,4308,4379,60003,29018,30985,3766,1504,2262,27829,17375,10454,539098,187905,351193,992.833311533273,9.859804798435723,25.416074397207655,11.777043488823862,61.433820612665635,67.93046264179448,54.91934764202585,13.01111499976863,47.18820992739944,30.943644801006766,79.180722991615,20.819277008385008,52.81179007260056,53.71014318248345
29,579,00000,DISTRICT,Gulbarga,Total,471601,2566326,1301755,1264571,365372,188076,177296,648782,330091,318691,65259,32830,32429,1427368,828359,599009,1138958,473396,665562,1087028,680001,407027,844237,573207,271030,207305,162091,45214,284917,139203,145714,16347,11118,5229,335668,260795,74873,242791,106794,135997,12893,5671,7222,130350,44813,85537,9544,4195,5349,90004,52115,37889,1479298,621754,857544,971.435485171941,14.237162387007729,25.280576201152932,2.5428959532031397,64.85224134625258,74.38040943575304,55.09268584304798,19.287723592705056,42.357362236909886,32.18696300958982,77.66469676954043,22.335303230459566,57.64263776309011,45.28144629209183
29,580,00000,DISTRICT,Yadgir,Total,202063,1174271,590329,583942,190279,97522,92757,273315,137204,136111,146849,73564,73285,510003,306751,203252,664268,283578,380690,547696,317135,230561,437241,276472,160769,152062,119018,33044,162706,66553,96153,9499,5290,4209,112974,85611,27363,110455,40663,69792,7271,3013,4258,71949,20495,51454,3693,1674,2019,27542,15481,12061,626575,273194,353381,989.1806094567605,16.20401082884615,23.27529164903161,12.505545994067809,51.82999455280124,62.2456661532811,41.37992813298452,20.865738020296583,46.64136302437853,39.483544598607395,79.83279045309807,20.167209546901933,53.35863697562148,57.471297946305974
29,581,00000,DISTRICT,Kolar,Total,333348,1536401,776396,760005,170423,86845,83578,465867,232546,233321,78875,39997,38878,1016219,564110,452109,520182,212286,307896,717872,454048,263824,584590,394176,190414,165468,114098,51370,142049,74178,67871,16761,8310,8451,260312,197590,62722,133282,59872,73410,17589,6651,10938,59184,22147,37037,7417,2924,4493,49092,28150,20942,818529,322348,496181,978.8883507900607,11.092351541036487,30.321966726134647,5.1337508892535215,74.39497561454138,81.80830714479423,66.83781102764969,14.970496117144535,46.724260137815584,34.713455832527416,81.43373749080615,18.56626250919384,53.27573986218441,42.83730247174984
29,582,00000,DISTRICT,Chikkaballapura,Total,284698,1255104,636437,618667,132286,67734,64552,312565,157628,154937,156487,79156,77331,783222,442158,341064,471882,194279,277603,639778,384452,255326,535565,341335,194230,197814,131233,66581,154094,76966,77128,14025,8519,5506,169632,124617,45015,104213,43117,61096,14412,5313,9099,52845,18622,34223,6251,2317,3934,30705,16865,13840,615326,251985,363341,972.0789331858456,10.539843710162664,24.90351397175055,12.468050456376524,69.75502708364134,77.7484908643,61.55112205950029,16.19736880479971,50.97410254449034,41.27034414313354,83.71106852689527,16.288931473104736,49.025897455509664,55.004704756962575
29,583,00000,DISTRICT,Bangalore Rural,Total,229279,990923,509172,481751,107062,54908,52154,213700,107424,106276,52903,27147,25756,688749,385311,303438,302174,123861,178313,459891,315499,144392,389989,282416,107573,118210,88718,29492,59390,31344,28046,13621,9558,4063,198768,152796,45972,69902,33083,36819,9560,4053,5507,24718,8674,16044,5836,2553,3283,29788,17803,11985,531032,193673,337359,946.1458996174181,10.804270362076569,21.56575233393513,5.338759923828592,77.92503572394301,84.82094112674568,70.63317481267327,14.187766314072405,46.41036690035452,29.972330104140937,84.80031137813091,15.199688621869095,53.58963309964548,38.617846402734564
29,584,00000,DISTRICT,Ramanagara,Total,260533,1082636,548008,534628,107841,54963,52878,203819,102612,101207,22946,11619,11327,674758,378461,296297,407878,169547,238331,531459,344349,187110,458841,312618,146223,193956,135270,58686,76408,38378,38030,13261,7483,5778,175216,131487,43729,72618,31731,40887,14174,4522,9652,26052,9009,17043,4462,1980,2482,27930,16220,11710,551177,203659,347518,975.5842980394447,9.960965643115507,18.826179805585628,2.1194565855929417,69.22050277237778,76.75993063513472,61.5043072132849,15.255623421849819,49.08935228460904,34.99816694972953,86.33610494882954,13.663895051170458,50.91064771539096,50.87203340238852
30,585,00000,DISTRICT,North Goa,Total,191766,818008,416677,401331,77705,40081,37624,17606,8712,8894,56606,27824,28782,663060,351738,311322,154948,64939,90009,327658,239125,88533,269437,202090,67347,11154,6821,4333,5243,3495,1748,6514,4790,1724,246526,186984,59542,58221,37035,21186,4248,2425,1823,8877,5124,3753,2348,1219,1129,42748,28267,14481,490350,177552,312798,963.1705133712684,9.499295850407332,2.152301688981037,6.91998122267753,89.56602904486405,93.39929261064907,85.59692279774653,7.8023698129025405,40.05559847825449,22.05984586289123,82.23116786405336,17.768832135946628,59.944401521745505,5.004303267431285
30,586,00000,DISTRICT,South Goa,Total,151845,640537,322463,318074,66906,34379,32527,7843,3915,3928,92669,45124,47545,502427,264085,238342,138110,58378,79732,249590,180411,69179,206616,154877,51739,12908,8045,4863,5515,3037,2478,4266,3161,1105,183927,140634,43293,42974,25534,17440,3044,1557,1487,7125,3160,3965,1580,647,933,31225,20170,11055,390947,142052,248895,986.3891361179423,10.445298241943869,1.2244413671653627,14.46739220372906,87.58714225695613,91.6694436344955,83.46857084823164,8.200872786263858,38.96574280642648,21.749341348239717,82.78216274690492,17.217837253095077,61.03425719357352,7.381305340758844
31,587,00000,DISTRICT,Lakshadweep,Total,11574,64473,33123,31350,7255,3797,3458,0,0,0,61120,30515,30605,52553,28023,24530,11920,5100,6820,18753,15318,3435,10804,9137,1667,0,0,0,0,0,0,97,66,31,10707,9071,1636,7949,6181,1768,0,0,0,0,0,0,167,68,99,7782,6113,1669,45720,17805,27915,946.4722398333483,11.25277247840181,0.0,94.79937338110527,91.84697123282884,95.55684375639363,87.94636454897461,7.610479207419019,29.08659438834861,10.956937799043063,57.61211539487016,42.38788460512984,70.9134056116514,0.0
32,588,00000,DISTRICT,Kasaragod,Total,273410,1307375,628613,678762,155807,79460,76347,53283,26385,26898,48857,23950,24907,1037492,516476,521016,269883,112137,157746,462998,325095,137903,372700,275680,97020,20569,16271,4298,27722,19324,8398,17951,4916,13035,306458,235169,71289,90298,49415,40883,3163,1953,1210,11052,6352,4700,6545,1134,5411,69538,39976,29562,844377,303518,540859,1079.7772238245154,11.917544698345923,4.075571278324888,3.7370303088249353,90.09385463993442,94.0495636006723,86.4878862578123,7.561677342859994,35.414322592982124,20.316841543869575,80.49710797886816,19.50289202113184,64.58567740701788,10.430066652555734
32,589,00000,DISTRICT,Kannur,Total,554298,2523003,1181446,1341557,274318,139159,135159,83350,40260,43090,41371,20141,21230,2138434,1012956,1125478,384569,168490,216079,824116,609377,214739,694209,539695,154514,30415,25055,5360,59228,37371,21857,10043,7029,3014,594523,470240,124283,129907,69682,60225,6134,3405,2729,23760,10989,12771,2832,1186,1646,97181,54102,43079,1698887,572069,1126818,1135.5212172202537,10.872678312312747,3.303602889096842,1.6397523110356984,95.09709007708949,97.18589985291959,93.29242919832427,3.893470654595319,32.66409116437832,16.00669967806064,84.23680646899223,15.763193531007772,67.33590883562168,10.877473559547441
32,590,00000,DISTRICT,Wayanad,Total,190894,817420,401684,415736,92324,46994,45330,32578,16406,16172,151443,74476,76967,645585,328136,317449,171835,73548,98287,340077,228639,111438,263445,191411,72034,46410,38861,7549,69133,44833,24300,2917,2064,853,144985,105653,39332,76632,37228,39404,6349,3471,2878,32497,15760,16737,1657,687,970,36129,17310,18819,477343,173045,304298,1034.9827227372762,11.294560935626729,3.9854664676665603,18.526950649604853,89.03441751161225,92.51346246017648,85.70298537280713,6.81047708736935,41.6037043380392,26.80499162930321,77.46627969548074,22.53372030451927,58.39629566196081,33.97554083339949
32,591,00000,DISTRICT,Kozhikode,Total,697710,3086293,1470942,1615351,335645,170429,165216,199191,97279,101912,15228,7429,7799,2615443,1266939,1348504,470850,204003,266847,948981,752333,196648,754187,637099,117088,19905,17388,2517,37555,31343,6212,9228,7396,1832,687499,580972,106527,194794,115234,79560,6638,4401,2237,26643,15925,10718,4084,2110,1974,157429,92798,64631,2137312,718609,1418703,1098.1745031415242,10.87534462865321,6.454053455067292,0.4934074632577011,95.0846127894227,97.41840335313834,92.99161802177038,4.426785331367967,30.748247169014736,12.173700947967346,79.47335088900621,20.52664911099379,69.25175283098525,6.054915746469107
32,592,00000,DISTRICT,Malappuram,Total,793999,4112920,1960328,2152592,574041,292132,281909,308266,151557,156709,22990,11272,11718,3311315,1597404,1713911,801605,362924,438681,1062424,898157,164267,852047,748431,103616,45710,42693,3017,81841,69919,11922,13450,11295,2155,711046,624524,86522,210377,149726,60651,11857,8829,3028,35564,26232,9332,4973,3392,1581,157983,111273,46710,3050496,1062171,1988325,1098.0774645875588,13.957018371376053,7.495064333855265,0.5589702692977252,93.56960212541881,95.75637395126232,91.61953147593687,4.136842475325452,25.831380138684924,7.631125638300245,80.19839536757452,19.801604632425473,74.16861986131508,12.005658757708787
32,593,00000,DISTRICT,Palakkad,Total,637220,2809934,1359478,1450456,302297,153696,148601,403833,197451,206382,48972,24314,24658,2239492,1122600,1116892,570442,236878,333564,1042340,746121,296219,875540,653482,222058,59194,47813,11381,195394,104522,90872,19975,14928,5047,600977,486219,114758,166800,92639,74161,8611,4996,3615,54555,24829,29726,5060,2727,2333,98574,60087,38487,1767594,613357,1154237,1066.9212741949484,10.758153038469944,14.37161869282339,1.7428167351973394,89.30686538761393,93.10140639020985,85.79235014652168,7.309056243688161,37.09482144420474,20.422474035751513,83.99754398756643,16.002456012433562,62.90517855579526,24.42465989984074
32,594,00000,DISTRICT,Thrissur,Total,759210,3121200,1480763,1640437,303950,155862,148088,324350,156480,167870,9430,4362,5068,2678548,1282261,1396287,442652,198502,244150,1095727,789511,306216,929506,706277,223229,34791,28697,6094,54538,35788,18750,21883,15727,6156,818294,626065,192229,166221,83234,82987,6995,3920,3075,19403,9534,9869,6000,2356,3644,133823,67424,66399,2025473,691252,1334221,1107.8322459434764,9.738241701909523,10.391836473151352,0.3021273869024734,95.07668825982785,96.78164632678215,93.5630338479806,3.218612478801546,35.1059528386518,18.66673331557384,84.83007172406995,15.169928275930044,64.8940471613482,8.152486887701043
32,595,00000,DISTRICT,Ernakulam,Total,814011,3282388,1619557,1662831,304242,155182,149060,268411,131573,136838,16559,8349,8210,2855676,1425723,1429953,426712,193834,232878,1249343,913249,336094,1061388,812754,248634,41977,36158,5819,49419,34256,15163,18619,13908,4711,951373,728432,222941,187955,100495,87460,8446,5275,3171,21972,11649,10323,5357,2262,3095,152180,81309,70871,2033045,706308,1326737,1026.7196523493772,9.268922503981857,8.17730871548397,0.5044802747268148,95.88771000481508,97.36051216389244,94.46296698774121,2.897545176151226,38.06201460643897,20.212156256408498,84.95569271208947,15.044307287910524,61.937985393561036,7.3155250399610035
32,596,00000,DISTRICT,Idukki,Total,279812,1108974,552808,556166,105641,53785,51856,145486,72399,73087,55815,27995,27820,923010,471881,451129,185964,80927,105037,516363,331710,184653,415947,287566,128381,85723,69676,16047,112391,65852,46539,4933,3509,1424,212900,148529,64371,100416,44144,56272,15194,7133,8061,33307,14214,19093,1955,738,1217,49960,22059,27901,592611,221098,371513,1006.0744417591641,9.526012332119599,13.118973032731155,5.0330305309231775,91.99438272238629,94.5609721395607,89.45470048184649,5.106271657714217,46.56222778892923,33.201058676726014,80.55321547051201,19.446784529487974,53.43777221107078,38.36719517083912
32,597,00000,DISTRICT,Kottayam,Total,487296,1974551,968289,1006262,174486,88823,85663,153909,75503,78406,21972,10974,10998,1749798,861592,888206,224753,106697,118056,735735,530322,205413,604553,463713,140840,42620,38673,3947,44783,35287,9496,13209,9353,3856,503941,380400,123541,131182,66609,64573,7371,5079,2292,18269,10511,7758,5314,2128,3186,100228,48891,51337,1238816,437967,800849,1039.2165975240864,8.836743138060248,7.794632805128862,1.1127593057864802,97.20748972953754,97.9676303575124,96.48131271052868,1.4863176469837214,37.26087601687675,20.413470845565072,82.16993890463277,17.830061095367217,62.73912398312326,11.879684940909431
32,598,00000,DISTRICT,Alappuzha,Total,535958,2127789,1013142,1114647,192046,98444,93602,201211,97183,104028,6574,3175,3399,1852797,890552,962245,274992,122590,152402,804471,536738,267733,596387,434391,161996,17805,15333,2472,39491,26826,12665,25155,13265,11890,513936,378967,134969,208084,102347,105737,7432,5346,2086,32215,16091,16124,10710,3476,7234,157727,77434,80293,1323318,476404,846914,1100.1883250324238,9.025612971962914,9.456341770730086,0.30895920601149834,95.71503035268628,97.36022162506094,94.24119407078042,3.119027554280521,37.80783714926621,24.019532641275667,74.13405828177771,25.865941718222285,62.19216285073379,7.122195828065897
32,599,00000,DISTRICT,Pathanamthitta,Total,322684,1197412,561716,635696,96837,49002,47835,164465,78942,85523,8108,3947,4161,1062553,499181,563372,134859,62535,72324,392794,281854,110940,293257,223642,69615,31590,28683,2907,35216,29909,5307,7589,5802,1787,218862,159248,59614,99537,58212,41325,9824,7814,2010,20239,14321,5918,3485,1762,1723,65989,34315,31674,804618,279862,524756,1131.703565502852,8.08719137606772,13.735038566508436,0.6771270039050886,96.54526043204689,97.36051677933507,95.83421931374933,1.526297465585742,32.80357972026337,17.451737937630565,74.65923613904489,25.340763860955107,67.19642027973663,17.007897269306557
32,600,00000,DISTRICT,Kollam,Total,669375,2635375,1246968,1388407,254260,128899,125361,328263,157801,170462,10761,5195,5566,2240273,1074345,1165928,395102,172623,222479,912025,644362,267663,695299,509909,185390,41467,37441,4026,56640,47716,8924,13851,9778,4073,583341,414974,168367,216726,134453,82273,15226,12035,3191,35553,27085,8468,7660,4364,3296,158287,90969,67318,1723350,602606,1120744,1113.426326898525,9.647962813641323,12.45602618223213,0.40832898543850493,94.08503999176855,96.08932901278902,92.31081053263301,3.778518480156009,34.60702936014798,19.27842484228328,76.23683561305884,23.763164386941146,65.39297063985201,10.757051615909653
32,601,00000,DISTRICT,Thiruvananthapuram,Total,837877,3301427,1581678,1719749,307061,156377,150684,372977,178589,194388,26759,12624,14135,2785408,1354857,1430551,516019,226821,289198,1231669,864101,367568,921282,695778,225504,26756,22804,3952,55785,46146,9639,19478,13141,6337,819263,613687,205576,310387,168323,142064,12081,7703,4378,38685,25411,13274,9109,4182,4927,250512,131027,119485,2069758,717577,1352181,1087.2940004223365,9.300856871892064,11.297448042922046,0.8105282957945156,93.0216279506246,95.05760537598725,91.17219490588344,3.885410470103807,37.30717050536026,21.373351576305613,74.79947940558705,25.200520594412946,62.692829494639746,6.701556992990812
33,602,00000,DISTRICT,Thiruvallur,Total,946949,3728104,1876062,1852042,405669,208449,197220,821646,410526,411120,47243,23692,23551,2791721,1495711,1296010,936383,380351,556032,1538054,1103563,434491,1247918,945278,302640,60436,43918,16518,173150,97402,75748,41742,24189,17553,972590,779769,192821,290136,158285,131851,13008,7490,5518,97436,46272,51164,16498,6431,10067,163194,98092,65102,2190050,772499,1417551,987.1965851874832,10.881375626860194,22.039245686279138,1.2672125026555052,84.02635416494228,89.6917330339833,78.31718456728277,11.374548466700531,41.25566239568424,23.46010511640665,81.13616296957063,18.863837030429362,58.74433760431575,15.187113066251252
33,603,00000,DISTRICT,Chennai,Total,1154982,4646732,2335844,2310888,459324,235519,223805,779667,389001,390666,10061,5207,4854,3776276,1968079,1808197,870456,367765,502691,1817297,1369302,447995,1619554,1256644,362910,10210,6732,3478,10251,6015,4236,29143,15860,13283,1569950,1228037,341913,197743,112658,85085,4244,2188,2056,3423,1830,1593,8202,2689,5513,181874,105951,75923,2829435,966542,1862893,989.3160673401135,9.884882536802209,16.778824343646246,0.2165177591477193,90.18170667869,93.70354587980432,86.63752232182429,7.0660235579800315,39.10914165051912,19.38627055919629,89.1188396833319,10.881160316668106,60.89085834948088,1.1259029206563373
33,604,00000,DISTRICT,Kancheepuram,Total,1006245,3998252,2012958,1985294,431574,220341,211233,948081,474264,473817,41210,20605,20605,3013382,1611461,1401921,984870,401497,583373,1673814,1181308,492506,1367378,1017443,349935,74761,55012,19749,162494,92427,70067,41149,25979,15170,1088974,844025,244949,306436,163865,142571,14582,8832,5750,110020,49930,60090,13583,5221,8362,168251,99882,68369,2324438,831650,1492788,986.2570406337339,10.794067007282182,23.712387313255892,1.0307004160818276,84.48707733078231,89.89432767847231,79.02326921114889,10.871058467323422,41.86364441260831,24.80771109971621,81.69235052401282,18.307649475987176,58.136355587391684,14.174514014101923
33,605,00000,DISTRICT,Vellore,Total,929281,3936331,1961688,1974643,432550,222460,210090,860212,424668,435544,72955,36663,36292,2773928,1504355,1269573,1162403,457333,705070,1689330,1123874,565456,1360185,959108,401077,153211,107994,45217,254999,140187,114812,106906,48625,58281,845069,662302,182767,329145,164766,164379,21897,12357,9540,136956,60473,76483,29509,8652,20857,140783,83284,57499,2247001,837814,1409187,1006.6040063455555,10.988659236227848,21.8531419232783,1.8533756434608777,79.16955996964423,86.49556009907843,71.94870315598342,14.546856943095008,42.9163604381847,28.635859747812642,80.51624016621975,19.483759833780255,57.0836395618153,24.16401768748557
33,606,00000,DISTRICT,Tiruvannamalai,Total,588836,2464875,1235889,1228986,272569,141205,131364,565329,282615,282714,90954,45956,44998,1626813,909803,717010,838062,326086,511976,1238177,738995,499182,970072,619210,350862,265183,177826,87357,351310,165315,185995,37020,24020,13000,316559,252049,64510,268105,119785,148320,27458,15772,11686,173753,64123,109630,9700,3580,6120,57194,36310,20884,1226698,496894,729804,994.4145469374677,11.058126679851918,22.93540240377301,3.6900045641259696,74.20556254464478,83.11101651252781,65.32394576639317,17.787070746134646,50.23285156448096,40.6173870166137,78.34679532893924,21.65320467106076,49.76714843551904,49.790377304698765
33,607,00000,DISTRICT,Viluppuram,Total,800368,3458873,1740819,1718054,404106,208246,195860,1015716,510869,504847,74859,37570,37289,2195776,1234479,961297,1263097,506340,756757,1703249,1017383,685866,1260802,806396,454406,322900,217338,105562,537581,278731,258850,23961,13609,10352,376360,296718,79642,442447,210987,231460,46746,26577,20169,294632,125524,169108,14276,5479,8797,86793,53407,33386,1755624,723436,1032188,986.9228219590894,11.68316963357718,29.36551876868564,2.1642598615213684,71.88031034772865,80.54944201679137,63.152068658791194,17.39737335800018,49.24288923010472,39.92109677577073,74.02335184109899,25.976648158901018,50.757110769895284,50.51997682077018
33,608,00000,DISTRICT,Salem,Total,915967,3482056,1781571,1700485,344960,180002,164958,580512,294062,286450,119369,60489,58880,2285562,1285107,1000455,1196494,496464,700030,1694160,1083797,610363,1561030,1022417,538613,247011,143968,103043,396158,188008,208150,132700,83877,48823,785161,606564,178597,133130,61380,71750,9993,4839,5154,58052,20815,37237,8803,2962,5841,56282,32764,23518,1787896,697774,1090122,954.4862371468777,9.906790700666503,16.67152969395093,3.428118330090039,72.85597890533155,80.24050165806156,65.15385271636383,15.086648941697732,48.654013605754756,35.89346568773026,92.14182839873448,7.858171601265523,51.34598639424524,37.96388770836285
33,609,00000,DISTRICT,Namakkal,Total,475511,1726601,869280,857321,150699,78754,71945,345392,173973,171419,57059,29383,27676,1176131,653312,522819,550470,215968,334502,898245,531463,366782,839152,505257,333895,152497,82157,70340,228614,102673,125941,35156,17783,17373,422885,302644,120241,59093,26206,32887,5976,2554,3422,25112,9206,15906,3641,1037,2604,24364,13409,10955,828356,337817,490539,986.2426375851279,8.728073249117775,20.0041584593082,3.304700970287866,74.63224236024828,82.64269612890658,66.56926109277595,16.073435036130633,52.02388971163575,42.7823417366424,93.42128261220492,6.5787173877950895,47.97611028836425,42.42840205066546
33,610,00000,DISTRICT,Erode,Total,658071,2251744,1129868,1121876,195213,99943,95270,369483,184408,185075,21880,11024,10856,1492662,828300,664362,759082,301568,457514,1195773,732083,463690,1111051,693728,417323,173376,103260,70116,331414,163364,168050,48960,23636,25324,557301,403468,153833,84722,38355,46367,4794,2197,2597,38798,16361,22437,5362,1382,3980,35768,18415,17353,1055971,397785,658186,992.9266073559036,8.669413574544887,16.408748063723053,0.9716912757400485,72.58154630297331,80.42333179600456,64.71440844881093,15.708923347193632,53.104304929867695,41.33166232275225,92.91487598398692,7.085124016013072,46.895695070132305,42.214534029452075
33,611,00000,DISTRICT,The Nilgiris,Total,197653,735394,360143,375251,66799,33648,33151,235878,115917,119961,32813,16091,16722,569647,299447,270200,165747,60696,105051,349974,212172,137802,318924,195322,123602,14592,9376,5216,71738,37400,34338,3019,1427,1592,229575,147119,82456,31050,16850,14200,1053,547,506,7362,3712,3650,876,271,605,21759,12320,9439,385420,147971,237449,1041.9500031931761,9.083430106854284,32.07505092508234,4.461961887097257,85.20060724354803,91.71564648769507,78.98275358082432,12.732892906870745,47.58999937448497,36.72262032612838,91.12791235920382,8.872087640796174,52.41000062551503,24.667546732042954
33,612,00000,DISTRICT,Dindigul,Total,560773,2159775,1080938,1078837,216576,111955,104621,452376,225573,226803,8064,4095,3969,1481834,816180,665654,677941,264758,413183,1105155,665469,439686,963017,599831,363186,155332,94077,61255,388725,197183,191542,25253,13405,11848,393707,295166,98541,142138,65638,76500,10073,4887,5186,79234,33314,45920,5576,1970,3606,47255,25467,21788,1054620,415469,639151,998.0563177536546,10.027711219918741,20.94551515782894,0.3733722262735702,76.25744970021083,84.23057989665453,68.32714716243625,15.903432734218285,51.16991353265965,40.7555543608534,87.13863666182571,12.861363338174284,48.83008646734035,49.2290221733603
33,613,00000,DISTRICT,Karur,Total,287095,1064493,528184,536309,102731,52969,49762,221385,108809,112576,575,297,278,727044,401726,325318,337449,126458,210991,543298,329034,214264,508507,313811,194696,83800,51777,32023,182639,86199,96440,10162,5155,5007,231906,170680,61226,34791,15223,19568,2072,1117,955,18198,6365,11833,1178,350,828,13343,7391,5952,521195,199150,322045,1015.3828968692728,9.650697562125819,20.797224594243456,0.05401632514257962,75.59500167401083,84.53563124059636,66.86260525704608,17.673025983550275,51.03819376924038,39.95159506926044,93.59633203140818,6.403667968591822,48.96180623075962,49.04104193278827
33,614,00000,DISTRICT,Tiruchirappalli,Total,698404,2722290,1352284,1370006,272456,139946,132510,466561,230790,235771,18198,9414,8784,2038981,1087765,951216,683309,264519,418790,1213979,789206,424773,1082329,724111,358218,161657,100046,61611,319720,154780,164940,25174,12632,12542,575778,456653,119125,131650,65095,66555,9012,4849,4163,59062,22809,36253,5212,1709,3503,58364,35728,22636,1508311,563078,945233,1013.1052352908116,10.008338567896882,17.138548795315707,0.6684813153631685,83.2293534990534,89.72456526150297,76.86618785030416,12.858377411198816,44.594036638271454,31.00519267798827,89.15549610001491,10.84450389998509,55.40596336172855,39.65282760245441
33,615,00000,DISTRICT,Perambalur,Total,149243,565223,282157,283066,59567,31135,28432,175289,87444,87845,2584,1292,1292,375823,208011,167812,189400,74146,115254,299726,162639,137087,255097,142768,112329,107542,59907,47635,91135,40873,50262,4365,2587,1778,52055,39401,12654,44629,19871,24758,9762,4981,4781,27143,10062,17081,978,397,581,6746,4431,2315,265497,119518,145979,1003.2216106635667,10.538672347020556,31.012361492720576,0.45716469428880285,74.32384862436122,82.86564524224968,65.90321795204098,16.96242729020871,53.02791995371739,48.42934156698438,85.1100671947045,14.889932805295503,46.97208004628261,66.2862080700373
33,616,00000,DISTRICT,Ariyalur,Total,197090,754894,374703,380191,81187,42808,38379,176230,88076,88154,10722,5274,5448,480604,269582,211022,274290,105121,169169,359851,212547,147304,272241,173193,99048,94912,63868,31044,106252,56334,49918,10756,6437,4319,60321,46554,13767,87610,39354,48256,12400,6675,5725,60585,24046,36539,2808,1140,1668,11817,7493,4324,395043,162156,232887,1014.6462665097424,10.754754972221265,23.344999430383602,1.4203318611619644,71.33724304482513,81.22508624715647,61.73627608158871,19.488810165567756,47.66907671805578,38.744736198384494,75.6538122723016,24.34618772769841,52.33092328194422,55.90202611636484
33,617,00000,DISTRICT,Cuddalore,Total,635578,2605914,1311697,1294217,279950,147644,132306,763944,383943,380001,15702,7943,7759,1815281,1000322,814959,790633,311375,479258,1169880,749633,420247,837271,586068,251203,136035,98806,37229,325599,184740,140859,19151,10469,8682,356486,292053,64433,332609,163565,169044,29135,17221,11914,213813,94513,119300,12876,4285,8591,76785,47546,29239,1436034,562064,873970,986.6737516362391,10.742871790857258,29.315779415590843,0.6025525017325974,78.04424316111513,85.93440333043254,70.13953736559857,15.794865964833974,44.89326969347415,32.471138920289256,71.56896433822273,28.431035661777276,55.106730306525854,39.459944609703555
33,618,00000,DISTRICT,Nagapattinam,Total,413837,1616450,798127,818323,165245,84335,80910,509767,252332,257435,3756,1847,1909,1213008,640916,572092,403442,157211,246231,671994,461174,210820,486328,357531,128797,54329,46216,8113,216353,132538,83815,7925,4918,3007,207721,173859,33862,185666,103643,82023,13153,9420,3733,128704,64557,64147,3630,1663,1967,40179,28003,12176,944456,336953,607503,1025.3042435602354,10.222710260137957,31.536205883262706,0.2323610380772681,83.58626107269475,89.79030305747332,77.58094853223363,12.20935452523969,41.572210708651674,25.762443436149297,72.37088426384759,27.629115736152404,58.42778929134832,40.28041917040926
33,619,00000,DISTRICT,Thiruvarur,Total,327219,1264277,626693,637584,121973,62280,59693,430927,214717,216210,3034,1466,1568,946471,503085,443386,317806,123608,194198,540168,369853,170315,412425,301528,110897,60508,51146,9362,200126,124308,75818,7264,4517,2747,144527,121557,22970,127743,68325,59418,9375,6216,3159,95062,46977,48085,3176,1263,1913,20130,13869,6261,724109,256840,467269,1017.378525051341,9.64764841881961,34.084856404094985,0.2399790552228665,82.85631495643891,89.1341978303122,76.72484949583918,12.409348334473023,42.7254470341547,26.71255865893749,76.35124627893545,23.64875372106456,57.2745529658453,48.25054427511441
33,620,00000,DISTRICT,Thanjavur,Total,605363,2405890,1182416,1223474,238598,121949,116649,455062,225859,229203,3561,1739,1822,1790998,944264,846734,614892,238152,376740,974079,680483,293596,834484,604754,229730,117321,94502,22819,327673,197630,130043,26430,16413,10017,363060,296209,66851,139595,75729,63866,12592,7884,4708,87688,42779,44909,4770,1759,3011,34545,23307,11238,1431811,501933,929878,1034.7238197047402,9.917244761813715,18.914497337783523,0.14801175448586595,82.63759567238748,89.04228042928257,76.50116323718746,12.541117192095115,40.48726250992356,23.996913706380358,85.66902684484523,14.330973155154766,59.51273749007644,45.68356365346137
33,621,00000,DISTRICT,Pudukkottai,Total,387679,1618345,803188,815157,179688,91696,87992,284804,141428,143376,1283,647,636,1110545,608776,501769,507800,194412,313388,761693,471099,290594,640248,416281,223967,192462,125267,67195,234344,121750,112594,10170,6026,4144,203272,163238,40034,121445,54818,66627,16808,8797,8011,70805,27714,43091,3771,1234,2537,30061,17073,12988,856652,332089,524563,1014.9018660637361,11.10319493062357,17.59847251358641,0.07927852219396977,77.19317391150219,85.56329516002991,69.00345863731066,16.55983652271925,47.066169450889646,35.64883819926713,84.05591229012214,15.944087709877863,52.93383054911036,56.03386141135602
33,622,00000,DISTRICT,Sivaganga,Total,338938,1339101,668672,670429,137235,70022,67213,227746,113599,114147,790,394,396,959744,526304,433440,379357,142368,236989,620171,391305,228866,461102,312099,149003,117030,74854,42176,122166,65134,57032,9864,5507,4357,212042,166604,45438,159069,79206,79863,23973,13553,10420,77397,34951,42446,4792,1619,3173,52907,29083,23824,718930,277367,441563,1002.6275961906586,10.248293444631884,17.00738032456103,0.05899480322992814,79.85449293016028,87.91514240374175,71.85485796132728,16.06028444241447,46.31248875178198,34.13724644966133,74.35078389669945,25.649216103300542,53.68751124821802,38.56936232103727
33,623,00000,DISTRICT,Madurai,Total,794887,3038252,1526475,1511777,313978,162517,151461,408976,205098,203878,11096,5622,5474,2273430,1223810,1049620,764822,302665,462157,1354632,902704,451928,1173902,814086,359816,81352,51843,29509,287731,146129,141602,39753,18772,20981,765066,597342,167724,180730,88618,92112,11367,5917,5450,85097,36476,48621,7540,2412,5128,76726,43813,32913,1683620,623771,1059849,990.3712802371477,10.334165829562526,13.460897911035689,0.3652099957475548,83.45085699896559,89.72490355274869,77.16001282055052,12.564890732198165,44.58590005042373,29.893826933469686,86.65836921023569,13.341630789764306,55.41409994957627,27.245997436942282
33,624,00000,DISTRICT,Theni,Total,338112,1245899,625683,620216,119661,61873,57788,258200,129900,128300,1835,954,881,870080,479403,390677,375819,146280,229539,591642,368900,222742,530591,338041,192550,36371,25309,11062,275585,147593,127992,12714,6751,5963,205921,158388,47533,61051,30859,30192,1996,1106,890,39576,18529,21047,2225,893,1332,17254,10331,6923,654257,256783,397474,991.2623485055532,9.604390082984255,20.723991270560454,0.14728320674468798,77.25542913664785,85.02917649562795,69.46258009914158,15.566596396486375,47.4871558609486,35.91361719143008,89.68109092998807,10.318909070011934,52.512844139051396,52.72715594903675
33,625,00000,DISTRICT,Virudhunagar,Total,537748,1942288,967709,974579,197134,100827,96307,399831,198704,201127,2294,1182,1112,1398788,760375,638413,543500,207334,336166,950158,579111,371047,854066,535451,318615,52361,32466,19895,168174,81946,86228,30292,11857,18435,603239,409182,194057,96092,43660,52432,4792,2438,2354,40528,15733,24795,5006,1193,3813,45766,24296,21470,992130,388598,603532,1007.0992416108562,10.149576169960376,20.585567124957784,0.11810812814577448,80.1526971258697,87.71378342150373,72.68966789331779,15.024115528185945,48.919521718715245,38.07254209253432,89.88673462729356,10.113265372706435,51.080478281284755,23.210350278585246
33,626,00000,DISTRICT,Ramanathapuram,Total,323905,1353445,682658,670787,140644,71705,68939,249008,125015,123993,1105,559,546,978946,536487,442459,374499,146171,228328,602977,392751,210226,486150,333342,152808,149959,90038,59921,103592,56539,47053,18546,9528,9018,214053,177237,36816,116827,59409,57418,23808,12597,11211,50282,21642,28640,6682,1886,4796,36055,23284,12771,750468,289907,460561,982.610619080125,10.391556361728775,18.398087842505607,0.08164350971040567,80.71777645302075,87.81150104836215,73.5167351224894,14.294765925872753,44.551274710091654,31.340201882266648,80.62496579471522,19.375034205284777,55.44872528990834,42.049862598407564
33,627,00000,DISTRICT,Thoothukkudi,Total,462010,1750176,865021,885155,183763,93605,90158,347895,172663,175232,4911,2466,2445,1349697,703106,646591,400479,161915,238564,748095,503727,244368,657447,459993,197454,44633,31404,13229,161418,85704,75714,17872,7566,10306,433524,335319,98205,90648,43734,46914,3882,2069,1813,39226,16115,23111,4991,1156,3835,42549,24394,18155,1002081,361294,640787,1023.2757355023751,10.499686888632914,19.87771515550436,0.28060035105040865,86.16482370868985,91.14485569394463,81.33250817298682,9.812347520957815,42.7439868904613,27.607368201049532,87.88282236881679,12.117177631183205,57.25601310953869,27.543426971173446
33,628,00000,DISTRICT,Tirunelveli,Total,815528,3077233,1520912,1556321,321687,164157,157530,569714,279570,290144,10270,5109,5161,2273457,1210710,1062747,803776,310202,493574,1436454,876175,560279,1271407,791067,480340,107943,82180,25763,321083,193899,127184,215667,25943,189724,626714,489045,137669,165047,85108,79939,7772,4962,2810,58680,30717,27963,23997,3589,20408,74598,45840,28758,1640779,644737,996042,1023.2814258813132,10.4537745435591,18.513840193446516,0.33374138389910674,82.50477400849051,89.23571315381186,75.9761107985396,13.259602355272264,46.6800531516463,36.00022103409258,88.51010892099573,11.48989107900427,53.319946848353695,29.86701975837723
33,629,00000,DISTRICT,Kanniyakumari,Total,483539,1870374,926345,944029,182350,92835,89515,74249,36817,37432,7282,3554,3728,1548738,780541,768197,321636,145804,175832,679620,524629,154991,552658,446895,105763,12229,10619,1610,51350,44394,6956,21078,8626,12452,468001,383256,84745,126962,77734,49228,3381,2429,952,21517,17001,4516,14711,3752,10959,87353,54552,32801,1190754,401716,789038,1019.090079829869,9.749387020991524,3.9697408111960493,0.3893338979262971,91.74857703444975,93.6450672457439,89.89870265437429,3.7463645913696126,36.33604829836172,16.418033768030433,81.3186780848121,18.681321915187898,63.663951701638275,9.355080780436126
33,630,00000,DISTRICT,Dharmapuri,Total,375873,1506843,774303,732540,167940,87777,80163,245392,124706,120686,63044,32130,30914,917709,527599,390110,589134,246704,342430,751170,446057,305113,652996,400551,252445,191080,110977,80103,217062,103784,113278,11308,5373,5935,233546,180417,53129,98174,45506,52668,10248,4962,5286,50283,19241,31042,4033,1148,2885,33610,20155,13455,755673,328246,427427,946.0637502373102,11.14515579924385,16.28517370422798,4.183846625029947,68.54185852149111,76.85054899595937,59.79824549302014,17.052303502939232,49.85058164652854,41.65137739918639,86.930521719451,13.06947828054901,50.14941835347146,54.33417202497437
33,631,00000,DISTRICT,Krishnagiri,Total,448053,1879809,960232,919577,217323,112832,104491,267386,135474,131912,22388,11419,10969,1187958,667062,520896,691851,293170,398681,877779,561634,316145,742001,494409,247592,218600,140846,77754,197369,102113,95256,15237,7046,8191,310795,244404,66391,135778,67225,68553,17438,9982,7456,65959,28313,37646,6681,2241,4440,45700,26689,19011,1002030,398598,603432,957.6612735255646,11.560908581669734,14.224104682975772,1.1909720615232717,71.45672204156908,78.71866886948312,63.90687608424142,14.811792785241707,46.695116365545644,34.37939400398227,84.53164179138484,15.468358208615152,53.30488363445435,47.388807433306106
33,632,00000,DISTRICT,Coimbatore,Total,958035,3458045,1729297,1728748,319332,163230,156102,535911,266960,268951,28342,14245,14097,2635907,1394790,1241117,822138,334507,487631,1567950,1083125,484825,1443252,1022328,420924,75411,49412,25999,201351,105640,95711,44582,25854,18728,1121908,841422,280486,124698,60797,63901,4806,2267,2539,28675,11807,16868,5503,1794,3709,85714,44929,40785,1890095,646172,1243923,999.682529952923,9.234466295262207,15.497513768617818,0.819596043429163,83.98050411107992,89.06323931223888,78.91903200084444,10.144207311394439,45.342093581778144,28.044862524786723,92.04706782741796,7.952932172582034,54.657906418221856,17.65120061226442
33,633,00000,DISTRICT,Tiruppur,Total,712210,2479052,1246159,1232893,241351,123612,117739,395876,196907,198969,5458,2740,2718,1760566,959623,800943,718486,286536,431950,1266137,819783,446354,1168596,772253,396343,130331,79024,51307,216945,107791,109154,36139,20250,15889,785181,565188,219993,97541,47530,50011,5486,2632,2854,29388,12277,17111,4849,1338,3511,57818,31283,26535,1212915,426376,786539,989.3544884721773,9.735616679279016,15.968846155707908,0.22016480493349874,78.67744618248818,85.48622017608172,71.82353289321475,13.662687282866969,51.073434522551366,36.203790596588675,92.29617332089656,7.703826679103447,48.926565477448634,27.427995548664956
34,634,00000,DISTRICT,Yanam,Total,13812,55626,27301,28325,6204,3230,2974,8427,4100,4327,0,0,0,39274,19919,19355,16352,7382,8970,16760,14047,2713,15373,13233,2140,283,277,6,2956,2501,455,118,88,30,12016,10367,1649,1387,814,573,8,4,4,368,167,201,28,10,18,983,633,350,38866,13254,25612,1037.5077835976706,11.1530579225542,15.149390572753749,0.0,79.46663429242038,82.75102820821736,76.34807305431738,6.402955153899981,30.12979541940819,9.57811120917917,91.72434367541766,8.27565632458234,69.8702045805918,19.32577565632458
34,635,00000,DISTRICT,Puducherry,Total,231513,950289,468258,482031,99838,50688,49150,152406,74129,78277,0,0,0,726649,380946,345703,223640,87312,136328,348105,256652,91453,315570,237953,77617,8405,7137,1268,38854,24377,14477,5203,2931,2272,263108,203508,59600,32535,18699,13836,988,606,382,13054,6670,6384,1147,434,713,17346,10989,6357,602184,211606,390578,1029.41327217047,10.506067101692222,16.03785795689522,0.0,85.44278271176117,91.22925497521373,79.8609779593006,11.368277015913137,36.63148789473518,18.97243123367584,90.65368207868315,9.346317921316844,63.36851210526482,13.576076183910027
34,636,00000,DISTRICT,Mahe,Total,7420,41816,19143,22673,4553,2302,2251,144,77,67,0,0,0,36470,16610,19860,5346,2533,2813,11802,9093,2709,10404,8295,2109,23,16,7,57,47,10,60,51,9,10264,8181,2083,1398,798,600,20,9,11,25,13,12,9,5,4,1344,771,573,30014,10050,19964,1184.4016089432168,10.888176774440407,0.34436579299789555,0.0,97.87188363792502,98.62834748530372,97.24806581137987,1.3802816739238466,28.223646451119187,11.948132139549243,88.15455007625826,11.845449923741738,71.7763535488808,0.6778512116590408
34,637,00000,DISTRICT,Karaikal,Total,49705,200222,97809,102413,22263,11307,10956,35348,17206,18142,0,0,0,154916,79903,75013,45306,17906,27400,68301,53139,15162,58342,46928,11414,2052,1757,295,8740,6485,2255,992,450,542,46558,38236,8322,9959,6211,3748,320,227,93,4337,2534,1803,335,78,257,4967,3372,1595,131921,44670,87251,1047.071332903925,11.119157734914245,17.65440361199069,0.0,87.05151186509252,92.37127465260919,82.01996566692544,10.351308985683744,34.11263497517755,14.80476111431166,85.41895433448998,14.581045665510024,65.88736502482244,15.800647135473858
35,638,00000,DISTRICT,Nicobars,Total,9288,36842,20727,16115,4389,2256,2133,0,0,0,23681,12198,11483,25332,15397,9935,11510,5330,6180,17125,12714,4411,9651,7948,1703,192,149,43,103,94,9,519,313,206,8837,7392,1445,7474,4766,2708,130,81,49,139,89,50,2041,1121,920,5164,3475,1689,19717,8013,11704,777.4883002846528,11.913034037240108,0.0,64.27718364909613,78.05749853634487,83.3576958475448,71.05564296953226,12.302052878012546,46.48227566364475,27.37201365187713,56.356204379562044,43.643795620437956,53.51772433635524,1.7226277372262775
35,639,00000,DISTRICT,North  & Middle Andaman,Total,26199,105597,54861,50736,11828,5991,5837,0,0,0,758,415,343,78683,43186,35497,26914,11675,15239,38579,30612,7967,31038,25899,5139,8367,7363,1004,873,782,91,183,140,43,21615,17614,4001,7541,4713,2828,2360,1155,1205,1042,632,410,77,53,24,4062,2873,1189,67018,24249,42769,924.8099742986822,11.20107578813792,0.0,0.7178234230139113,83.91152726380787,88.36914262328627,79.05966725316821,9.30947537011805,36.53418184228719,15.702853989277829,80.45309624407061,19.546903755929392,63.46581815771282,23.95085409160424
35,640,00000,DISTRICT,South Andaman,Total,59064,238142,127283,110859,24661,12523,12138,0,0,0,4091,2118,1973,190266,105794,84472,47876,21489,26387,96831,77563,19268,85221,69772,15449,4438,3304,1134,1704,1464,240,688,516,172,78391,64488,13903,11610,7791,3819,1080,611,469,920,683,237,219,119,100,9391,6378,3013,141311,49720,91591,870.9647007063002,10.35558616287761,0.0,1.7178826078558171,89.12549594577503,92.18717323109097,85.56639418158244,6.620779049508528,40.66103417288844,17.380636664591957,88.01003810763082,11.989961892369179,59.33896582711156,6.343009986471275
